model,dataset,task,task_type,seed,n_trials,metric,device,selected,config,config_id,config_tag,val_score,test_score,fit_time_tuning,predict_time_tuning,fit_time_refit,predict_time_refit,error,val_average_precision,val_accuracy,val_f1,val_roc_auc,test_average_precision,test_accuracy,test_f1,test_roc_auc,val_r2,val_mae,val_rmse,test_r2,test_mae,test_rmse,kind,time_total
constant-global,rel-amazon,item-churn,BINARY_CLASSIFICATION,0,0,roc_auc,cpu,True,{},bf21a9e8,default,0.5,0.5,0.062216817000006586,0.00280752099999404,0.05121985499999937,0.003001845000000003,,0.41219208842415683,0.5878079115758432,0.0,0.5,0.3694932930557054,0.6305067069442946,0.0,0.5,,,,,,
constant-global,rel-amazon,item-ltv,REGRESSION,0,0,mae,cpu,True,{},bf21a9e8,default,59.4714964246787,64.23361282761559,0.041006704000011496,0.0005273630000033336,0.03784464199998183,0.0005951090000166914,,,,,,,,,,-0.01288853285998548,59.4714964246787,454.9198738732304,-0.007156998952209781,64.23361282761559,666.9863192392224
constant-global,rel-amazon,user-churn,BINARY_CLASSIFICATION,0,0,roc_auc,cpu,True,{},bf21a9e8,default,0.5,0.5,0.09934653599998455,0.004684490999977697,0.09891363900001693,0.004503112999998393,,0.6420281508667812,0.6420281508667812,0.7819940852145224,0.5,0.6064481293604445,0.6064481293604445,0.7550173806133189,0.5,,,,,,
constant-global,rel-amazon,user-ltv,REGRESSION,0,0,mae,cpu,True,{},bf21a9e8,default,14.1407152409027,16.78297941088708,0.033833395999977256,0.0010461159999977099,0.03045042900001249,0.0009903860000122222,,,,,,,,,,-0.08354221548121465,14.1407152409027,50.92620345868564,-0.09163441838452568,16.78297941088708,57.92664264129245
constant-global,rel-avito,ad-ctr,REGRESSION,0,0,mae,cpu,True,{},bf21a9e8,default,0.03986430192629505,0.04306655544415682,0.008269511000008833,7.117500000219934e-05,0.0006748879999918245,6.462700000042787e-05,,,,,,,,,,-0.09488492699862627,0.03986430192629505,0.10380083767535829,-0.09796910095474609,0.04306655544415682,0.11500362677205958
constant-global,rel-avito,user-clicks,BINARY_CLASSIFICATION,0,0,roc_auc,cpu,True,{},bf21a9e8,default,0.5,0.5,0.00707299300000841,0.00036336499999833904,0.0020628190000024915,0.000676294000001576,,0.03516971156115753,0.9648302884388424,0.0,0.5,0.015417951495957996,0.984582048504042,0.0,0.5,,,,,,
constant-global,rel-avito,user-visits,BINARY_CLASSIFICATION,0,0,roc_auc,cpu,True,{},bf21a9e8,default,0.5,0.5,0.009027686999999673,0.0005274530000036748,0.0028360109999994165,0.0005022550000006731,,0.9034991160479002,0.9034991160479002,0.949303425917813,0.5,0.8505909380276232,0.8505909380276232,0.9192641340113671,0.5,,,,,,
constant-global,rel-event,user-attendance,REGRESSION,0,0,mae,cpu,True,{},bf21a9e8,default,0.2575216726160122,0.2635342185903984,0.007937111000003938,7.334999999386582e-05,0.0007546759999996766,7.06490000084159e-05,,,,,,,,,,-0.24219772413439422,0.2575216726160122,0.5832088694589651,-0.16829320091827538,0.2635342185903984,0.694351940269542
constant-global,rel-event,user-ignore,BINARY_CLASSIFICATION,0,0,roc_auc,cpu,True,{},bf21a9e8,default,0.5,0.5,0.012096487000007983,0.00011492300001236799,0.001261905000006891,0.00012082799999291183,,0.10912799592044875,0.8908720040795512,0.0,0.5,0.1302349336057201,0.8697650663942799,0.0,0.5,,,,,,
constant-global,rel-event,user-repeat,BINARY_CLASSIFICATION,0,0,roc_auc,cpu,True,{},bf21a9e8,default,0.5,0.5,0.01083092000000363,8.92529999987346e-05,0.0005018469999953368,8.853199999236949e-05,,0.4790874524714829,0.5209125475285171,0.0,0.5,0.44715447154471544,0.5528455284552846,0.0,0.5,,,,,,
constant-global,rel-f1,driver-dnf,BINARY_CLASSIFICATION,0,0,roc_auc,cpu,True,{},bf21a9e8,default,0.5,0.5,0.014476174000009223,0.00010524700000758003,0.0005883889999864778,6.237899999916863e-05,,0.7791519434628975,0.7791519434628975,0.8758689175769613,0.5,0.7051282051282052,0.7051282051282052,0.8270676691729323,0.5,,,,,,
constant-global,rel-f1,driver-position,REGRESSION,0,0,mae,cpu,True,{},bf21a9e8,default,4.135571142284569,4.399100877192982,0.007580964999988282,6.660399999702804e-05,0.0005050740000029919,4.840799999783485e-05,,,,,,,,,,-0.23556785668340163,4.135571142284569,5.153278222818213,-0.0424719421406794,4.399100877192982,5.319882538110992
constant-global,rel-f1,driver-top3,BINARY_CLASSIFICATION,0,0,roc_auc,cpu,True,{},bf21a9e8,default,0.5,0.5,0.010360482999999476,8.52970000124742e-05,0.0003546800000009398,6.223799999816038e-05,,0.20238095238095238,0.7976190476190477,0.0,0.5,0.1763085399449036,0.8236914600550964,0.0,0.5,,,,,,
constant-global,rel-hm,item-sales,REGRESSION,0,0,mae,cpu,True,{},bf21a9e8,default,0.08569022180582607,0.07608704511241236,0.03595042300000273,0.00039824299999224877,0.0248764709999989,0.0004024310000119158,,,,,,,,,,-0.016740378289115343,0.08569022180582607,0.6678111543867765,-0.017049827178166055,0.07608704511241236,0.5876541979252354
constant-global,rel-hm,user-churn,BINARY_CLASSIFICATION,0,0,roc_auc,cpu,True,{},bf21a9e8,default,0.5,0.5,0.07897408599998812,0.001115620999996736,0.06951360399999373,0.0010125539999989996,,0.8128036992528346,0.8128036992528346,0.8967365849792118,0.5,0.8261347636607442,0.8261347636607442,0.9047905774540328,0.5,,,,,,
constant-global,rel-stack,post-votes,REGRESSION,0,0,mae,cpu,True,{},bf21a9e8,default,0.06169022379269729,0.0679042653026979,0.02458770200000515,0.00047890200001177163,0.01717383999999811,0.0005272150000052989,,,,,,,,,,-0.028403952768761398,0.06169022379269729,0.37120073154604993,-0.03384977472881445,0.0679042653026979,0.3752734864300262
constant-global,rel-stack,user-badge,BINARY_CLASSIFICATION,0,0,roc_auc,cpu,True,{},bf21a9e8,default,0.5,0.5,0.0772302560000071,0.0032115979999929323,0.18921094300000618,0.003977926000004572,,0.029511152070752392,0.9704888479292476,0.0,0.5,0.02637453007518797,0.973625469924812,0.0,0.5,,,,,,
constant-global,rel-stack,user-engagement,BINARY_CLASSIFICATION,0,0,roc_auc,cpu,True,{},bf21a9e8,default,0.5,0.5,0.03367145100000357,0.0011064529999913475,0.07040255100000081,0.0010619099999900072,,0.028033789688319256,0.9719662103116807,0.0,0.5,0.027355140292953016,0.972644859707047,0.0,0.5,,,,,,
constant-global,rel-trial,site-success,REGRESSION,0,0,mae,cpu,True,{},bf21a9e8,default,0.4749371681853262,0.46222197509331003,0.008142358000000627,0.00013306700000725868,0.0026501130000013973,0.00012629399999752877,,,,,,,,,,-0.9884911295891567,0.4749371681853262,0.6736147669976768,-0.9225994631669874,0.46222197509331003,0.667249717458477
constant-global,rel-trial,study-adverse,REGRESSION,0,0,mae,cpu,True,{},bf21a9e8,default,56.78587319243604,57.53324725629438,0.008468931000010116,0.00010258899999371351,0.0011839299999962805,7.913899999323348e-05,,,,,,,,,,-0.019834562129631195,56.78587319243604,394.97546001691404,-0.05017700756277188,57.53324725629438,255.87381770606345
constant-global,rel-trial,study-outcome,BINARY_CLASSIFICATION,0,0,roc_auc,cpu,True,{},bf21a9e8,default,0.5,0.5,0.011082665000003544,0.00011325799999895025,0.0005967700000013565,8.19050000018251e-05,,0.584375,0.584375,0.73767258382643,0.5,0.5854545454545454,0.5854545454545454,0.7385321100917431,0.5,,,,,,
lightgbm,rel-amazon,item-churn,BINARY_CLASSIFICATION,0,30,roc_auc,cpu,False,{},bf21a9e8,default,0.6410975090218787,0.6422263385491982,24.978021146000003,1.7270194330000095,20.61795597199989,1.6696729459999915,,0.5213341599298406,0.5931036811507747,0.04607285633237898,0.6410975090218787,0.47891616957625055,0.6354754797952554,0.058340816895302385,0.6422263385491982,,,,,,
lightgbm,rel-amazon,item-churn,BINARY_CLASSIFICATION,0,30,roc_auc,cpu,False,"{""bagging_fraction"": 0.8646440511782, ""bagging_freq"": 1, ""cat_l2"": 0.2396763788772, ""cat_smooth"": 9.0912832806515, ""extra_trees"": true, ""feature_fraction"": 0.9742930953718, ""lambda_l1"": 0.5205254318032, ""lambda_l2"": 1.5172553870823, ""learning_rate"": 0.0095655183906, ""max_cat_to_onehot"": 21, ""min_data_in_leaf"": 1, ""min_data_per_group"": 38, ""n_estimators"": 885, ""num_leaves"": 13}",9ddece77,r1,0.6115298527934792,,72.003513091,6.337337751000007,,,,0.49813924511903646,0.5886126884613003,0.006469588854909955,0.6115298527934792,,,,,,,,,,
lightgbm,rel-amazon,item-churn,BINARY_CLASSIFICATION,0,30,roc_auc,cpu,False,"{""bagging_fraction"": 0.7040714906836, ""bagging_freq"": 1, ""cat_l2"": 0.1059359109832, ""cat_smooth"": 79.0557829290776, ""extra_trees"": true, ""feature_fraction"": 0.7399608725239, ""lambda_l1"": 0.9293032679565, ""lambda_l2"": 0.5788832452851, ""learning_rate"": 0.0050708289337, ""max_cat_to_onehot"": 15, ""min_data_in_leaf"": 53, ""min_data_per_group"": 48, ""n_estimators"": 398, ""num_leaves"": 14}",85d4ebc9,r10,0.5832461221443835,,24.85808122100002,1.912378057000069,,,,0.4766316579257773,0.5879260955939872,0.0007096747778854421,0.5832461221443835,,,,,,,,,,
lightgbm,rel-amazon,item-churn,BINARY_CLASSIFICATION,0,30,roc_auc,cpu,False,"{""bagging_fraction"": 0.8819179642384, ""bagging_freq"": 1, ""cat_l2"": 0.2028071332361, ""cat_smooth"": 0.9002514016925, ""extra_trees"": true, ""feature_fraction"": 0.9904253448185, ""lambda_l1"": 0.3523764300344, ""lambda_l2"": 1.0166800656129, ""learning_rate"": 0.0076046378471, ""max_cat_to_onehot"": 9, ""min_data_in_leaf"": 51, ""min_data_per_group"": 4, ""n_estimators"": 309, ""num_leaves"": 50}",eb5d77d2,r11,0.6098880469892614,,63.91738721399997,3.19963665399996,,,,0.49653613050703144,0.5879767458874776,0.0013095432967752496,0.6098880469892614,,,,,,,,,,
lightgbm,rel-amazon,item-churn,BINARY_CLASSIFICATION,0,30,roc_auc,cpu,False,"{""bagging_fraction"": 0.7057579594928, ""bagging_freq"": 1, ""cat_l2"": 0.0652607238611, ""cat_smooth"": 0.7440913299852, ""extra_trees"": true, ""feature_fraction"": 0.5562045565524, ""lambda_l1"": 0.4693022490728, ""lambda_l2"": 0.3337783413457, ""learning_rate"": 0.005523232486, ""max_cat_to_onehot"": 20, ""min_data_in_leaf"": 22, ""min_data_per_group"": 3, ""n_estimators"": 298, ""num_leaves"": 194}",97b0d170,r12,0.6294171436961804,,119.43829519099995,11.79225514399991,,,,0.5120580559671306,0.5881793470614388,0.0030246055750837897,0.6294171436961804,,,,,,,,,,
lightgbm,rel-amazon,item-churn,BINARY_CLASSIFICATION,0,30,roc_auc,cpu,False,"{""bagging_fraction"": 0.7904724450024, ""bagging_freq"": 1, ""cat_l2"": 0.0112585288934, ""cat_smooth"": 1.8450328342775, ""extra_trees"": false, ""feature_fraction"": 0.7222135128255, ""lambda_l1"": 0.8411560157726, ""lambda_l2"": 1.5581241341161, ""learning_rate"": 0.0949138303247, ""max_cat_to_onehot"": 8, ""min_data_in_leaf"": 4, ""min_data_per_group"": 12, ""n_estimators"": 523, ""num_leaves"": 6}",b0f88568,r13,0.6283077870978622,,31.79638451800008,2.047629845000074,,,,0.5091122747755059,0.5928785687352621,0.04284258854972942,0.6283077870978622,,,,,,,,,,
lightgbm,rel-amazon,item-churn,BINARY_CLASSIFICATION,0,30,roc_auc,cpu,False,"{""bagging_fraction"": 0.8980520612478, ""bagging_freq"": 1, ""cat_l2"": 0.0298619738506, ""cat_smooth"": 1.8218656600978, ""extra_trees"": false, ""feature_fraction"": 0.6687557031224, ""lambda_l1"": 0.9046572794351, ""lambda_l2"": 1.7298800978754, ""learning_rate"": 0.0152979229147, ""max_cat_to_onehot"": 14, ""min_data_in_leaf"": 7, ""min_data_per_group"": 61, ""n_estimators"": 223, ""num_leaves"": 45}",c9bdab03,r14,0.6241797776617047,,43.38352458099996,3.297714295999981,,,,0.5036663471482217,0.5891923529312451,0.009794080143248595,0.6241797776617047,,,,,,,,,,
lightgbm,rel-amazon,item-churn,BINARY_CLASSIFICATION,0,30,roc_auc,cpu,False,"{""bagging_fraction"": 0.7870232821631, ""bagging_freq"": 1, ""cat_l2"": 0.1520732736224, ""cat_smooth"": 0.143579414226, ""extra_trees"": false, ""feature_fraction"": 0.4597414534665, ""lambda_l1"": 0.0376556278898, ""lambda_l2"": 0.8228523078385, ""learning_rate"": 0.0175995134195, ""max_cat_to_onehot"": 55, ""min_data_in_leaf"": 4, ""min_data_per_group"": 81, ""n_estimators"": 58, ""num_leaves"": 107}",5c4e94f9,r15,0.6188263423103334,,24.328292832999978,1.4918508599998859,,,,0.4999751484249614,0.5878867009212726,0.00040951158917797376,0.6188263423103334,,,,,,,,,,
lightgbm,rel-amazon,item-churn,BINARY_CLASSIFICATION,0,30,roc_auc,cpu,False,"{""bagging_fraction"": 0.9252532736885, ""bagging_freq"": 1, ""cat_l2"": 0.0185425303217, ""cat_smooth"": 0.0026697944708, ""extra_trees"": true, ""feature_fraction"": 0.4403497788779, ""lambda_l1"": 0.990339913502, ""lambda_l2"": 1.5167814698069, ""learning_rate"": 0.032907451476, ""max_cat_to_onehot"": 89, ""min_data_in_leaf"": 2, ""min_data_per_group"": 10, ""n_estimators"": 665, ""num_leaves"": 12}",66abad1a,r16,0.5949275210120347,,42.808122883999886,3.7142353340000227,,,,0.48502832330384515,0.5879880015082531,0.0013095790249092844,0.5949275210120347,,,,,,,,,,
lightgbm,rel-amazon,item-churn,BINARY_CLASSIFICATION,0,30,roc_auc,cpu,False,"{""bagging_fraction"": 0.9893469303368, ""bagging_freq"": 1, ""cat_l2"": 0.1517170923124, ""cat_smooth"": 0.0019146599966, ""extra_trees"": true, ""feature_fraction"": 0.8076356640991, ""lambda_l1"": 0.2169752947, ""lambda_l2"": 0.6401022999299, ""learning_rate"": 0.0682833284969, ""max_cat_to_onehot"": 45, ""min_data_in_leaf"": 2, ""min_data_per_group"": 8, ""n_estimators"": 71, ""num_leaves"": 27}",e3bf995d,r17,0.5897870126887895,,12.900846394999917,0.7809954049998851,,,,0.48078647654563356,0.5878079115758432,0.0,0.5897870126887895,,,,,,,,,,
lightgbm,rel-amazon,item-churn,BINARY_CLASSIFICATION,0,30,roc_auc,cpu,False,"{""bagging_fraction"": 0.8662727305253, ""bagging_freq"": 1, ""cat_l2"": 0.0750558998512, ""cat_smooth"": 0.2749087238468, ""extra_trees"": true, ""feature_fraction"": 0.6722181067336, ""lambda_l1"": 0.6631118952798, ""lambda_l2"": 0.7669894419544, ""learning_rate"": 0.011346355764, ""max_cat_to_onehot"": 13, ""min_data_in_leaf"": 8, ""min_data_per_group"": 12, ""n_estimators"": 235, ""num_leaves"": 4}",d16f6217,r18,0.5574293286842961,,12.926733164000098,0.6570650400001341,,,,0.4608126607587784,0.5878079115758432,0.0,0.5574293286842961,,,,,,,,,,
lightgbm,rel-amazon,item-churn,BINARY_CLASSIFICATION,0,30,roc_auc,cpu,False,"{""bagging_fraction"": 0.7637171496671, ""bagging_freq"": 1, ""cat_l2"": 1.6733394870119, ""cat_smooth"": 25.4110617183616, ""extra_trees"": true, ""feature_fraction"": 0.7219475266652, ""lambda_l1"": 0.2633960444995, ""lambda_l2"": 1.1766753953959, ""learning_rate"": 0.0546075727721, ""max_cat_to_onehot"": 88, ""min_data_in_leaf"": 1, ""min_data_per_group"": 5, ""n_estimators"": 74, ""num_leaves"": 3}",3c940a82,r19,0.5656440735917354,,6.7750007689999165,0.5030298110000331,,,,0.46108005902599997,0.5878079115758432,0.0,0.5656440735917354,,,,,,,,,,
lightgbm,rel-amazon,item-churn,BINARY_CLASSIFICATION,0,30,roc_auc,cpu,False,"{""bagging_fraction"": 0.9145568099117, ""bagging_freq"": 1, ""cat_l2"": 0.0688015432043, ""cat_smooth"": 0.4410365667971, ""extra_trees"": false, ""feature_fraction"": 0.4842104682476, ""lambda_l1"": 0.6789116421659, ""lambda_l2"": 0.2119046236149, ""learning_rate"": 0.007497093098, ""max_cat_to_onehot"": 78, ""min_data_in_leaf"": 57, ""min_data_per_group"": 21, ""n_estimators"": 353, ""num_leaves"": 17}",a3464b9d,r2,0.5965265344015794,,34.56373935900001,1.9608011160000274,,,,0.4799886606975702,0.5878079115758432,0.0,0.5965265344015794,,,,,,,,,,
lightgbm,rel-amazon,item-churn,BINARY_CLASSIFICATION,0,30,roc_auc,cpu,False,"{""bagging_fraction"": 0.766732967316, ""bagging_freq"": 1, ""cat_l2"": 0.2949769749976, ""cat_smooth"": 76.211749790676, ""extra_trees"": false, ""feature_fraction"": 0.9380027758242, ""lambda_l1"": 0.0207489343658, ""lambda_l2"": 1.6621138056269, ""learning_rate"": 0.0087194268009, ""max_cat_to_onehot"": 51, ""min_data_in_leaf"": 2, ""min_data_per_group"": 20, ""n_estimators"": 428, ""num_leaves"": 19}",8d3659ac,r20,0.6037738319489837,,31.86764392100008,4.196030634999943,,,,0.48893109878109786,0.5890066351884472,0.015157849311558535,0.6037738319489837,,,,,,,,,,
lightgbm,rel-amazon,item-churn,BINARY_CLASSIFICATION,0,30,roc_auc,cpu,False,"{""bagging_fraction"": 0.806683821355, ""bagging_freq"": 1, ""cat_l2"": 0.0082421437739, ""cat_smooth"": 0.0160008811562, ""extra_trees"": false, ""feature_fraction"": 0.5089787202952, ""lambda_l1"": 0.2184810145264, ""lambda_l2"": 0.9723705046664, ""learning_rate"": 0.0507096180332, ""max_cat_to_onehot"": 54, ""min_data_in_leaf"": 3, ""min_data_per_group"": 18, ""n_estimators"": 165, ""num_leaves"": 161}",a6d8d71e,r21,0.6546182945879494,,101.31529688899991,10.687925650999887,,,,0.5410978486349673,0.6063290355621338,0.1901663637310858,0.6546182945879494,,,,,,,,,,
lightgbm,rel-amazon,item-churn,BINARY_CLASSIFICATION,0,30,roc_auc,cpu,False,"{""bagging_fraction"": 0.9821295835758, ""bagging_freq"": 1, ""cat_l2"": 0.1367124095637, ""cat_smooth"": 0.0031729973642, ""extra_trees"": true, ""feature_fraction"": 0.7074360779775, ""lambda_l1"": 0.4552232983118, ""lambda_l2"": 1.417125445225, ""learning_rate"": 0.0925784167972, ""max_cat_to_onehot"": 8, ""min_data_in_leaf"": 5, ""min_data_per_group"": 7, ""n_estimators"": 123, ""num_leaves"": 2}",38aedfa8,r22,0.5548477088618854,,7.70704428099998,0.5195288280001478,,,,0.455134544668275,0.5878079115758432,0.0,0.5548477088618854,,,,,,,,,,
lightgbm,rel-amazon,item-churn,BINARY_CLASSIFICATION,0,30,roc_auc,cpu,False,"{""bagging_fraction"": 0.9295975761421, ""bagging_freq"": 1, ""cat_l2"": 0.1658867884192, ""cat_smooth"": 0.0012082259188, ""extra_trees"": false, ""feature_fraction"": 0.7482682823129, ""lambda_l1"": 0.8788818548033, ""lambda_l2"": 0.9963306369924, ""learning_rate"": 0.0662004421712, ""max_cat_to_onehot"": 15, ""min_data_in_leaf"": 1, ""min_data_per_group"": 44, ""n_estimators"": 510, ""num_leaves"": 23}",3e9b950f,r23,0.6337217583471818,,79.08640081700014,8.232867699000053,,,,0.5237519659485623,0.5992830169565927,0.11442359115953385,0.6337217583471818,,,,,,,,,,
lightgbm,rel-amazon,item-churn,BINARY_CLASSIFICATION,0,30,roc_auc,cpu,False,"{""bagging_fraction"": 0.9245990859552, ""bagging_freq"": 1, ""cat_l2"": 1.592158021275, ""cat_smooth"": 44.4269586841343, ""extra_trees"": false, ""feature_fraction"": 0.872525293573, ""lambda_l1"": 0.492319014681, ""lambda_l2"": 1.6891157039359, ""learning_rate"": 0.0517998481756, ""max_cat_to_onehot"": 22, ""min_data_in_leaf"": 59, ""min_data_per_group"": 10, ""n_estimators"": 802, ""num_leaves"": 8}",0d0b00fe,r24,0.6299930144093536,,37.54881336099993,4.4812868439998965,,,,0.5162029151878746,0.5944543556438496,0.08093665106431824,0.6299930144093536,,,,,,,,,,
lightgbm,rel-amazon,item-churn,BINARY_CLASSIFICATION,0,30,roc_auc,cpu,True,"{""bagging_fraction"": 0.9711159219238, ""bagging_freq"": 1, ""cat_l2"": 0.0287842816393, ""cat_smooth"": 2.2365712242177, ""extra_trees"": false, ""feature_fraction"": 0.7638852760411, ""lambda_l1"": 0.7155896013433, ""lambda_l2"": 0.3887650116637, ""learning_rate"": 0.0956151137114, ""max_cat_to_onehot"": 23, ""min_data_in_leaf"": 5, ""min_data_per_group"": 8, ""n_estimators"": 132, ""num_leaves"": 117}",311db951,r25,0.661363141267314,0.6622107702404185,77.09989553800006,7.658625475999997,66.90944888199988,7.10508238500006,,0.5489041621618681,0.6125365104198909,0.2519286350696482,0.661363141267314,0.504543203470378,0.6421944114791239,0.35630411576325466,0.6622107702404185,,,,,,
lightgbm,rel-amazon,item-churn,BINARY_CLASSIFICATION,0,30,roc_auc,cpu,False,"{""bagging_fraction"": 0.7751868160582, ""bagging_freq"": 1, ""cat_l2"": 0.7205179793324, ""cat_smooth"": 0.2412048314858, ""extra_trees"": false, ""feature_fraction"": 0.5086905770421, ""lambda_l1"": 0.7774298210926, ""lambda_l2"": 0.7417685131559, ""learning_rate"": 0.006296404929, ""max_cat_to_onehot"": 41, ""min_data_in_leaf"": 17, ""min_data_per_group"": 4, ""n_estimators"": 197, ""num_leaves"": 50}",e3b85f93,r26,0.6027162587241088,,39.521007457999985,1.9943780219998644,,,,0.4873997663394625,0.587813539386231,2.7306363748071488e-05,0.6027162587241088,,,,,,,,,,
lightgbm,rel-amazon,item-churn,BINARY_CLASSIFICATION,0,30,roc_auc,cpu,False,"{""bagging_fraction"": 0.9032235488416, ""bagging_freq"": 1, ""cat_l2"": 0.0484438463597, ""cat_smooth"": 0.2752154717585, ""extra_trees"": false, ""feature_fraction"": 0.8731273073839, ""lambda_l1"": 0.2594966220889, ""lambda_l2"": 0.3941888549433, ""learning_rate"": 0.0236586574252, ""max_cat_to_onehot"": 8, ""min_data_in_leaf"": 3, ""min_data_per_group"": 69, ""n_estimators"": 438, ""num_leaves"": 9}",d90cbc4e,r27,0.5976526923802383,,34.08000485400021,2.064377940999975,,,,0.4816781183023218,0.5878529340589457,0.0003549003549003549,0.5976526923802383,,,,,,,,,,
lightgbm,rel-amazon,item-churn,BINARY_CLASSIFICATION,0,30,roc_auc,cpu,False,"{""bagging_fraction"": 0.943127227378, ""bagging_freq"": 1, ""cat_l2"": 0.0089165711882, ""cat_smooth"": 0.196142976357, ""extra_trees"": false, ""feature_fraction"": 0.4341088458599, ""lambda_l1"": 0.3738757566188, ""lambda_l2"": 0.9197657819236, ""learning_rate"": 0.0125354274243, ""max_cat_to_onehot"": 23, ""min_data_in_leaf"": 1, ""min_data_per_group"": 16, ""n_estimators"": 165, ""num_leaves"": 65}",10f688c8,r28,0.6207455587355862,,41.490532798000004,2.8452557020000313,,,,0.503978179434465,0.5879711180770898,0.0010642507265557844,0.6207455587355862,,,,,,,,,,
lightgbm,rel-amazon,item-churn,BINARY_CLASSIFICATION,0,30,roc_auc,cpu,False,"{""bagging_fraction"": 0.8296444149774, ""bagging_freq"": 1, ""cat_l2"": 0.0231985345244, ""cat_smooth"": 0.419723324168, ""extra_trees"": true, ""feature_fraction"": 0.818198345035, ""lambda_l1"": 0.5876408752329, ""lambda_l2"": 0.0893201412781, ""learning_rate"": 0.0282078967013, ""max_cat_to_onehot"": 29, ""min_data_in_leaf"": 5, ""min_data_per_group"": 12, ""n_estimators"": 750, ""num_leaves"": 37}",fb774425,r29,0.6274714632896798,,97.86247695399993,11.01600974300004,,,,0.5145220490922457,0.5910101356865084,0.02508619186241498,0.6274714632896798,,,,,,,,,,
lightgbm,rel-amazon,item-churn,BINARY_CLASSIFICATION,0,30,roc_auc,cpu,False,"{""bagging_fraction"": 0.8808290128215, ""bagging_freq"": 1, ""cat_l2"": 1.0457234595842, ""cat_smooth"": 0.6921859910209, ""extra_trees"": true, ""feature_fraction"": 0.9220523550151, ""lambda_l1"": 0.7206605914604, ""lambda_l2"": 0.9472534786514, ""learning_rate"": 0.0132034424949, ""max_cat_to_onehot"": 25, ""min_data_in_leaf"": 15, ""min_data_per_group"": 7, ""n_estimators"": 335, ""num_leaves"": 35}",7ae6364f,r3,0.6133718276932388,,66.974451929,3.103333164999981,,,,0.4991193170366701,0.5880217683705801,0.001609339625214806,0.6133718276932388,,,,,,,,,,
lightgbm,rel-amazon,item-churn,BINARY_CLASSIFICATION,0,30,roc_auc,cpu,False,"{""bagging_fraction"": 0.9256403562964, ""bagging_freq"": 1, ""cat_l2"": 0.173468569422, ""cat_smooth"": 0.1622096133057, ""extra_trees"": true, ""feature_fraction"": 0.8672172375647, ""lambda_l1"": 0.2728946202342, ""lambda_l2"": 1.5996117895528, ""learning_rate"": 0.0885567275464, ""max_cat_to_onehot"": 31, ""min_data_in_leaf"": 54, ""min_data_per_group"": 63, ""n_estimators"": 395, ""num_leaves"": 6}",a691dd6f,r30,0.5724275188440345,,18.77405130599982,0.9359039900000425,,,,0.4719448994341608,0.5880893020952338,0.0020724258289703318,0.5724275188440345,,,,,,,,,,
lightgbm,rel-amazon,item-churn,BINARY_CLASSIFICATION,0,30,roc_auc,cpu,False,"{""bagging_fraction"": 0.8634649548991, ""bagging_freq"": 1, ""cat_l2"": 1.6087120636028, ""cat_smooth"": 42.4603130176821, ""extra_trees"": false, ""feature_fraction"": 0.6841648271642, ""lambda_l1"": 0.5820615900959, ""lambda_l2"": 0.3727460534192, ""learning_rate"": 0.0078289135266, ""max_cat_to_onehot"": 37, ""min_data_in_leaf"": 2, ""min_data_per_group"": 2, ""n_estimators"": 987, ""num_leaves"": 9}",1d48d1c9,r4,0.604840369530999,,48.020847068999956,5.159131467999998,,,,0.4911008294511438,0.5891191913962035,0.014869587510625953,0.604840369530999,,,,,,,,,,
lightgbm,rel-amazon,item-churn,BINARY_CLASSIFICATION,0,30,roc_auc,cpu,False,"{""bagging_fraction"": 0.8270964398017, ""bagging_freq"": 1, ""cat_l2"": 0.0497402357678, ""cat_smooth"": 0.0022655846367, ""extra_trees"": true, ""feature_fraction"": 0.8805464511878, ""lambda_l1"": 0.5374194921261, ""lambda_l2"": 1.4738626624402, ""learning_rate"": 0.009732329389, ""max_cat_to_onehot"": 78, ""min_data_in_leaf"": 4, ""min_data_per_group"": 24, ""n_estimators"": 285, ""num_leaves"": 44}",4f68409e,r5,0.5574873755324341,,19.353477011999985,0.8483443049999551,,,,0.4624005551024044,0.5878079115758432,0.0,0.5574873755324341,,,,,,,,,,
lightgbm,rel-amazon,item-churn,BINARY_CLASSIFICATION,0,30,roc_auc,cpu,False,"{""bagging_fraction"": 0.7951605226208, ""bagging_freq"": 1, ""cat_l2"": 0.2087627025057, ""cat_smooth"": 0.0018992120999, ""extra_trees"": true, ""feature_fraction"": 0.5907899076364, ""lambda_l1"": 0.2654629519904, ""lambda_l2"": 0.6372060480074, ""learning_rate"": 0.0086558049456, ""max_cat_to_onehot"": 44, ""min_data_in_leaf"": 11, ""min_data_per_group"": 11, ""n_estimators"": 164, ""num_leaves"": 56}",3c57d7d3,r6,0.5688149427210292,,18.623476595,1.141012862000025,,,,0.46920046832287676,0.5878079115758432,0.0,0.5688149427210292,,,,,,,,,,
lightgbm,rel-amazon,item-churn,BINARY_CLASSIFICATION,0,30,roc_auc,cpu,False,"{""bagging_fraction"": 0.9335036446078, ""bagging_freq"": 1, ""cat_l2"": 0.2830562687557, ""cat_smooth"": 0.1802171314263, ""extra_trees"": true, ""feature_fraction"": 0.6485577967088, ""lambda_l1"": 0.5232957286614, ""lambda_l2"": 1.3348540188894, ""learning_rate"": 0.0289761662926, ""max_cat_to_onehot"": 15, ""min_data_in_leaf"": 11, ""min_data_per_group"": 55, ""n_estimators"": 701, ""num_leaves"": 20}",134c98bb,r7,0.5668100146021458,,30.459958013000005,1.5695293150000111,,,,0.46802973093220257,0.5878979565420482,0.0006005186297256722,0.5668100146021458,,,,,,,,,,
lightgbm,rel-amazon,item-churn,BINARY_CLASSIFICATION,0,30,roc_auc,cpu,False,"{""bagging_fraction"": 0.9848713160352, ""bagging_freq"": 1, ""cat_l2"": 1.6905546285477, ""cat_smooth"": 0.001258746648, ""extra_trees"": true, ""feature_fraction"": 0.4384884978093, ""lambda_l1"": 0.0940311167074, ""lambda_l2"": 0.2636825450225, ""learning_rate"": 0.0053104402291, ""max_cat_to_onehot"": 51, ""min_data_in_leaf"": 10, ""min_data_per_group"": 31, ""n_estimators"": 285, ""num_leaves"": 164}",42517afb,r8,0.5570197834533881,,16.21607093199998,0.7388565129999733,,,,0.46005606273327776,0.5878079115758432,0.0,0.5570197834533881,,,,,,,,,,
lightgbm,rel-amazon,item-churn,BINARY_CLASSIFICATION,0,30,roc_auc,cpu,False,"{""bagging_fraction"": 0.898758060085, ""bagging_freq"": 1, ""cat_l2"": 0.964011246959, ""cat_smooth"": 0.1616421454928, ""extra_trees"": false, ""feature_fraction"": 0.815483271622, ""lambda_l1"": 0.5759889009066, ""lambda_l2"": 1.4326827755167, ""learning_rate"": 0.0599026240177, ""max_cat_to_onehot"": 91, ""min_data_in_leaf"": 2, ""min_data_per_group"": 6, ""n_estimators"": 702, ""num_leaves"": 39}",b7f5d391,r9,0.6539006458799156,,165.057923965,20.64743978599995,,,,0.5399513631294884,0.6109382122697522,0.2670794283533353,0.6539006458799156,,,,,,,,,,
lightgbm,rel-amazon,item-ltv,REGRESSION,0,30,mae,cpu,False,{},bf21a9e8,default,53.8237461459183,58.5784365974507,18.455314902999987,0.7813404489999982,17.84980784200002,0.8076785889998064,,,,,,,,,,0.0281657090500933,53.8237461459183,445.60514063598606,0.011915160699860206,58.5784365974507,660.6408988001893
lightgbm,rel-amazon,item-ltv,REGRESSION,0,30,mae,cpu,False,"{""bagging_fraction"": 0.8646440511782, ""bagging_freq"": 1, ""cat_l2"": 0.2396763788772, ""cat_smooth"": 9.0912832806515, ""extra_trees"": true, ""feature_fraction"": 0.9742930953718, ""lambda_l1"": 0.5205254318032, ""lambda_l2"": 1.5172553870823, ""learning_rate"": 0.0095655183906, ""max_cat_to_onehot"": 21, ""min_data_in_leaf"": 1, ""min_data_per_group"": 38, ""n_estimators"": 885, ""num_leaves"": 13}",9ddece77,r1,55.00655224504566,,71.44225365399998,3.301548642,,,,,,,,,,,,0.009336871809374814,55.00655224504566,449.90112840835155,,,
lightgbm,rel-amazon,item-ltv,REGRESSION,0,30,mae,cpu,False,"{""bagging_fraction"": 0.7040714906836, ""bagging_freq"": 1, ""cat_l2"": 0.1059359109832, ""cat_smooth"": 79.0557829290776, ""extra_trees"": true, ""feature_fraction"": 0.7399608725239, ""lambda_l1"": 0.9293032679565, ""lambda_l2"": 0.5788832452851, ""learning_rate"": 0.0050708289337, ""max_cat_to_onehot"": 15, ""min_data_in_leaf"": 53, ""min_data_per_group"": 48, ""n_estimators"": 398, ""num_leaves"": 14}",85d4ebc9,r10,56.64973930067068,,33.36638169399998,1.9295309679999946,,,,,,,,,,,,-0.005952169470535562,56.64973930067068,453.359529219761,,,
lightgbm,rel-amazon,item-ltv,REGRESSION,0,30,mae,cpu,False,"{""bagging_fraction"": 0.8819179642384, ""bagging_freq"": 1, ""cat_l2"": 0.2028071332361, ""cat_smooth"": 0.9002514016925, ""extra_trees"": true, ""feature_fraction"": 0.9904253448185, ""lambda_l1"": 0.3523764300344, ""lambda_l2"": 1.0166800656129, ""learning_rate"": 0.0076046378471, ""max_cat_to_onehot"": 9, ""min_data_in_leaf"": 51, ""min_data_per_group"": 4, ""n_estimators"": 309, ""num_leaves"": 50}",eb5d77d2,r11,55.39678838921514,,57.381630223,2.7874912269999186,,,,,,,,,,,,0.0013437198302660436,55.39678838921514,451.7124925755023,,,
lightgbm,rel-amazon,item-ltv,REGRESSION,0,30,mae,cpu,False,"{""bagging_fraction"": 0.7057579594928, ""bagging_freq"": 1, ""cat_l2"": 0.0652607238611, ""cat_smooth"": 0.7440913299852, ""extra_trees"": true, ""feature_fraction"": 0.5562045565524, ""lambda_l1"": 0.4693022490728, ""lambda_l2"": 0.3337783413457, ""learning_rate"": 0.005523232486, ""max_cat_to_onehot"": 20, ""min_data_in_leaf"": 22, ""min_data_per_group"": 3, ""n_estimators"": 298, ""num_leaves"": 194}",97b0d170,r12,56.14784057799839,,106.28426406300002,9.713775751999947,,,,,,,,,,,,-0.001717340369669751,56.14784057799839,452.40425269891136,,,
lightgbm,rel-amazon,item-ltv,REGRESSION,0,30,mae,cpu,False,"{""bagging_fraction"": 0.7904724450024, ""bagging_freq"": 1, ""cat_l2"": 0.0112585288934, ""cat_smooth"": 1.8450328342775, ""extra_trees"": false, ""feature_fraction"": 0.7222135128255, ""lambda_l1"": 0.8411560157726, ""lambda_l2"": 1.5581241341161, ""learning_rate"": 0.0949138303247, ""max_cat_to_onehot"": 8, ""min_data_in_leaf"": 4, ""min_data_per_group"": 12, ""n_estimators"": 523, ""num_leaves"": 6}",b0f88568,r13,54.5241558346831,,42.18080866999992,1.7493016979999538,,,,,,,,,,,,0.02743473016138176,54.5241558346831,445.77269323540736,,,
lightgbm,rel-amazon,item-ltv,REGRESSION,0,30,mae,cpu,False,"{""bagging_fraction"": 0.8980520612478, ""bagging_freq"": 1, ""cat_l2"": 0.0298619738506, ""cat_smooth"": 1.8218656600978, ""extra_trees"": false, ""feature_fraction"": 0.6687557031224, ""lambda_l1"": 0.9046572794351, ""lambda_l2"": 1.7298800978754, ""learning_rate"": 0.0152979229147, ""max_cat_to_onehot"": 14, ""min_data_in_leaf"": 7, ""min_data_per_group"": 61, ""n_estimators"": 223, ""num_leaves"": 45}",c9bdab03,r14,54.12475539078957,,40.588311051999995,2.5868963400000666,,,,,,,,,,,,0.012552982345663155,54.12475539078957,449.1702502894487,,,
lightgbm,rel-amazon,item-ltv,REGRESSION,0,30,mae,cpu,False,"{""bagging_fraction"": 0.7870232821631, ""bagging_freq"": 1, ""cat_l2"": 0.1520732736224, ""cat_smooth"": 0.143579414226, ""extra_trees"": false, ""feature_fraction"": 0.4597414534665, ""lambda_l1"": 0.0376556278898, ""lambda_l2"": 0.8228523078385, ""learning_rate"": 0.0175995134195, ""max_cat_to_onehot"": 55, ""min_data_in_leaf"": 4, ""min_data_per_group"": 81, ""n_estimators"": 58, ""num_leaves"": 107}",5c4e94f9,r15,57.40320410291215,,26.83131933200002,2.4743620770000234,,,,,,,,,,,,-0.005973479767529266,57.40320410291215,453.36433122493577,,,
lightgbm,rel-amazon,item-ltv,REGRESSION,0,30,mae,cpu,False,"{""bagging_fraction"": 0.9252532736885, ""bagging_freq"": 1, ""cat_l2"": 0.0185425303217, ""cat_smooth"": 0.0026697944708, ""extra_trees"": true, ""feature_fraction"": 0.4403497788779, ""lambda_l1"": 0.990339913502, ""lambda_l2"": 1.5167814698069, ""learning_rate"": 0.032907451476, ""max_cat_to_onehot"": 89, ""min_data_in_leaf"": 2, ""min_data_per_group"": 10, ""n_estimators"": 665, ""num_leaves"": 12}",66abad1a,r16,54.882935303434884,,61.65517643300018,3.8247112460001063,,,,,,,,,,,,0.020519029385325904,54.882935303434884,447.3547822322203,,,
lightgbm,rel-amazon,item-ltv,REGRESSION,0,30,mae,cpu,False,"{""bagging_fraction"": 0.9893469303368, ""bagging_freq"": 1, ""cat_l2"": 0.1517170923124, ""cat_smooth"": 0.0019146599966, ""extra_trees"": true, ""feature_fraction"": 0.8076356640991, ""lambda_l1"": 0.2169752947, ""lambda_l2"": 0.6401022999299, ""learning_rate"": 0.0682833284969, ""max_cat_to_onehot"": 45, ""min_data_in_leaf"": 2, ""min_data_per_group"": 8, ""n_estimators"": 71, ""num_leaves"": 27}",e3bf995d,r17,55.11395626983967,,14.935716313000057,0.8264381810001851,,,,,,,,,,,,0.011076429100481566,55.11395626983967,449.50595237291833,,,
lightgbm,rel-amazon,item-ltv,REGRESSION,0,30,mae,cpu,False,"{""bagging_fraction"": 0.8662727305253, ""bagging_freq"": 1, ""cat_l2"": 0.0750558998512, ""cat_smooth"": 0.2749087238468, ""extra_trees"": true, ""feature_fraction"": 0.6722181067336, ""lambda_l1"": 0.6631118952798, ""lambda_l2"": 0.7669894419544, ""learning_rate"": 0.011346355764, ""max_cat_to_onehot"": 13, ""min_data_in_leaf"": 8, ""min_data_per_group"": 12, ""n_estimators"": 235, ""num_leaves"": 4}",d16f6217,r18,57.10274079950878,,18.624601632999884,0.6980705739999848,,,,,,,,,,,,-0.008347312997600165,57.10274079950878,453.8989264157597,,,
lightgbm,rel-amazon,item-ltv,REGRESSION,0,30,mae,cpu,False,"{""bagging_fraction"": 0.7637171496671, ""bagging_freq"": 1, ""cat_l2"": 1.6733394870119, ""cat_smooth"": 25.4110617183616, ""extra_trees"": true, ""feature_fraction"": 0.7219475266652, ""lambda_l1"": 0.2633960444995, ""lambda_l2"": 1.1766753953959, ""learning_rate"": 0.0546075727721, ""max_cat_to_onehot"": 88, ""min_data_in_leaf"": 1, ""min_data_per_group"": 5, ""n_estimators"": 74, ""num_leaves"": 3}",3c940a82,r19,56.85970286579211,,9.691427579999981,0.5729231630000413,,,,,,,,,,,,-0.007388875037292797,56.85970286579211,453.68315880269216,,,
lightgbm,rel-amazon,item-ltv,REGRESSION,0,30,mae,cpu,False,"{""bagging_fraction"": 0.9145568099117, ""bagging_freq"": 1, ""cat_l2"": 0.0688015432043, ""cat_smooth"": 0.4410365667971, ""extra_trees"": false, ""feature_fraction"": 0.4842104682476, ""lambda_l1"": 0.6789116421659, ""lambda_l2"": 0.2119046236149, ""learning_rate"": 0.007497093098, ""max_cat_to_onehot"": 78, ""min_data_in_leaf"": 57, ""min_data_per_group"": 21, ""n_estimators"": 353, ""num_leaves"": 17}",a3464b9d,r2,56.611920437394964,,44.697678053000004,2.9578252839999664,,,,,,,,,,,,-0.0016633040402662669,56.611920437394964,452.3920503570298,,,
lightgbm,rel-amazon,item-ltv,REGRESSION,0,30,mae,cpu,False,"{""bagging_fraction"": 0.766732967316, ""bagging_freq"": 1, ""cat_l2"": 0.2949769749976, ""cat_smooth"": 76.211749790676, ""extra_trees"": false, ""feature_fraction"": 0.9380027758242, ""lambda_l1"": 0.0207489343658, ""lambda_l2"": 1.6621138056269, ""learning_rate"": 0.0087194268009, ""max_cat_to_onehot"": 51, ""min_data_in_leaf"": 2, ""min_data_per_group"": 20, ""n_estimators"": 428, ""num_leaves"": 19}",8d3659ac,r20,55.455453341750655,,33.885359763,1.4809725650000019,,,,,,,,,,,,0.00551441068344638,55.455453341750655,450.76826165928907,,,
lightgbm,rel-amazon,item-ltv,REGRESSION,0,30,mae,cpu,False,"{""bagging_fraction"": 0.806683821355, ""bagging_freq"": 1, ""cat_l2"": 0.0082421437739, ""cat_smooth"": 0.0160008811562, ""extra_trees"": false, ""feature_fraction"": 0.5089787202952, ""lambda_l1"": 0.2184810145264, ""lambda_l2"": 0.9723705046664, ""learning_rate"": 0.0507096180332, ""max_cat_to_onehot"": 54, ""min_data_in_leaf"": 3, ""min_data_per_group"": 18, ""n_estimators"": 165, ""num_leaves"": 161}",a6d8d71e,r21,52.38309017725,,62.91643912399991,4.738639762000048,,,,,,,,,,,,0.06899997772969879,52.38309017725,436.14302210072964,,,
lightgbm,rel-amazon,item-ltv,REGRESSION,0,30,mae,cpu,False,"{""bagging_fraction"": 0.9821295835758, ""bagging_freq"": 1, ""cat_l2"": 0.1367124095637, ""cat_smooth"": 0.0031729973642, ""extra_trees"": true, ""feature_fraction"": 0.7074360779775, ""lambda_l1"": 0.4552232983118, ""lambda_l2"": 1.417125445225, ""learning_rate"": 0.0925784167972, ""max_cat_to_onehot"": 8, ""min_data_in_leaf"": 5, ""min_data_per_group"": 7, ""n_estimators"": 123, ""num_leaves"": 2}",38aedfa8,r22,56.73916327253051,,12.662070749000122,0.6075042869999834,,,,,,,,,,,,-0.004127081921620146,56.73916327253051,452.94808000131803,,,
lightgbm,rel-amazon,item-ltv,REGRESSION,0,30,mae,cpu,False,"{""bagging_fraction"": 0.9295975761421, ""bagging_freq"": 1, ""cat_l2"": 0.1658867884192, ""cat_smooth"": 0.0012082259188, ""extra_trees"": false, ""feature_fraction"": 0.7482682823129, ""lambda_l1"": 0.8788818548033, ""lambda_l2"": 0.9963306369924, ""learning_rate"": 0.0662004421712, ""max_cat_to_onehot"": 15, ""min_data_in_leaf"": 1, ""min_data_per_group"": 44, ""n_estimators"": 510, ""num_leaves"": 23}",3e9b950f,r23,53.149374645797515,,68.73663291000003,5.281366574999993,,,,,,,,,,,,0.0625640097908966,53.149374645797515,437.6479458173252,,,
lightgbm,rel-amazon,item-ltv,REGRESSION,0,30,mae,cpu,False,"{""bagging_fraction"": 0.9245990859552, ""bagging_freq"": 1, ""cat_l2"": 1.592158021275, ""cat_smooth"": 44.4269586841343, ""extra_trees"": false, ""feature_fraction"": 0.872525293573, ""lambda_l1"": 0.492319014681, ""lambda_l2"": 1.6891157039359, ""learning_rate"": 0.0517998481756, ""max_cat_to_onehot"": 22, ""min_data_in_leaf"": 59, ""min_data_per_group"": 10, ""n_estimators"": 802, ""num_leaves"": 8}",0d0b00fe,r24,55.085071421217876,,60.887451760999966,3.136473322000029,,,,,,,,,,,,0.01648568720349386,55.085071421217876,448.2749028334378,,,
lightgbm,rel-amazon,item-ltv,REGRESSION,0,30,mae,cpu,True,"{""bagging_fraction"": 0.9711159219238, ""bagging_freq"": 1, ""cat_l2"": 0.0287842816393, ""cat_smooth"": 2.2365712242177, ""extra_trees"": false, ""feature_fraction"": 0.7638852760411, ""lambda_l1"": 0.7155896013433, ""lambda_l2"": 0.3887650116637, ""learning_rate"": 0.0956151137114, ""max_cat_to_onehot"": 23, ""min_data_in_leaf"": 5, ""min_data_per_group"": 8, ""n_estimators"": 132, ""num_leaves"": 117}",311db951,r25,51.64569918117943,55.75075029485173,42.17315698099992,2.661582681000027,42.150501536999855,2.245776565999904,,,,,,,,,,0.08747172489612676,51.64569918117943,431.7946409269873,0.03750312958852442,55.75075029485173,652.0306356753877
lightgbm,rel-amazon,item-ltv,REGRESSION,0,30,mae,cpu,False,"{""bagging_fraction"": 0.7751868160582, ""bagging_freq"": 1, ""cat_l2"": 0.7205179793324, ""cat_smooth"": 0.2412048314858, ""extra_trees"": false, ""feature_fraction"": 0.5086905770421, ""lambda_l1"": 0.7774298210926, ""lambda_l2"": 0.7417685131559, ""learning_rate"": 0.006296404929, ""max_cat_to_onehot"": 41, ""min_data_in_leaf"": 17, ""min_data_per_group"": 4, ""n_estimators"": 197, ""num_leaves"": 50}",e3b85f93,r26,56.22099658748325,,39.17147027200008,2.636366339999995,,,,,,,,,,,,-0.006123011578905935,56.22099658748325,453.39802489180727,,,
lightgbm,rel-amazon,item-ltv,REGRESSION,0,30,mae,cpu,False,"{""bagging_fraction"": 0.9032235488416, ""bagging_freq"": 1, ""cat_l2"": 0.0484438463597, ""cat_smooth"": 0.2752154717585, ""extra_trees"": false, ""feature_fraction"": 0.8731273073839, ""lambda_l1"": 0.2594966220889, ""lambda_l2"": 0.3941888549433, ""learning_rate"": 0.0236586574252, ""max_cat_to_onehot"": 8, ""min_data_in_leaf"": 3, ""min_data_per_group"": 69, ""n_estimators"": 438, ""num_leaves"": 9}",d90cbc4e,r27,55.13040158048973,,37.844079084999976,1.0846184279998852,,,,,,,,,,,,0.008434836323400918,55.13040158048973,450.1059076281546,,,
lightgbm,rel-amazon,item-ltv,REGRESSION,0,30,mae,cpu,False,"{""bagging_fraction"": 0.943127227378, ""bagging_freq"": 1, ""cat_l2"": 0.0089165711882, ""cat_smooth"": 0.196142976357, ""extra_trees"": false, ""feature_fraction"": 0.4341088458599, ""lambda_l1"": 0.3738757566188, ""lambda_l2"": 0.9197657819236, ""learning_rate"": 0.0125354274243, ""max_cat_to_onehot"": 23, ""min_data_in_leaf"": 1, ""min_data_per_group"": 16, ""n_estimators"": 165, ""num_leaves"": 65}",10f688c8,r28,56.257700820073225,,47.214064017000055,4.925564770999927,,,,,,,,,,,,0.0014369938899829737,56.257700820073225,451.6913972083113,,,
lightgbm,rel-amazon,item-ltv,REGRESSION,0,30,mae,cpu,False,"{""bagging_fraction"": 0.8296444149774, ""bagging_freq"": 1, ""cat_l2"": 0.0231985345244, ""cat_smooth"": 0.419723324168, ""extra_trees"": true, ""feature_fraction"": 0.818198345035, ""lambda_l1"": 0.5876408752329, ""lambda_l2"": 0.0893201412781, ""learning_rate"": 0.0282078967013, ""max_cat_to_onehot"": 29, ""min_data_in_leaf"": 5, ""min_data_per_group"": 12, ""n_estimators"": 750, ""num_leaves"": 37}",fb774425,r29,53.42426175412987,,93.25904325300007,7.099916471000142,,,,,,,,,,,,0.06363782473258317,53.42426175412987,437.3972153322732,,,
lightgbm,rel-amazon,item-ltv,REGRESSION,0,30,mae,cpu,False,"{""bagging_fraction"": 0.8808290128215, ""bagging_freq"": 1, ""cat_l2"": 1.0457234595842, ""cat_smooth"": 0.6921859910209, ""extra_trees"": true, ""feature_fraction"": 0.9220523550151, ""lambda_l1"": 0.7206605914604, ""lambda_l2"": 0.9472534786514, ""learning_rate"": 0.0132034424949, ""max_cat_to_onehot"": 25, ""min_data_in_leaf"": 15, ""min_data_per_group"": 7, ""n_estimators"": 335, ""num_leaves"": 35}",7ae6364f,r3,54.640152234042326,,54.65607789999996,2.494544093999991,,,,,,,,,,,,0.010995120232611288,54.640152234042326,449.52443108549926,,,
lightgbm,rel-amazon,item-ltv,REGRESSION,0,30,mae,cpu,False,"{""bagging_fraction"": 0.9256403562964, ""bagging_freq"": 1, ""cat_l2"": 0.173468569422, ""cat_smooth"": 0.1622096133057, ""extra_trees"": true, ""feature_fraction"": 0.8672172375647, ""lambda_l1"": 0.2728946202342, ""lambda_l2"": 1.5996117895528, ""learning_rate"": 0.0885567275464, ""max_cat_to_onehot"": 31, ""min_data_in_leaf"": 54, ""min_data_per_group"": 63, ""n_estimators"": 395, ""num_leaves"": 6}",a691dd6f,r30,55.65051815089981,,27.20394046499996,0.9219394749998173,,,,,,,,,,,,0.00788068788182017,55.65051815089981,450.2316636840851,,,
lightgbm,rel-amazon,item-ltv,REGRESSION,0,30,mae,cpu,False,"{""bagging_fraction"": 0.8634649548991, ""bagging_freq"": 1, ""cat_l2"": 1.6087120636028, ""cat_smooth"": 42.4603130176821, ""extra_trees"": false, ""feature_fraction"": 0.6841648271642, ""lambda_l1"": 0.5820615900959, ""lambda_l2"": 0.3727460534192, ""learning_rate"": 0.0078289135266, ""max_cat_to_onehot"": 37, ""min_data_in_leaf"": 2, ""min_data_per_group"": 2, ""n_estimators"": 987, ""num_leaves"": 9}",1d48d1c9,r4,55.09195661858363,,71.47919820100003,3.3562892170000396,,,,,,,,,,,,0.00786934003007933,55.09195661858363,450.2342385495758,,,
lightgbm,rel-amazon,item-ltv,REGRESSION,0,30,mae,cpu,False,"{""bagging_fraction"": 0.8270964398017, ""bagging_freq"": 1, ""cat_l2"": 0.0497402357678, ""cat_smooth"": 0.0022655846367, ""extra_trees"": true, ""feature_fraction"": 0.8805464511878, ""lambda_l1"": 0.5374194921261, ""lambda_l2"": 1.4738626624402, ""learning_rate"": 0.009732329389, ""max_cat_to_onehot"": 78, ""min_data_in_leaf"": 4, ""min_data_per_group"": 24, ""n_estimators"": 285, ""num_leaves"": 44}",4f68409e,r5,56.04314497949449,,37.99406175600001,1.70985299299997,,,,,,,,,,,,-0.000920238159803688,56.04314497949449,452.22421977862416,,,
lightgbm,rel-amazon,item-ltv,REGRESSION,0,30,mae,cpu,False,"{""bagging_fraction"": 0.7951605226208, ""bagging_freq"": 1, ""cat_l2"": 0.2087627025057, ""cat_smooth"": 0.0018992120999, ""extra_trees"": true, ""feature_fraction"": 0.5907899076364, ""lambda_l1"": 0.2654629519904, ""lambda_l2"": 0.6372060480074, ""learning_rate"": 0.0086558049456, ""max_cat_to_onehot"": 44, ""min_data_in_leaf"": 11, ""min_data_per_group"": 11, ""n_estimators"": 164, ""num_leaves"": 56}",3c57d7d3,r6,56.71580452720815,,37.64386195900005,2.6600929840000163,,,,,,,,,,,,-0.005068885951651669,56.71580452720815,453.1604477154613,,,
lightgbm,rel-amazon,item-ltv,REGRESSION,0,30,mae,cpu,False,"{""bagging_fraction"": 0.9335036446078, ""bagging_freq"": 1, ""cat_l2"": 0.2830562687557, ""cat_smooth"": 0.1802171314263, ""extra_trees"": true, ""feature_fraction"": 0.6485577967088, ""lambda_l1"": 0.5232957286614, ""lambda_l2"": 1.3348540188894, ""learning_rate"": 0.0289761662926, ""max_cat_to_onehot"": 15, ""min_data_in_leaf"": 11, ""min_data_per_group"": 55, ""n_estimators"": 701, ""num_leaves"": 20}",134c98bb,r7,55.73133515315598,,46.35796541100001,1.5986012729999857,,,,,,,,,,,,0.006076206761640113,55.73133515315598,450.64092164606603,,,
lightgbm,rel-amazon,item-ltv,REGRESSION,0,30,mae,cpu,False,"{""bagging_fraction"": 0.9848713160352, ""bagging_freq"": 1, ""cat_l2"": 1.6905546285477, ""cat_smooth"": 0.001258746648, ""extra_trees"": true, ""feature_fraction"": 0.4384884978093, ""lambda_l1"": 0.0940311167074, ""lambda_l2"": 0.2636825450225, ""learning_rate"": 0.0053104402291, ""max_cat_to_onehot"": 51, ""min_data_in_leaf"": 10, ""min_data_per_group"": 31, ""n_estimators"": 285, ""num_leaves"": 164}",42517afb,r8,58.177767193976926,,30.21360732200003,1.247300365000001,,,,,,,,,,,,-0.008851655136055347,58.177767193976926,454.0124248774456,,,
lightgbm,rel-amazon,item-ltv,REGRESSION,0,30,mae,cpu,False,"{""bagging_fraction"": 0.898758060085, ""bagging_freq"": 1, ""cat_l2"": 0.964011246959, ""cat_smooth"": 0.1616421454928, ""extra_trees"": false, ""feature_fraction"": 0.815483271622, ""lambda_l1"": 0.5759889009066, ""lambda_l2"": 1.4326827755167, ""learning_rate"": 0.0599026240177, ""max_cat_to_onehot"": 91, ""min_data_in_leaf"": 2, ""min_data_per_group"": 6, ""n_estimators"": 702, ""num_leaves"": 39}",b7f5d391,r9,52.58795383850372,,129.25509966000004,12.638939343000061,,,,,,,,,,,,0.08063469879809804,52.58795383850372,433.4092112256063,,,
lightgbm,rel-amazon,user-churn,BINARY_CLASSIFICATION,0,30,roc_auc,cpu,False,{},bf21a9e8,default,0.5139363210866048,0.5170021084707017,20.069410938999994,3.9078658930000074,19.12916859300003,3.173247794999952,,0.6496548755762026,0.6421550445103857,0.7811228495434152,0.5139363210866048,0.6159486199956169,0.6070278642170027,0.754655183732273,0.5170021084707017,,,,,,
lightgbm,rel-amazon,user-churn,BINARY_CLASSIFICATION,0,30,roc_auc,cpu,False,"{""bagging_fraction"": 0.8646440511782, ""bagging_freq"": 1, ""cat_l2"": 0.2396763788772, ""cat_smooth"": 9.0912832806515, ""extra_trees"": true, ""feature_fraction"": 0.9742930953718, ""lambda_l1"": 0.5205254318032, ""lambda_l2"": 1.5172553870823, ""learning_rate"": 0.0095655183906, ""max_cat_to_onehot"": 21, ""min_data_in_leaf"": 1, ""min_data_per_group"": 38, ""n_estimators"": 885, ""num_leaves"": 13}",9ddece77,r1,0.5118366291797938,,66.45516869200003,8.558012624000014,,,,0.6481356732711511,0.6424942409807902,0.7820742241480615,0.5118366291797938,,,,,,,,,,
lightgbm,rel-amazon,user-churn,BINARY_CLASSIFICATION,0,30,roc_auc,cpu,False,"{""bagging_fraction"": 0.7040714906836, ""bagging_freq"": 1, ""cat_l2"": 0.1059359109832, ""cat_smooth"": 79.0557829290776, ""extra_trees"": true, ""feature_fraction"": 0.7399608725239, ""lambda_l1"": 0.9293032679565, ""lambda_l2"": 0.5788832452851, ""learning_rate"": 0.0050708289337, ""max_cat_to_onehot"": 15, ""min_data_in_leaf"": 53, ""min_data_per_group"": 48, ""n_estimators"": 398, ""num_leaves"": 14}",85d4ebc9,r10,0.5108785757995644,,35.005417717,4.86002934499993,,,,0.6474460863487541,0.6420281508667812,0.7819940852145224,0.5108785757995644,,,,,,,,,,
lightgbm,rel-amazon,user-churn,BINARY_CLASSIFICATION,0,30,roc_auc,cpu,False,"{""bagging_fraction"": 0.8819179642384, ""bagging_freq"": 1, ""cat_l2"": 0.2028071332361, ""cat_smooth"": 0.9002514016925, ""extra_trees"": true, ""feature_fraction"": 0.9904253448185, ""lambda_l1"": 0.3523764300344, ""lambda_l2"": 1.0166800656129, ""learning_rate"": 0.0076046378471, ""max_cat_to_onehot"": 9, ""min_data_in_leaf"": 51, ""min_data_per_group"": 4, ""n_estimators"": 309, ""num_leaves"": 50}",eb5d77d2,r11,0.5029063139761406,,40.012631119999924,5.297178207000002,,,,0.6435620638363688,0.642662619084804,0.7822218917311125,0.5029063139761406,,,,,,,,,,
lightgbm,rel-amazon,user-churn,BINARY_CLASSIFICATION,0,30,roc_auc,cpu,False,"{""bagging_fraction"": 0.7057579594928, ""bagging_freq"": 1, ""cat_l2"": 0.0652607238611, ""cat_smooth"": 0.7440913299852, ""extra_trees"": true, ""feature_fraction"": 0.5562045565524, ""lambda_l1"": 0.4693022490728, ""lambda_l2"": 0.3337783413457, ""learning_rate"": 0.005523232486, ""max_cat_to_onehot"": 20, ""min_data_in_leaf"": 22, ""min_data_per_group"": 3, ""n_estimators"": 298, ""num_leaves"": 194}",97b0d170,r12,0.5131644983837509,,60.434617323,14.267894894000051,,,,0.649105258332749,0.642672380134312,0.782223306255633,0.5131644983837509,,,,,,,,,,
lightgbm,rel-amazon,user-churn,BINARY_CLASSIFICATION,0,30,roc_auc,cpu,False,"{""bagging_fraction"": 0.7904724450024, ""bagging_freq"": 1, ""cat_l2"": 0.0112585288934, ""cat_smooth"": 1.8450328342775, ""extra_trees"": false, ""feature_fraction"": 0.7222135128255, ""lambda_l1"": 0.8411560157726, ""lambda_l2"": 1.5581241341161, ""learning_rate"": 0.0949138303247, ""max_cat_to_onehot"": 8, ""min_data_in_leaf"": 4, ""min_data_per_group"": 12, ""n_estimators"": 523, ""num_leaves"": 6}",b0f88568,r13,0.5056541303835587,,37.58988783999996,3.489836874000048,,,,0.6452722093294526,0.642430794158988,0.7814992596303968,0.5056541303835587,,,,,,,,,,
lightgbm,rel-amazon,user-churn,BINARY_CLASSIFICATION,0,30,roc_auc,cpu,False,"{""bagging_fraction"": 0.8980520612478, ""bagging_freq"": 1, ""cat_l2"": 0.0298619738506, ""cat_smooth"": 1.8218656600978, ""extra_trees"": false, ""feature_fraction"": 0.6687557031224, ""lambda_l1"": 0.9046572794351, ""lambda_l2"": 1.7298800978754, ""learning_rate"": 0.0152979229147, ""max_cat_to_onehot"": 14, ""min_data_in_leaf"": 7, ""min_data_per_group"": 61, ""n_estimators"": 223, ""num_leaves"": 45}",c9bdab03,r14,0.5121059967655499,,44.37725033299989,9.964963601000022,,,,0.6482421194454688,0.6425942917382477,0.7818688192541403,0.5121059967655499,,,,,,,,,,
lightgbm,rel-amazon,user-churn,BINARY_CLASSIFICATION,0,30,roc_auc,cpu,False,"{""bagging_fraction"": 0.7870232821631, ""bagging_freq"": 1, ""cat_l2"": 0.1520732736224, ""cat_smooth"": 0.143579414226, ""extra_trees"": false, ""feature_fraction"": 0.4597414534665, ""lambda_l1"": 0.0376556278898, ""lambda_l2"": 0.8228523078385, ""learning_rate"": 0.0175995134195, ""max_cat_to_onehot"": 55, ""min_data_in_leaf"": 4, ""min_data_per_group"": 81, ""n_estimators"": 58, ""num_leaves"": 107}",5c4e94f9,r15,0.5137427345405885,,23.83981682800004,5.701316117000033,,,,0.6493833901527584,0.6426967827580822,0.7821759789584555,0.5137427345405885,,,,,,,,,,
lightgbm,rel-amazon,user-churn,BINARY_CLASSIFICATION,0,30,roc_auc,cpu,False,"{""bagging_fraction"": 0.9252532736885, ""bagging_freq"": 1, ""cat_l2"": 0.0185425303217, ""cat_smooth"": 0.0026697944708, ""extra_trees"": true, ""feature_fraction"": 0.4403497788779, ""lambda_l1"": 0.990339913502, ""lambda_l2"": 1.5167814698069, ""learning_rate"": 0.032907451476, ""max_cat_to_onehot"": 89, ""min_data_in_leaf"": 2, ""min_data_per_group"": 10, ""n_estimators"": 665, ""num_leaves"": 12}",66abad1a,r16,0.5017006926531997,,43.73066216500001,4.420912057999885,,,,0.6428854855311795,0.6426943424957051,0.7821761115383986,0.5017006926531997,,,,,,,,,,
lightgbm,rel-amazon,user-churn,BINARY_CLASSIFICATION,0,30,roc_auc,cpu,False,"{""bagging_fraction"": 0.9893469303368, ""bagging_freq"": 1, ""cat_l2"": 0.1517170923124, ""cat_smooth"": 0.0019146599966, ""extra_trees"": true, ""feature_fraction"": 0.8076356640991, ""lambda_l1"": 0.2169752947, ""lambda_l2"": 0.6401022999299, ""learning_rate"": 0.0682833284969, ""max_cat_to_onehot"": 45, ""min_data_in_leaf"": 2, ""min_data_per_group"": 8, ""n_estimators"": 71, ""num_leaves"": 27}",e3bf995d,r17,0.5014792254401671,,10.572219529999984,1.2120972459999848,,,,0.6426975490366627,0.6426919022333282,0.7822144746118675,0.5014792254401671,,,,,,,,,,
lightgbm,rel-amazon,user-churn,BINARY_CLASSIFICATION,0,30,roc_auc,cpu,False,"{""bagging_fraction"": 0.8662727305253, ""bagging_freq"": 1, ""cat_l2"": 0.0750558998512, ""cat_smooth"": 0.2749087238468, ""extra_trees"": true, ""feature_fraction"": 0.6722181067336, ""lambda_l1"": 0.6631118952798, ""lambda_l2"": 0.7669894419544, ""learning_rate"": 0.011346355764, ""max_cat_to_onehot"": 13, ""min_data_in_leaf"": 8, ""min_data_per_group"": 12, ""n_estimators"": 235, ""num_leaves"": 4}",d16f6217,r18,0.5009225801034356,,16.09266849400001,0.919041376999985,,,,0.6424465957570356,0.642211170545057,0.7820741297843468,0.5009225801034356,,,,,,,,,,
lightgbm,rel-amazon,user-churn,BINARY_CLASSIFICATION,0,30,roc_auc,cpu,False,"{""bagging_fraction"": 0.7637171496671, ""bagging_freq"": 1, ""cat_l2"": 1.6733394870119, ""cat_smooth"": 25.4110617183616, ""extra_trees"": true, ""feature_fraction"": 0.7219475266652, ""lambda_l1"": 0.2633960444995, ""lambda_l2"": 1.1766753953959, ""learning_rate"": 0.0546075727721, ""max_cat_to_onehot"": 88, ""min_data_in_leaf"": 1, ""min_data_per_group"": 5, ""n_estimators"": 74, ""num_leaves"": 3}",3c940a82,r19,0.5010521184947133,,7.399590195999963,0.5800235449999036,,,,0.6425311512092522,0.6421965289707949,0.7820554935393296,0.5010521184947133,,,,,,,,,,
lightgbm,rel-amazon,user-churn,BINARY_CLASSIFICATION,0,30,roc_auc,cpu,False,"{""bagging_fraction"": 0.9145568099117, ""bagging_freq"": 1, ""cat_l2"": 0.0688015432043, ""cat_smooth"": 0.4410365667971, ""extra_trees"": false, ""feature_fraction"": 0.4842104682476, ""lambda_l1"": 0.6789116421659, ""lambda_l2"": 0.2119046236149, ""learning_rate"": 0.007497093098, ""max_cat_to_onehot"": 78, ""min_data_in_leaf"": 57, ""min_data_per_group"": 21, ""n_estimators"": 353, ""num_leaves"": 17}",a3464b9d,r2,0.5019031096669089,,40.185695399,6.541531030000044,,,,0.6429584606449933,0.6427065438075902,0.7822104414516527,0.5019031096669089,,,,,,,,,,
lightgbm,rel-amazon,user-churn,BINARY_CLASSIFICATION,0,30,roc_auc,cpu,False,"{""bagging_fraction"": 0.766732967316, ""bagging_freq"": 1, ""cat_l2"": 0.2949769749976, ""cat_smooth"": 76.211749790676, ""extra_trees"": false, ""feature_fraction"": 0.9380027758242, ""lambda_l1"": 0.0207489343658, ""lambda_l2"": 1.6621138056269, ""learning_rate"": 0.0087194268009, ""max_cat_to_onehot"": 51, ""min_data_in_leaf"": 2, ""min_data_per_group"": 20, ""n_estimators"": 428, ""num_leaves"": 19}",8d3659ac,r20,0.5129873232297222,,44.764286545999994,7.878148397999894,,,,0.6487648345441357,0.6418914961736686,0.7817032354034957,0.5129873232297222,,,,,,,,,,
lightgbm,rel-amazon,user-churn,BINARY_CLASSIFICATION,0,30,roc_auc,cpu,True,"{""bagging_fraction"": 0.806683821355, ""bagging_freq"": 1, ""cat_l2"": 0.0082421437739, ""cat_smooth"": 0.0160008811562, ""extra_trees"": false, ""feature_fraction"": 0.5089787202952, ""lambda_l1"": 0.2184810145264, ""lambda_l2"": 0.9723705046664, ""learning_rate"": 0.0507096180332, ""max_cat_to_onehot"": 54, ""min_data_in_leaf"": 3, ""min_data_per_group"": 18, ""n_estimators"": 165, ""num_leaves"": 161}",a6d8d71e,r21,0.5165234118846933,0.5170564379754283,83.48202588799995,24.65875648700012,88.90064163700004,21.040507701000024,,0.651185948127841,0.6420427924410432,0.7809122681243839,0.5165234118846933,0.6161320064373239,0.6071955326313995,0.7547959737591848,0.5170564379754283,,,,,,
lightgbm,rel-amazon,user-churn,BINARY_CLASSIFICATION,0,30,roc_auc,cpu,False,"{""bagging_fraction"": 0.9821295835758, ""bagging_freq"": 1, ""cat_l2"": 0.1367124095637, ""cat_smooth"": 0.0031729973642, ""extra_trees"": true, ""feature_fraction"": 0.7074360779775, ""lambda_l1"": 0.4552232983118, ""lambda_l2"": 1.417125445225, ""learning_rate"": 0.0925784167972, ""max_cat_to_onehot"": 8, ""min_data_in_leaf"": 5, ""min_data_per_group"": 7, ""n_estimators"": 123, ""num_leaves"": 2}",38aedfa8,r22,0.5008516733996753,,8.8564799090002,0.6270028849999107,,,,0.642421365948602,0.6424503162580041,0.7821660444793326,0.5008516733996753,,,,,,,,,,
lightgbm,rel-amazon,user-churn,BINARY_CLASSIFICATION,0,30,roc_auc,cpu,False,"{""bagging_fraction"": 0.9295975761421, ""bagging_freq"": 1, ""cat_l2"": 0.1658867884192, ""cat_smooth"": 0.0012082259188, ""extra_trees"": false, ""feature_fraction"": 0.7482682823129, ""lambda_l1"": 0.8788818548033, ""lambda_l2"": 0.9963306369924, ""learning_rate"": 0.0662004421712, ""max_cat_to_onehot"": 15, ""min_data_in_leaf"": 1, ""min_data_per_group"": 44, ""n_estimators"": 510, ""num_leaves"": 23}",3e9b950f,r23,0.5088506543505776,,63.24955528500004,12.009766510999953,,,,0.6480901830850613,0.6425991722630017,0.7819029806294823,0.5088506543505776,,,,,,,,,,
lightgbm,rel-amazon,user-churn,BINARY_CLASSIFICATION,0,30,roc_auc,cpu,False,"{""bagging_fraction"": 0.9245990859552, ""bagging_freq"": 1, ""cat_l2"": 1.592158021275, ""cat_smooth"": 44.4269586841343, ""extra_trees"": false, ""feature_fraction"": 0.872525293573, ""lambda_l1"": 0.492319014681, ""lambda_l2"": 1.6891157039359, ""learning_rate"": 0.0517998481756, ""max_cat_to_onehot"": 22, ""min_data_in_leaf"": 59, ""min_data_per_group"": 10, ""n_estimators"": 802, ""num_leaves"": 8}",0d0b00fe,r24,0.5142598863541206,,59.185747107,10.422920427999998,,,,0.649951695044373,0.6416938349211307,0.7811181190865548,0.5142598863541206,,,,,,,,,,
lightgbm,rel-amazon,user-churn,BINARY_CLASSIFICATION,0,30,roc_auc,cpu,False,"{""bagging_fraction"": 0.9711159219238, ""bagging_freq"": 1, ""cat_l2"": 0.0287842816393, ""cat_smooth"": 2.2365712242177, ""extra_trees"": false, ""feature_fraction"": 0.7638852760411, ""lambda_l1"": 0.7155896013433, ""lambda_l2"": 0.3887650116637, ""learning_rate"": 0.0956151137114, ""max_cat_to_onehot"": 23, ""min_data_in_leaf"": 5, ""min_data_per_group"": 8, ""n_estimators"": 132, ""num_leaves"": 117}",311db951,r25,0.513631793996098,,47.919591069000035,10.948146449000205,,,,0.6498926423995368,0.6411740590348274,0.7798465675324442,0.513631793996098,,,,,,,,,,
lightgbm,rel-amazon,user-churn,BINARY_CLASSIFICATION,0,30,roc_auc,cpu,False,"{""bagging_fraction"": 0.7751868160582, ""bagging_freq"": 1, ""cat_l2"": 0.7205179793324, ""cat_smooth"": 0.2412048314858, ""extra_trees"": false, ""feature_fraction"": 0.5086905770421, ""lambda_l1"": 0.7774298210926, ""lambda_l2"": 0.7417685131559, ""learning_rate"": 0.006296404929, ""max_cat_to_onehot"": 41, ""min_data_in_leaf"": 17, ""min_data_per_group"": 4, ""n_estimators"": 197, ""num_leaves"": 50}",e3b85f93,r26,0.5112391069375318,,43.82430922200001,10.050660017999917,,,,0.6476510721890862,0.642677260659066,0.7821368525985329,0.5112391069375318,,,,,,,,,,
lightgbm,rel-amazon,user-churn,BINARY_CLASSIFICATION,0,30,roc_auc,cpu,False,"{""bagging_fraction"": 0.9032235488416, ""bagging_freq"": 1, ""cat_l2"": 0.0484438463597, ""cat_smooth"": 0.2752154717585, ""extra_trees"": false, ""feature_fraction"": 0.8731273073839, ""lambda_l1"": 0.2594966220889, ""lambda_l2"": 0.3941888549433, ""learning_rate"": 0.0236586574252, ""max_cat_to_onehot"": 8, ""min_data_in_leaf"": 3, ""min_data_per_group"": 69, ""n_estimators"": 438, ""num_leaves"": 9}",d90cbc4e,r27,0.5038063213809847,,37.92408395899997,5.64713478900012,,,,0.6440781220156788,0.6427016632828362,0.7821264463596972,0.5038063213809847,,,,,,,,,,
lightgbm,rel-amazon,user-churn,BINARY_CLASSIFICATION,0,30,roc_auc,cpu,False,"{""bagging_fraction"": 0.943127227378, ""bagging_freq"": 1, ""cat_l2"": 0.0089165711882, ""cat_smooth"": 0.196142976357, ""extra_trees"": false, ""feature_fraction"": 0.4341088458599, ""lambda_l1"": 0.3738757566188, ""lambda_l2"": 0.9197657819236, ""learning_rate"": 0.0125354274243, ""max_cat_to_onehot"": 23, ""min_data_in_leaf"": 1, ""min_data_per_group"": 16, ""n_estimators"": 165, ""num_leaves"": 65}",10f688c8,r28,0.5127757148716054,,41.36104652499989,10.80370862399991,,,,0.648677332194288,0.6426235748867718,0.781921119327641,0.5127757148716054,,,,,,,,,,
lightgbm,rel-amazon,user-churn,BINARY_CLASSIFICATION,0,30,roc_auc,cpu,False,"{""bagging_fraction"": 0.8296444149774, ""bagging_freq"": 1, ""cat_l2"": 0.0231985345244, ""cat_smooth"": 0.419723324168, ""extra_trees"": true, ""feature_fraction"": 0.818198345035, ""lambda_l1"": 0.5876408752329, ""lambda_l2"": 0.0893201412781, ""learning_rate"": 0.0282078967013, ""max_cat_to_onehot"": 29, ""min_data_in_leaf"": 5, ""min_data_per_group"": 12, ""n_estimators"": 750, ""num_leaves"": 37}",fb774425,r29,0.5037139027794667,,59.600554987999885,7.409646868999971,,,,0.6440535914616384,0.6426748203966891,0.7821065115524664,0.5037139027794667,,,,,,,,,,
lightgbm,rel-amazon,user-churn,BINARY_CLASSIFICATION,0,30,roc_auc,cpu,False,"{""bagging_fraction"": 0.8808290128215, ""bagging_freq"": 1, ""cat_l2"": 1.0457234595842, ""cat_smooth"": 0.6921859910209, ""extra_trees"": true, ""feature_fraction"": 0.9220523550151, ""lambda_l1"": 0.7206605914604, ""lambda_l2"": 0.9472534786514, ""learning_rate"": 0.0132034424949, ""max_cat_to_onehot"": 25, ""min_data_in_leaf"": 15, ""min_data_per_group"": 7, ""n_estimators"": 335, ""num_leaves"": 35}",7ae6364f,r3,0.5030921980144343,,53.707845534,6.490093969999975,,,,0.6436235829145136,0.6427114243323442,0.782177127809929,0.5030921980144343,,,,,,,,,,
lightgbm,rel-amazon,user-churn,BINARY_CLASSIFICATION,0,30,roc_auc,cpu,False,"{""bagging_fraction"": 0.9256403562964, ""bagging_freq"": 1, ""cat_l2"": 0.173468569422, ""cat_smooth"": 0.1622096133057, ""extra_trees"": true, ""feature_fraction"": 0.8672172375647, ""lambda_l1"": 0.2728946202342, ""lambda_l2"": 1.5996117895528, ""learning_rate"": 0.0885567275464, ""max_cat_to_onehot"": 31, ""min_data_in_leaf"": 54, ""min_data_per_group"": 63, ""n_estimators"": 395, ""num_leaves"": 6}",a691dd6f,r30,0.5012237528257054,,22.16644439799984,0.9885542419999638,,,,0.6426380272865072,0.6425918514758707,0.7822114762654628,0.5012237528257054,,,,,,,,,,
lightgbm,rel-amazon,user-churn,BINARY_CLASSIFICATION,0,30,roc_auc,cpu,False,"{""bagging_fraction"": 0.8634649548991, ""bagging_freq"": 1, ""cat_l2"": 1.6087120636028, ""cat_smooth"": 42.4603130176821, ""extra_trees"": false, ""feature_fraction"": 0.6841648271642, ""lambda_l1"": 0.5820615900959, ""lambda_l2"": 0.3727460534192, ""learning_rate"": 0.0078289135266, ""max_cat_to_onehot"": 37, ""min_data_in_leaf"": 2, ""min_data_per_group"": 2, ""n_estimators"": 987, ""num_leaves"": 9}",1d48d1c9,r4,0.512154591634214,,75.35582197299999,11.242186199999992,,,,0.6484953632530902,0.6419378611588318,0.7816532219062542,0.512154591634214,,,,,,,,,,
lightgbm,rel-amazon,user-churn,BINARY_CLASSIFICATION,0,30,roc_auc,cpu,False,"{""bagging_fraction"": 0.8270964398017, ""bagging_freq"": 1, ""cat_l2"": 0.0497402357678, ""cat_smooth"": 0.0022655846367, ""extra_trees"": true, ""feature_fraction"": 0.8805464511878, ""lambda_l1"": 0.5374194921261, ""lambda_l2"": 1.4738626624402, ""learning_rate"": 0.009732329389, ""max_cat_to_onehot"": 78, ""min_data_in_leaf"": 4, ""min_data_per_group"": 24, ""n_estimators"": 285, ""num_leaves"": 44}",4f68409e,r5,0.501326469148437,,18.226614229000006,0.8778344300000072,,,,0.6426421274432481,0.6420281508667812,0.7819940852145224,0.501326469148437,,,,,,,,,,
lightgbm,rel-amazon,user-churn,BINARY_CLASSIFICATION,0,30,roc_auc,cpu,False,"{""bagging_fraction"": 0.7951605226208, ""bagging_freq"": 1, ""cat_l2"": 0.2087627025057, ""cat_smooth"": 0.0018992120999, ""extra_trees"": true, ""feature_fraction"": 0.5907899076364, ""lambda_l1"": 0.2654629519904, ""lambda_l2"": 0.6372060480074, ""learning_rate"": 0.0086558049456, ""max_cat_to_onehot"": 44, ""min_data_in_leaf"": 11, ""min_data_per_group"": 11, ""n_estimators"": 164, ""num_leaves"": 56}",3c57d7d3,r6,0.5012139279649199,,14.646517662000008,1.333174965000012,,,,0.6426141387035432,0.6422868186787444,0.7821075757260455,0.5012139279649199,,,,,,,,,,
lightgbm,rel-amazon,user-churn,BINARY_CLASSIFICATION,0,30,roc_auc,cpu,False,"{""bagging_fraction"": 0.9335036446078, ""bagging_freq"": 1, ""cat_l2"": 0.2830562687557, ""cat_smooth"": 0.1802171314263, ""extra_trees"": true, ""feature_fraction"": 0.6485577967088, ""lambda_l1"": 0.5232957286614, ""lambda_l2"": 1.3348540188894, ""learning_rate"": 0.0289761662926, ""max_cat_to_onehot"": 15, ""min_data_in_leaf"": 11, ""min_data_per_group"": 55, ""n_estimators"": 701, ""num_leaves"": 20}",134c98bb,r7,0.5010325482136943,,35.76228280500004,1.108863618999976,,,,0.642545411167299,0.6423600265500546,0.7821256124827554,0.5010325482136943,,,,,,,,,,
lightgbm,rel-amazon,user-churn,BINARY_CLASSIFICATION,0,30,roc_auc,cpu,False,"{""bagging_fraction"": 0.9848713160352, ""bagging_freq"": 1, ""cat_l2"": 1.6905546285477, ""cat_smooth"": 0.001258746648, ""extra_trees"": true, ""feature_fraction"": 0.4384884978093, ""lambda_l1"": 0.0940311167074, ""lambda_l2"": 0.2636825450225, ""learning_rate"": 0.0053104402291, ""max_cat_to_onehot"": 51, ""min_data_in_leaf"": 10, ""min_data_per_group"": 31, ""n_estimators"": 285, ""num_leaves"": 164}",42517afb,r8,0.5007767323543821,,17.706125341000075,0.9622249459999921,,,,0.6424030525228329,0.6420281508667812,0.7819940852145224,0.5007767323543821,,,,,,,,,,
lightgbm,rel-amazon,user-churn,BINARY_CLASSIFICATION,0,30,roc_auc,cpu,False,"{""bagging_fraction"": 0.898758060085, ""bagging_freq"": 1, ""cat_l2"": 0.964011246959, ""cat_smooth"": 0.1616421454928, ""extra_trees"": false, ""feature_fraction"": 0.815483271622, ""lambda_l1"": 0.5759889009066, ""lambda_l2"": 1.4326827755167, ""learning_rate"": 0.0599026240177, ""max_cat_to_onehot"": 91, ""min_data_in_leaf"": 2, ""min_data_per_group"": 6, ""n_estimators"": 702, ""num_leaves"": 39}",b7f5d391,r9,0.516068684254773,,165.13499162699998,47.62862613000004,,,,0.6511010773519048,0.64199642745588,0.7808730901992063,0.516068684254773,,,,,,,,,,
lightgbm,rel-amazon,user-ltv,REGRESSION,0,30,mae,cpu,False,{},bf21a9e8,default,14.151272309568881,16.78298070930293,15.38023990900001,1.0763501469999994,15.48980538700016,0.7414298139999573,,,,,,,,,,-0.08214070741935542,14.151272309568881,50.893257543824134,-0.0916344191952918,16.78298070930293,57.92664266280376
lightgbm,rel-amazon,user-ltv,REGRESSION,0,30,mae,cpu,False,"{""bagging_fraction"": 0.8646440511782, ""bagging_freq"": 1, ""cat_l2"": 0.2396763788772, ""cat_smooth"": 9.0912832806515, ""extra_trees"": true, ""feature_fraction"": 0.9742930953718, ""lambda_l1"": 0.5205254318032, ""lambda_l2"": 1.5172553870823, ""learning_rate"": 0.0095655183906, ""max_cat_to_onehot"": 21, ""min_data_in_leaf"": 1, ""min_data_per_group"": 38, ""n_estimators"": 885, ""num_leaves"": 13}",9ddece77,r1,14.137619930924737,,71.669469526,7.609522888000015,,,,,,,,,,,,-0.0822927166293268,14.137619930924737,50.89683192752442,,,
lightgbm,rel-amazon,user-ltv,REGRESSION,0,30,mae,cpu,False,"{""bagging_fraction"": 0.7040714906836, ""bagging_freq"": 1, ""cat_l2"": 0.1059359109832, ""cat_smooth"": 79.0557829290776, ""extra_trees"": true, ""feature_fraction"": 0.7399608725239, ""lambda_l1"": 0.9293032679565, ""lambda_l2"": 0.5788832452851, ""learning_rate"": 0.0050708289337, ""max_cat_to_onehot"": 15, ""min_data_in_leaf"": 53, ""min_data_per_group"": 48, ""n_estimators"": 398, ""num_leaves"": 14}",85d4ebc9,r10,14.140723379554185,,34.04476472199997,4.2069158689999995,,,,,,,,,,,,-0.08353853304446046,14.140723379554185,50.92611692182532,,,
lightgbm,rel-amazon,user-ltv,REGRESSION,0,30,mae,cpu,False,"{""bagging_fraction"": 0.8819179642384, ""bagging_freq"": 1, ""cat_l2"": 0.2028071332361, ""cat_smooth"": 0.9002514016925, ""extra_trees"": true, ""feature_fraction"": 0.9904253448185, ""lambda_l1"": 0.3523764300344, ""lambda_l2"": 1.0166800656129, ""learning_rate"": 0.0076046378471, ""max_cat_to_onehot"": 9, ""min_data_in_leaf"": 51, ""min_data_per_group"": 4, ""n_estimators"": 309, ""num_leaves"": 50}",eb5d77d2,r11,14.120617793573338,,35.009400454,3.7454245059999494,,,,,,,,,,,,-0.07990703184742287,14.120617793573338,50.840705344293866,,,
lightgbm,rel-amazon,user-ltv,REGRESSION,0,30,mae,cpu,False,"{""bagging_fraction"": 0.7057579594928, ""bagging_freq"": 1, ""cat_l2"": 0.0652607238611, ""cat_smooth"": 0.7440913299852, ""extra_trees"": true, ""feature_fraction"": 0.5562045565524, ""lambda_l1"": 0.4693022490728, ""lambda_l2"": 0.3337783413457, ""learning_rate"": 0.005523232486, ""max_cat_to_onehot"": 20, ""min_data_in_leaf"": 22, ""min_data_per_group"": 3, ""n_estimators"": 298, ""num_leaves"": 194}",97b0d170,r12,14.1275897080059,,64.59727341899998,14.326884962999998,,,,,,,,,,,,-0.08121490647416207,14.1275897080059,50.871482599307306,,,
lightgbm,rel-amazon,user-ltv,REGRESSION,0,30,mae,cpu,False,"{""bagging_fraction"": 0.7904724450024, ""bagging_freq"": 1, ""cat_l2"": 0.0112585288934, ""cat_smooth"": 1.8450328342775, ""extra_trees"": false, ""feature_fraction"": 0.7222135128255, ""lambda_l1"": 0.8411560157726, ""lambda_l2"": 1.5581241341161, ""learning_rate"": 0.0949138303247, ""max_cat_to_onehot"": 8, ""min_data_in_leaf"": 4, ""min_data_per_group"": 12, ""n_estimators"": 523, ""num_leaves"": 6}",b0f88568,r13,14.119251249309993,,39.347173623,3.552619105000076,,,,,,,,,,,,-0.07815667981461205,14.119251249309993,50.79948641628896,,,
lightgbm,rel-amazon,user-ltv,REGRESSION,0,30,mae,cpu,False,"{""bagging_fraction"": 0.8980520612478, ""bagging_freq"": 1, ""cat_l2"": 0.0298619738506, ""cat_smooth"": 1.8218656600978, ""extra_trees"": false, ""feature_fraction"": 0.6687557031224, ""lambda_l1"": 0.9046572794351, ""lambda_l2"": 1.7298800978754, ""learning_rate"": 0.0152979229147, ""max_cat_to_onehot"": 14, ""min_data_in_leaf"": 7, ""min_data_per_group"": 61, ""n_estimators"": 223, ""num_leaves"": 45}",c9bdab03,r14,14.123263095545816,,46.19314260099998,9.92275206499994,,,,,,,,,,,,-0.07891621107192814,14.123263095545816,50.817376675470044,,,
lightgbm,rel-amazon,user-ltv,REGRESSION,0,30,mae,cpu,False,"{""bagging_fraction"": 0.7870232821631, ""bagging_freq"": 1, ""cat_l2"": 0.1520732736224, ""cat_smooth"": 0.143579414226, ""extra_trees"": false, ""feature_fraction"": 0.4597414534665, ""lambda_l1"": 0.0376556278898, ""lambda_l2"": 0.8228523078385, ""learning_rate"": 0.0175995134195, ""max_cat_to_onehot"": 55, ""min_data_in_leaf"": 4, ""min_data_per_group"": 81, ""n_estimators"": 58, ""num_leaves"": 107}",5c4e94f9,r15,14.128583754691164,,25.233137333999935,5.459573313999954,,,,,,,,,,,,-0.08126208160244519,14.128583754691164,50.87259238910314,,,
lightgbm,rel-amazon,user-ltv,REGRESSION,0,30,mae,cpu,False,"{""bagging_fraction"": 0.9252532736885, ""bagging_freq"": 1, ""cat_l2"": 0.0185425303217, ""cat_smooth"": 0.0026697944708, ""extra_trees"": true, ""feature_fraction"": 0.4403497788779, ""lambda_l1"": 0.990339913502, ""lambda_l2"": 1.5167814698069, ""learning_rate"": 0.032907451476, ""max_cat_to_onehot"": 89, ""min_data_in_leaf"": 2, ""min_data_per_group"": 10, ""n_estimators"": 665, ""num_leaves"": 12}",66abad1a,r16,14.117795692613514,,51.79111730500006,5.88015551400008,,,,,,,,,,,,-0.07649317532071342,14.117795692613514,50.76028163428588,,,
lightgbm,rel-amazon,user-ltv,REGRESSION,0,30,mae,cpu,False,"{""bagging_fraction"": 0.9893469303368, ""bagging_freq"": 1, ""cat_l2"": 0.1517170923124, ""cat_smooth"": 0.0019146599966, ""extra_trees"": true, ""feature_fraction"": 0.8076356640991, ""lambda_l1"": 0.2169752947, ""lambda_l2"": 0.6401022999299, ""learning_rate"": 0.0682833284969, ""max_cat_to_onehot"": 45, ""min_data_in_leaf"": 2, ""min_data_per_group"": 8, ""n_estimators"": 71, ""num_leaves"": 27}",e3bf995d,r17,14.113574781454252,,11.529305164999982,1.1721729500000038,,,,,,,,,,,,-0.07688119047986053,14.113574781454252,50.76942892138674,,,
lightgbm,rel-amazon,user-ltv,REGRESSION,0,30,mae,cpu,False,"{""bagging_fraction"": 0.8662727305253, ""bagging_freq"": 1, ""cat_l2"": 0.0750558998512, ""cat_smooth"": 0.2749087238468, ""extra_trees"": true, ""feature_fraction"": 0.6722181067336, ""lambda_l1"": 0.6631118952798, ""lambda_l2"": 0.7669894419544, ""learning_rate"": 0.011346355764, ""max_cat_to_onehot"": 13, ""min_data_in_leaf"": 8, ""min_data_per_group"": 12, ""n_estimators"": 235, ""num_leaves"": 4}",d16f6217,r18,14.132280676321844,,17.152690440000015,0.8497757869999987,,,,,,,,,,,,-0.08217777882692867,14.132280676321844,50.894129273591915,,,
lightgbm,rel-amazon,user-ltv,REGRESSION,0,30,mae,cpu,False,"{""bagging_fraction"": 0.7637171496671, ""bagging_freq"": 1, ""cat_l2"": 1.6733394870119, ""cat_smooth"": 25.4110617183616, ""extra_trees"": true, ""feature_fraction"": 0.7219475266652, ""lambda_l1"": 0.2633960444995, ""lambda_l2"": 1.1766753953959, ""learning_rate"": 0.0546075727721, ""max_cat_to_onehot"": 88, ""min_data_in_leaf"": 1, ""min_data_per_group"": 5, ""n_estimators"": 74, ""num_leaves"": 3}",3c940a82,r19,14.139728846256741,,7.753089646000035,0.5866871270000047,,,,,,,,,,,,-0.08339189486490439,14.139728846256741,50.922670821145445,,,
lightgbm,rel-amazon,user-ltv,REGRESSION,0,30,mae,cpu,False,"{""bagging_fraction"": 0.9145568099117, ""bagging_freq"": 1, ""cat_l2"": 0.0688015432043, ""cat_smooth"": 0.4410365667971, ""extra_trees"": false, ""feature_fraction"": 0.4842104682476, ""lambda_l1"": 0.6789116421659, ""lambda_l2"": 0.2119046236149, ""learning_rate"": 0.007497093098, ""max_cat_to_onehot"": 78, ""min_data_in_leaf"": 57, ""min_data_per_group"": 21, ""n_estimators"": 353, ""num_leaves"": 17}",a3464b9d,r2,14.122965609667764,,43.69425057199999,6.501194464999969,,,,,,,,,,,,-0.0798330257952915,14.122965609667764,50.83896325713138,,,
lightgbm,rel-amazon,user-ltv,REGRESSION,0,30,mae,cpu,False,"{""bagging_fraction"": 0.766732967316, ""bagging_freq"": 1, ""cat_l2"": 0.2949769749976, ""cat_smooth"": 76.211749790676, ""extra_trees"": false, ""feature_fraction"": 0.9380027758242, ""lambda_l1"": 0.0207489343658, ""lambda_l2"": 1.6621138056269, ""learning_rate"": 0.0087194268009, ""max_cat_to_onehot"": 51, ""min_data_in_leaf"": 2, ""min_data_per_group"": 20, ""n_estimators"": 428, ""num_leaves"": 19}",8d3659ac,r20,14.147850413853979,,41.09492807499987,3.881204948000004,,,,,,,,,,,,-0.08255867368356173,14.147850413853979,50.903085106444465,,,
lightgbm,rel-amazon,user-ltv,REGRESSION,0,30,mae,cpu,False,"{""bagging_fraction"": 0.806683821355, ""bagging_freq"": 1, ""cat_l2"": 0.0082421437739, ""cat_smooth"": 0.0160008811562, ""extra_trees"": false, ""feature_fraction"": 0.5089787202952, ""lambda_l1"": 0.2184810145264, ""lambda_l2"": 0.9723705046664, ""learning_rate"": 0.0507096180332, ""max_cat_to_onehot"": 54, ""min_data_in_leaf"": 3, ""min_data_per_group"": 18, ""n_estimators"": 165, ""num_leaves"": 161}",a6d8d71e,r21,14.12443081060972,,82.13746527399985,22.40893865399994,,,,,,,,,,,,-0.07613695541305265,14.12443081060972,50.75188245473118,,,
lightgbm,rel-amazon,user-ltv,REGRESSION,0,30,mae,cpu,False,"{""bagging_fraction"": 0.9821295835758, ""bagging_freq"": 1, ""cat_l2"": 0.1367124095637, ""cat_smooth"": 0.0031729973642, ""extra_trees"": true, ""feature_fraction"": 0.7074360779775, ""lambda_l1"": 0.4552232983118, ""lambda_l2"": 1.417125445225, ""learning_rate"": 0.0925784167972, ""max_cat_to_onehot"": 8, ""min_data_in_leaf"": 5, ""min_data_per_group"": 7, ""n_estimators"": 123, ""num_leaves"": 2}",38aedfa8,r22,14.127076431605785,,9.961912052000116,0.6284722240000065,,,,,,,,,,,,-0.08115898606228744,14.127076431605785,50.870167046300125,,,
lightgbm,rel-amazon,user-ltv,REGRESSION,0,30,mae,cpu,False,"{""bagging_fraction"": 0.9295975761421, ""bagging_freq"": 1, ""cat_l2"": 0.1658867884192, ""cat_smooth"": 0.0012082259188, ""extra_trees"": false, ""feature_fraction"": 0.7482682823129, ""lambda_l1"": 0.8788818548033, ""lambda_l2"": 0.9963306369924, ""learning_rate"": 0.0662004421712, ""max_cat_to_onehot"": 15, ""min_data_in_leaf"": 1, ""min_data_per_group"": 44, ""n_estimators"": 510, ""num_leaves"": 23}",3e9b950f,r23,14.122313010469739,,72.05227301600007,11.715540525000051,,,,,,,,,,,,-0.07779943652521948,14.122313010469739,50.79106960660093,,,
lightgbm,rel-amazon,user-ltv,REGRESSION,0,30,mae,cpu,False,"{""bagging_fraction"": 0.9245990859552, ""bagging_freq"": 1, ""cat_l2"": 1.592158021275, ""cat_smooth"": 44.4269586841343, ""extra_trees"": false, ""feature_fraction"": 0.872525293573, ""lambda_l1"": 0.492319014681, ""lambda_l2"": 1.6891157039359, ""learning_rate"": 0.0517998481756, ""max_cat_to_onehot"": 22, ""min_data_in_leaf"": 59, ""min_data_per_group"": 10, ""n_estimators"": 802, ""num_leaves"": 8}",0d0b00fe,r24,14.151672529765442,,59.29538156700005,8.070189925000022,,,,,,,,,,,,-0.08213445619294935,14.151672529765442,50.89311054550278,,,
lightgbm,rel-amazon,user-ltv,REGRESSION,0,30,mae,cpu,False,"{""bagging_fraction"": 0.9711159219238, ""bagging_freq"": 1, ""cat_l2"": 0.0287842816393, ""cat_smooth"": 2.2365712242177, ""extra_trees"": false, ""feature_fraction"": 0.7638852760411, ""lambda_l1"": 0.7155896013433, ""lambda_l2"": 0.3887650116637, ""learning_rate"": 0.0956151137114, ""max_cat_to_onehot"": 23, ""min_data_in_leaf"": 5, ""min_data_per_group"": 8, ""n_estimators"": 132, ""num_leaves"": 117}",311db951,r25,14.123280815504382,,47.50799856000003,6.656177277999859,,,,,,,,,,,,-0.07593173979183154,14.123280815504382,50.74704311917496,,,
lightgbm,rel-amazon,user-ltv,REGRESSION,0,30,mae,cpu,False,"{""bagging_fraction"": 0.7751868160582, ""bagging_freq"": 1, ""cat_l2"": 0.7205179793324, ""cat_smooth"": 0.2412048314858, ""extra_trees"": false, ""feature_fraction"": 0.5086905770421, ""lambda_l1"": 0.7774298210926, ""lambda_l2"": 0.7417685131559, ""learning_rate"": 0.006296404929, ""max_cat_to_onehot"": 41, ""min_data_in_leaf"": 17, ""min_data_per_group"": 4, ""n_estimators"": 197, ""num_leaves"": 50}",e3b85f93,r26,14.127906638224362,,46.73347777899994,9.303257791000078,,,,,,,,,,,,-0.08110803756660512,14.127906638224362,50.86896843025303,,,
lightgbm,rel-amazon,user-ltv,REGRESSION,0,30,mae,cpu,False,"{""bagging_fraction"": 0.9032235488416, ""bagging_freq"": 1, ""cat_l2"": 0.0484438463597, ""cat_smooth"": 0.2752154717585, ""extra_trees"": false, ""feature_fraction"": 0.8731273073839, ""lambda_l1"": 0.2594966220889, ""lambda_l2"": 0.3941888549433, ""learning_rate"": 0.0236586574252, ""max_cat_to_onehot"": 8, ""min_data_in_leaf"": 3, ""min_data_per_group"": 69, ""n_estimators"": 438, ""num_leaves"": 9}",d90cbc4e,r27,14.140208363313585,,33.4657730670001,1.0270906609998747,,,,,,,,,,,,-0.08347230408540529,14.140208363313585,50.92456052343721,,,
lightgbm,rel-amazon,user-ltv,REGRESSION,0,30,mae,cpu,False,"{""bagging_fraction"": 0.943127227378, ""bagging_freq"": 1, ""cat_l2"": 0.0089165711882, ""cat_smooth"": 0.196142976357, ""extra_trees"": false, ""feature_fraction"": 0.4341088458599, ""lambda_l1"": 0.3738757566188, ""lambda_l2"": 0.9197657819236, ""learning_rate"": 0.0125354274243, ""max_cat_to_onehot"": 23, ""min_data_in_leaf"": 1, ""min_data_per_group"": 16, ""n_estimators"": 165, ""num_leaves"": 65}",10f688c8,r28,14.123716608798512,,45.89903394199996,9.908569552000017,,,,,,,,,,,,-0.07969916353386242,14.123716608798512,50.835812015527154,,,
lightgbm,rel-amazon,user-ltv,REGRESSION,0,30,mae,cpu,False,"{""bagging_fraction"": 0.8296444149774, ""bagging_freq"": 1, ""cat_l2"": 0.0231985345244, ""cat_smooth"": 0.419723324168, ""extra_trees"": true, ""feature_fraction"": 0.818198345035, ""lambda_l1"": 0.5876408752329, ""lambda_l2"": 0.0893201412781, ""learning_rate"": 0.0282078967013, ""max_cat_to_onehot"": 29, ""min_data_in_leaf"": 5, ""min_data_per_group"": 12, ""n_estimators"": 750, ""num_leaves"": 37}",fb774425,r29,14.111370420482213,,56.45411085900014,5.257868059999964,,,,,,,,,,,,-0.07557561810795144,14.111370420482213,50.738644064920145,,,
lightgbm,rel-amazon,user-ltv,REGRESSION,0,30,mae,cpu,False,"{""bagging_fraction"": 0.8808290128215, ""bagging_freq"": 1, ""cat_l2"": 1.0457234595842, ""cat_smooth"": 0.6921859910209, ""extra_trees"": true, ""feature_fraction"": 0.9220523550151, ""lambda_l1"": 0.7206605914604, ""lambda_l2"": 0.9472534786514, ""learning_rate"": 0.0132034424949, ""max_cat_to_onehot"": 25, ""min_data_in_leaf"": 15, ""min_data_per_group"": 7, ""n_estimators"": 335, ""num_leaves"": 35}",7ae6364f,r3,14.113969332667855,,45.96804695499998,6.781715835999989,,,,,,,,,,,,-0.07760042371354414,14.113969332667855,50.78638017187023,,,
lightgbm,rel-amazon,user-ltv,REGRESSION,0,30,mae,cpu,False,"{""bagging_fraction"": 0.9256403562964, ""bagging_freq"": 1, ""cat_l2"": 0.173468569422, ""cat_smooth"": 0.1622096133057, ""extra_trees"": true, ""feature_fraction"": 0.8672172375647, ""lambda_l1"": 0.2728946202342, ""lambda_l2"": 1.5996117895528, ""learning_rate"": 0.0885567275464, ""max_cat_to_onehot"": 31, ""min_data_in_leaf"": 54, ""min_data_per_group"": 63, ""n_estimators"": 395, ""num_leaves"": 6}",a691dd6f,r30,14.131780833567461,,23.620872783000095,0.8278794889999972,,,,,,,,,,,,-0.08197717218713052,14.131780833567461,50.88941185393426,,,
lightgbm,rel-amazon,user-ltv,REGRESSION,0,30,mae,cpu,False,"{""bagging_fraction"": 0.8634649548991, ""bagging_freq"": 1, ""cat_l2"": 1.6087120636028, ""cat_smooth"": 42.4603130176821, ""extra_trees"": false, ""feature_fraction"": 0.6841648271642, ""lambda_l1"": 0.5820615900959, ""lambda_l2"": 0.3727460534192, ""learning_rate"": 0.0078289135266, ""max_cat_to_onehot"": 37, ""min_data_in_leaf"": 2, ""min_data_per_group"": 2, ""n_estimators"": 987, ""num_leaves"": 9}",1d48d1c9,r4,14.1407152409027,,80.16879044899997,10.76803808599999,,,,,,,,,,,,-0.08354221548121465,14.1407152409027,50.92620345868564,,,
lightgbm,rel-amazon,user-ltv,REGRESSION,0,30,mae,cpu,False,"{""bagging_fraction"": 0.8270964398017, ""bagging_freq"": 1, ""cat_l2"": 0.0497402357678, ""cat_smooth"": 0.0022655846367, ""extra_trees"": true, ""feature_fraction"": 0.8805464511878, ""lambda_l1"": 0.5374194921261, ""lambda_l2"": 1.4738626624402, ""learning_rate"": 0.009732329389, ""max_cat_to_onehot"": 78, ""min_data_in_leaf"": 4, ""min_data_per_group"": 24, ""n_estimators"": 285, ""num_leaves"": 44}",4f68409e,r5,14.135367439488912,,20.341658054999982,0.8850673379999989,,,,,,,,,,,,-0.08271921801275695,14.135367439488912,50.906859450915334,,,
lightgbm,rel-amazon,user-ltv,REGRESSION,0,30,mae,cpu,False,"{""bagging_fraction"": 0.7951605226208, ""bagging_freq"": 1, ""cat_l2"": 0.2087627025057, ""cat_smooth"": 0.0018992120999, ""extra_trees"": true, ""feature_fraction"": 0.5907899076364, ""lambda_l1"": 0.2654629519904, ""lambda_l2"": 0.6372060480074, ""learning_rate"": 0.0086558049456, ""max_cat_to_onehot"": 44, ""min_data_in_leaf"": 11, ""min_data_per_group"": 11, ""n_estimators"": 164, ""num_leaves"": 56}",3c57d7d3,r6,14.13076076930168,,17.948810658000014,1.684357325999997,,,,,,,,,,,,-0.08196444630119992,14.13076076930168,50.889112580173574,,,
lightgbm,rel-amazon,user-ltv,REGRESSION,0,30,mae,cpu,False,"{""bagging_fraction"": 0.9335036446078, ""bagging_freq"": 1, ""cat_l2"": 0.2830562687557, ""cat_smooth"": 0.1802171314263, ""extra_trees"": true, ""feature_fraction"": 0.6485577967088, ""lambda_l1"": 0.5232957286614, ""lambda_l2"": 1.3348540188894, ""learning_rate"": 0.0289761662926, ""max_cat_to_onehot"": 15, ""min_data_in_leaf"": 11, ""min_data_per_group"": 55, ""n_estimators"": 701, ""num_leaves"": 20}",134c98bb,r7,14.128713543353028,,33.574611577999974,1.0519674519999853,,,,,,,,,,,,-0.0814896955155775,14.128713543353028,50.877946641648734,,,
lightgbm,rel-amazon,user-ltv,REGRESSION,0,30,mae,cpu,False,"{""bagging_fraction"": 0.9848713160352, ""bagging_freq"": 1, ""cat_l2"": 1.6905546285477, ""cat_smooth"": 0.001258746648, ""extra_trees"": true, ""feature_fraction"": 0.4384884978093, ""lambda_l1"": 0.0940311167074, ""lambda_l2"": 0.2636825450225, ""learning_rate"": 0.0053104402291, ""max_cat_to_onehot"": 51, ""min_data_in_leaf"": 10, ""min_data_per_group"": 31, ""n_estimators"": 285, ""num_leaves"": 164}",42517afb,r8,14.13788615984439,,19.060546154000008,0.834968076999985,,,,,,,,,,,,-0.08304412444941667,14.13788615984439,50.91449703846941,,,
lightgbm,rel-amazon,user-ltv,REGRESSION,0,30,mae,cpu,True,"{""bagging_fraction"": 0.898758060085, ""bagging_freq"": 1, ""cat_l2"": 0.964011246959, ""cat_smooth"": 0.1616421454928, ""extra_trees"": false, ""feature_fraction"": 0.815483271622, ""lambda_l1"": 0.5759889009066, ""lambda_l2"": 1.4326827755167, ""learning_rate"": 0.0599026240177, ""max_cat_to_onehot"": 91, ""min_data_in_leaf"": 2, ""min_data_per_group"": 6, ""n_estimators"": 702, ""num_leaves"": 39}",b7f5d391,r9,14.109042610085933,16.784681884371857,102.28948202599997,6.943291101,105.29419293500018,1.2728587589999734,,,,,,,,,,-0.07718295426714539,14.109042610085933,50.77654173112193,-0.09148686897284164,16.784681884371857,57.9227277176098
lightgbm,rel-avito,ad-ctr,REGRESSION,0,30,mae,cpu,False,{},bf21a9e8,default,0.03970188762430846,0.04281701206716858,1.2638159500000086,0.8850459579999921,0.9638707539999984,0.9069439639999928,,,,,,,,,,-0.0840971636155956,0.03970188762430846,0.103288203525021,-0.09152085235484719,0.04281701206716858,0.11466542783014128
lightgbm,rel-avito,ad-ctr,REGRESSION,0,30,mae,cpu,False,"{""bagging_fraction"": 0.8646440511782, ""bagging_freq"": 1, ""cat_l2"": 0.2396763788772, ""cat_smooth"": 9.0912832806515, ""extra_trees"": true, ""feature_fraction"": 0.9742930953718, ""lambda_l1"": 0.5205254318032, ""lambda_l2"": 1.5172553870823, ""learning_rate"": 0.0095655183906, ""max_cat_to_onehot"": 21, ""min_data_in_leaf"": 1, ""min_data_per_group"": 38, ""n_estimators"": 885, ""num_leaves"": 13}",9ddece77,r1,0.03978783683421975,,1.059922223000001,0.9037526900000046,,,,,,,,,,,,-0.09007920406472136,0.03978783683421975,0.10357278327456022,,,
lightgbm,rel-avito,ad-ctr,REGRESSION,0,30,mae,cpu,False,"{""bagging_fraction"": 0.7040714906836, ""bagging_freq"": 1, ""cat_l2"": 0.1059359109832, ""cat_smooth"": 79.0557829290776, ""extra_trees"": true, ""feature_fraction"": 0.7399608725239, ""lambda_l1"": 0.9293032679565, ""lambda_l2"": 0.5788832452851, ""learning_rate"": 0.0050708289337, ""max_cat_to_onehot"": 15, ""min_data_in_leaf"": 53, ""min_data_per_group"": 48, ""n_estimators"": 398, ""num_leaves"": 14}",85d4ebc9,r10,0.03982205293670024,,0.954634415000001,0.9005089089999956,,,,,,,,,,,,-0.09220025165605028,0.03982205293670024,0.10367349891166734,,,
lightgbm,rel-avito,ad-ctr,REGRESSION,0,30,mae,cpu,False,"{""bagging_fraction"": 0.8819179642384, ""bagging_freq"": 1, ""cat_l2"": 0.2028071332361, ""cat_smooth"": 0.9002514016925, ""extra_trees"": true, ""feature_fraction"": 0.9904253448185, ""lambda_l1"": 0.3523764300344, ""lambda_l2"": 1.0166800656129, ""learning_rate"": 0.0076046378471, ""max_cat_to_onehot"": 9, ""min_data_in_leaf"": 51, ""min_data_per_group"": 4, ""n_estimators"": 309, ""num_leaves"": 50}",eb5d77d2,r11,0.03947573510856739,,0.9881827459999926,0.8968353289999982,,,,,,,,,,,,-0.08948202714490283,0.03947573510856739,0.10354440930468589,,,
lightgbm,rel-avito,ad-ctr,REGRESSION,0,30,mae,cpu,False,"{""bagging_fraction"": 0.7057579594928, ""bagging_freq"": 1, ""cat_l2"": 0.0652607238611, ""cat_smooth"": 0.7440913299852, ""extra_trees"": true, ""feature_fraction"": 0.5562045565524, ""lambda_l1"": 0.4693022490728, ""lambda_l2"": 0.3337783413457, ""learning_rate"": 0.005523232486, ""max_cat_to_onehot"": 20, ""min_data_in_leaf"": 22, ""min_data_per_group"": 3, ""n_estimators"": 298, ""num_leaves"": 194}",97b0d170,r12,0.03943484417964898,,1.003287403999991,0.8902182779999919,,,,,,,,,,,,-0.0874099524989036,0.03943484417964898,0.10344589741992312,,,
lightgbm,rel-avito,ad-ctr,REGRESSION,0,30,mae,cpu,True,"{""bagging_fraction"": 0.7904724450024, ""bagging_freq"": 1, ""cat_l2"": 0.0112585288934, ""cat_smooth"": 1.8450328342775, ""extra_trees"": false, ""feature_fraction"": 0.7222135128255, ""lambda_l1"": 0.8411560157726, ""lambda_l2"": 1.5581241341161, ""learning_rate"": 0.0949138303247, ""max_cat_to_onehot"": 8, ""min_data_in_leaf"": 4, ""min_data_per_group"": 12, ""n_estimators"": 523, ""num_leaves"": 6}",b0f88568,r13,0.03819366796283449,0.04124974675453195,1.0559345550000216,0.9063786719999882,1.122652560000006,0.9014947610000092,,,,,,,,,,-0.055149665204049514,0.03819366796283449,0.10189987529961077,-0.053847226497721,0.04124974675453195,0.11266922468708383
lightgbm,rel-avito,ad-ctr,REGRESSION,0,30,mae,cpu,False,"{""bagging_fraction"": 0.8980520612478, ""bagging_freq"": 1, ""cat_l2"": 0.0298619738506, ""cat_smooth"": 1.8218656600978, ""extra_trees"": false, ""feature_fraction"": 0.6687557031224, ""lambda_l1"": 0.9046572794351, ""lambda_l2"": 1.7298800978754, ""learning_rate"": 0.0152979229147, ""max_cat_to_onehot"": 14, ""min_data_in_leaf"": 7, ""min_data_per_group"": 61, ""n_estimators"": 223, ""num_leaves"": 45}",c9bdab03,r14,0.03831830387613324,,1.089989327000012,0.9059372410000037,,,,,,,,,,,,-0.06210392246766694,0.03831830387613324,0.10223512355131188,,,
lightgbm,rel-avito,ad-ctr,REGRESSION,0,30,mae,cpu,False,"{""bagging_fraction"": 0.7870232821631, ""bagging_freq"": 1, ""cat_l2"": 0.1520732736224, ""cat_smooth"": 0.143579414226, ""extra_trees"": false, ""feature_fraction"": 0.4597414534665, ""lambda_l1"": 0.0376556278898, ""lambda_l2"": 0.8228523078385, ""learning_rate"": 0.0175995134195, ""max_cat_to_onehot"": 55, ""min_data_in_leaf"": 4, ""min_data_per_group"": 81, ""n_estimators"": 58, ""num_leaves"": 107}",5c4e94f9,r15,0.03936422509804661,,0.9540726749999919,0.892738874999992,,,,,,,,,,,,-0.08537677401672794,0.03936422509804661,0.10334914348767976,,,
lightgbm,rel-avito,ad-ctr,REGRESSION,0,30,mae,cpu,False,"{""bagging_fraction"": 0.9252532736885, ""bagging_freq"": 1, ""cat_l2"": 0.0185425303217, ""cat_smooth"": 0.0026697944708, ""extra_trees"": true, ""feature_fraction"": 0.4403497788779, ""lambda_l1"": 0.990339913502, ""lambda_l2"": 1.5167814698069, ""learning_rate"": 0.032907451476, ""max_cat_to_onehot"": 89, ""min_data_in_leaf"": 2, ""min_data_per_group"": 10, ""n_estimators"": 665, ""num_leaves"": 12}",66abad1a,r16,0.03933634616855886,,1.0044079380000142,0.8846397799999863,,,,,,,,,,,,-0.08896546629807411,0.03933634616855886,0.10351985941403606,,,
lightgbm,rel-avito,ad-ctr,REGRESSION,0,30,mae,cpu,False,"{""bagging_fraction"": 0.9893469303368, ""bagging_freq"": 1, ""cat_l2"": 0.1517170923124, ""cat_smooth"": 0.0019146599966, ""extra_trees"": true, ""feature_fraction"": 0.8076356640991, ""lambda_l1"": 0.2169752947, ""lambda_l2"": 0.6401022999299, ""learning_rate"": 0.0682833284969, ""max_cat_to_onehot"": 45, ""min_data_in_leaf"": 2, ""min_data_per_group"": 8, ""n_estimators"": 71, ""num_leaves"": 27}",e3bf995d,r17,0.03941699279359581,,0.9173497299999838,0.9089680250000072,,,,,,,,,,,,-0.08936913951919911,0.03941699279359581,0.10353904474380551,,,
lightgbm,rel-avito,ad-ctr,REGRESSION,0,30,mae,cpu,False,"{""bagging_fraction"": 0.8662727305253, ""bagging_freq"": 1, ""cat_l2"": 0.0750558998512, ""cat_smooth"": 0.2749087238468, ""extra_trees"": true, ""feature_fraction"": 0.6722181067336, ""lambda_l1"": 0.6631118952798, ""lambda_l2"": 0.7669894419544, ""learning_rate"": 0.011346355764, ""max_cat_to_onehot"": 13, ""min_data_in_leaf"": 8, ""min_data_per_group"": 12, ""n_estimators"": 235, ""num_leaves"": 4}",d16f6217,r18,0.03966279932586807,,0.9556037449999906,0.9049827759999971,,,,,,,,,,,,-0.09059091595317859,0.03966279932586807,0.10359709031846705,,,
lightgbm,rel-avito,ad-ctr,REGRESSION,0,30,mae,cpu,False,"{""bagging_fraction"": 0.7637171496671, ""bagging_freq"": 1, ""cat_l2"": 1.6733394870119, ""cat_smooth"": 25.4110617183616, ""extra_trees"": true, ""feature_fraction"": 0.7219475266652, ""lambda_l1"": 0.2633960444995, ""lambda_l2"": 1.1766753953959, ""learning_rate"": 0.0546075727721, ""max_cat_to_onehot"": 88, ""min_data_in_leaf"": 1, ""min_data_per_group"": 5, ""n_estimators"": 74, ""num_leaves"": 3}",3c940a82,r19,0.03981515658470647,,0.9134296449999795,0.8969709870000031,,,,,,,,,,,,-0.09141377510285742,0.03981515658470647,0.1036361653459642,,,
lightgbm,rel-avito,ad-ctr,REGRESSION,0,30,mae,cpu,False,"{""bagging_fraction"": 0.9145568099117, ""bagging_freq"": 1, ""cat_l2"": 0.0688015432043, ""cat_smooth"": 0.4410365667971, ""extra_trees"": false, ""feature_fraction"": 0.4842104682476, ""lambda_l1"": 0.6789116421659, ""lambda_l2"": 0.2119046236149, ""learning_rate"": 0.007497093098, ""max_cat_to_onehot"": 78, ""min_data_in_leaf"": 57, ""min_data_per_group"": 21, ""n_estimators"": 353, ""num_leaves"": 17}",a3464b9d,r2,0.03869541588888079,,1.0502744709999945,0.8977530880000018,,,,,,,,,,,,-0.07495967532814829,0.03869541588888079,0.10285199174486606,,,
lightgbm,rel-avito,ad-ctr,REGRESSION,0,30,mae,cpu,False,"{""bagging_fraction"": 0.766732967316, ""bagging_freq"": 1, ""cat_l2"": 0.2949769749976, ""cat_smooth"": 76.211749790676, ""extra_trees"": false, ""feature_fraction"": 0.9380027758242, ""lambda_l1"": 0.0207489343658, ""lambda_l2"": 1.6621138056269, ""learning_rate"": 0.0087194268009, ""max_cat_to_onehot"": 51, ""min_data_in_leaf"": 2, ""min_data_per_group"": 20, ""n_estimators"": 428, ""num_leaves"": 19}",8d3659ac,r20,0.03972782146941907,,1.0550808289999907,0.8996073849999959,,,,,,,,,,,,-0.08762189515678442,0.03972782146941907,0.10345597803864064,,,
lightgbm,rel-avito,ad-ctr,REGRESSION,0,30,mae,cpu,False,"{""bagging_fraction"": 0.806683821355, ""bagging_freq"": 1, ""cat_l2"": 0.0082421437739, ""cat_smooth"": 0.0160008811562, ""extra_trees"": false, ""feature_fraction"": 0.5089787202952, ""lambda_l1"": 0.2184810145264, ""lambda_l2"": 0.9723705046664, ""learning_rate"": 0.0507096180332, ""max_cat_to_onehot"": 54, ""min_data_in_leaf"": 3, ""min_data_per_group"": 18, ""n_estimators"": 165, ""num_leaves"": 161}",a6d8d71e,r21,0.03866971951086439,,1.1390182659999937,0.902464024000011,,,,,,,,,,,,-0.05200457915988954,0.03866971951086439,0.1017478954148848,,,
lightgbm,rel-avito,ad-ctr,REGRESSION,0,30,mae,cpu,False,"{""bagging_fraction"": 0.9821295835758, ""bagging_freq"": 1, ""cat_l2"": 0.1367124095637, ""cat_smooth"": 0.0031729973642, ""extra_trees"": true, ""feature_fraction"": 0.7074360779775, ""lambda_l1"": 0.4552232983118, ""lambda_l2"": 1.417125445225, ""learning_rate"": 0.0925784167972, ""max_cat_to_onehot"": 8, ""min_data_in_leaf"": 5, ""min_data_per_group"": 7, ""n_estimators"": 123, ""num_leaves"": 2}",38aedfa8,r22,0.03948148504765733,,0.9218344500000057,0.8848560320000161,,,,,,,,,,,,-0.0899005932496586,0.03948148504765733,0.10356429766314225,,,
lightgbm,rel-avito,ad-ctr,REGRESSION,0,30,mae,cpu,False,"{""bagging_fraction"": 0.9295975761421, ""bagging_freq"": 1, ""cat_l2"": 0.1658867884192, ""cat_smooth"": 0.0012082259188, ""extra_trees"": false, ""feature_fraction"": 0.7482682823129, ""lambda_l1"": 0.8788818548033, ""lambda_l2"": 0.9963306369924, ""learning_rate"": 0.0662004421712, ""max_cat_to_onehot"": 15, ""min_data_in_leaf"": 1, ""min_data_per_group"": 44, ""n_estimators"": 510, ""num_leaves"": 23}",3e9b950f,r23,0.03824802847771,,1.2306800639999835,0.9060930029999952,,,,,,,,,,,,-0.05264761367370996,0.03824802847771,0.101778987206088,,,
lightgbm,rel-avito,ad-ctr,REGRESSION,0,30,mae,cpu,False,"{""bagging_fraction"": 0.9245990859552, ""bagging_freq"": 1, ""cat_l2"": 1.592158021275, ""cat_smooth"": 44.4269586841343, ""extra_trees"": false, ""feature_fraction"": 0.872525293573, ""lambda_l1"": 0.492319014681, ""lambda_l2"": 1.6891157039359, ""learning_rate"": 0.0517998481756, ""max_cat_to_onehot"": 22, ""min_data_in_leaf"": 59, ""min_data_per_group"": 10, ""n_estimators"": 802, ""num_leaves"": 8}",0d0b00fe,r24,0.039658091598449303,,1.0939326219999828,0.9022435100000052,,,,,,,,,,,,-0.08542367559807795,0.039658091598449303,0.10335137643849135,,,
lightgbm,rel-avito,ad-ctr,REGRESSION,0,30,mae,cpu,False,"{""bagging_fraction"": 0.9711159219238, ""bagging_freq"": 1, ""cat_l2"": 0.0287842816393, ""cat_smooth"": 2.2365712242177, ""extra_trees"": false, ""feature_fraction"": 0.7638852760411, ""lambda_l1"": 0.7155896013433, ""lambda_l2"": 0.3887650116637, ""learning_rate"": 0.0956151137114, ""max_cat_to_onehot"": 23, ""min_data_in_leaf"": 5, ""min_data_per_group"": 8, ""n_estimators"": 132, ""num_leaves"": 117}",311db951,r25,0.038536680215073366,,1.0466113490000168,0.8946232250000037,,,,,,,,,,,,-0.054777989334239496,0.038536680215073366,0.10188192663229291,,,
lightgbm,rel-avito,ad-ctr,REGRESSION,0,30,mae,cpu,False,"{""bagging_fraction"": 0.7751868160582, ""bagging_freq"": 1, ""cat_l2"": 0.7205179793324, ""cat_smooth"": 0.2412048314858, ""extra_trees"": false, ""feature_fraction"": 0.5086905770421, ""lambda_l1"": 0.7774298210926, ""lambda_l2"": 0.7417685131559, ""learning_rate"": 0.006296404929, ""max_cat_to_onehot"": 41, ""min_data_in_leaf"": 17, ""min_data_per_group"": 4, ""n_estimators"": 197, ""num_leaves"": 50}",e3b85f93,r26,0.038742908134175844,,1.076920763000004,0.8951988750000055,,,,,,,,,,,,-0.07306124687602633,0.038742908134175844,0.10276113092633339,,,
lightgbm,rel-avito,ad-ctr,REGRESSION,0,30,mae,cpu,False,"{""bagging_fraction"": 0.9032235488416, ""bagging_freq"": 1, ""cat_l2"": 0.0484438463597, ""cat_smooth"": 0.2752154717585, ""extra_trees"": false, ""feature_fraction"": 0.8731273073839, ""lambda_l1"": 0.2594966220889, ""lambda_l2"": 0.3941888549433, ""learning_rate"": 0.0236586574252, ""max_cat_to_onehot"": 8, ""min_data_in_leaf"": 3, ""min_data_per_group"": 69, ""n_estimators"": 438, ""num_leaves"": 9}",d90cbc4e,r27,0.03832782568312497,,1.1054919309999889,0.8907665579999957,,,,,,,,,,,,-0.06942201243088753,0.03832782568312497,0.10258672827039099,,,
lightgbm,rel-avito,ad-ctr,REGRESSION,0,30,mae,cpu,False,"{""bagging_fraction"": 0.943127227378, ""bagging_freq"": 1, ""cat_l2"": 0.0089165711882, ""cat_smooth"": 0.196142976357, ""extra_trees"": false, ""feature_fraction"": 0.4341088458599, ""lambda_l1"": 0.3738757566188, ""lambda_l2"": 0.9197657819236, ""learning_rate"": 0.0125354274243, ""max_cat_to_onehot"": 23, ""min_data_in_leaf"": 1, ""min_data_per_group"": 16, ""n_estimators"": 165, ""num_leaves"": 65}",10f688c8,r28,0.03871796194403414,,1.014698478999975,0.8932423090000157,,,,,,,,,,,,-0.07438029691336245,0.03871796194403414,0.10282427058615405,,,
lightgbm,rel-avito,ad-ctr,REGRESSION,0,30,mae,cpu,False,"{""bagging_fraction"": 0.8296444149774, ""bagging_freq"": 1, ""cat_l2"": 0.0231985345244, ""cat_smooth"": 0.419723324168, ""extra_trees"": true, ""feature_fraction"": 0.818198345035, ""lambda_l1"": 0.5876408752329, ""lambda_l2"": 0.0893201412781, ""learning_rate"": 0.0282078967013, ""max_cat_to_onehot"": 29, ""min_data_in_leaf"": 5, ""min_data_per_group"": 12, ""n_estimators"": 750, ""num_leaves"": 37}",fb774425,r29,0.039147828943945126,,1.0366524709999965,0.9008534409999811,,,,,,,,,,,,-0.08727425211144135,0.039147828943945126,0.10343944259288022,,,
lightgbm,rel-avito,ad-ctr,REGRESSION,0,30,mae,cpu,False,"{""bagging_fraction"": 0.8808290128215, ""bagging_freq"": 1, ""cat_l2"": 1.0457234595842, ""cat_smooth"": 0.6921859910209, ""extra_trees"": true, ""feature_fraction"": 0.9220523550151, ""lambda_l1"": 0.7206605914604, ""lambda_l2"": 0.9472534786514, ""learning_rate"": 0.0132034424949, ""max_cat_to_onehot"": 25, ""min_data_in_leaf"": 15, ""min_data_per_group"": 7, ""n_estimators"": 335, ""num_leaves"": 35}",7ae6364f,r3,0.03938118708452998,,0.9987072179999927,0.8973057510000046,,,,,,,,,,,,-0.08881053636491099,0.03938118708452998,0.10351249513303243,,,
lightgbm,rel-avito,ad-ctr,REGRESSION,0,30,mae,cpu,False,"{""bagging_fraction"": 0.9256403562964, ""bagging_freq"": 1, ""cat_l2"": 0.173468569422, ""cat_smooth"": 0.1622096133057, ""extra_trees"": true, ""feature_fraction"": 0.8672172375647, ""lambda_l1"": 0.2728946202342, ""lambda_l2"": 1.5996117895528, ""learning_rate"": 0.0885567275464, ""max_cat_to_onehot"": 31, ""min_data_in_leaf"": 54, ""min_data_per_group"": 63, ""n_estimators"": 395, ""num_leaves"": 6}",a691dd6f,r30,0.03943681649082013,,1.3442676780000227,0.8947633470000085,,,,,,,,,,,,-0.09005280652560077,0.03943681649082013,0.10357152919910384,,,
lightgbm,rel-avito,ad-ctr,REGRESSION,0,30,mae,cpu,False,"{""bagging_fraction"": 0.8634649548991, ""bagging_freq"": 1, ""cat_l2"": 1.6087120636028, ""cat_smooth"": 42.4603130176821, ""extra_trees"": false, ""feature_fraction"": 0.6841648271642, ""lambda_l1"": 0.5820615900959, ""lambda_l2"": 0.3727460534192, ""learning_rate"": 0.0078289135266, ""max_cat_to_onehot"": 37, ""min_data_in_leaf"": 2, ""min_data_per_group"": 2, ""n_estimators"": 987, ""num_leaves"": 9}",1d48d1c9,r4,0.03974031818214956,,1.0900785299999995,0.9029782530000006,,,,,,,,,,,,-0.09016091294411432,0.03974031818214956,0.10357666494547227,,,
lightgbm,rel-avito,ad-ctr,REGRESSION,0,30,mae,cpu,False,"{""bagging_fraction"": 0.8270964398017, ""bagging_freq"": 1, ""cat_l2"": 0.0497402357678, ""cat_smooth"": 0.0022655846367, ""extra_trees"": true, ""feature_fraction"": 0.8805464511878, ""lambda_l1"": 0.5374194921261, ""lambda_l2"": 1.4738626624402, ""learning_rate"": 0.009732329389, ""max_cat_to_onehot"": 78, ""min_data_in_leaf"": 4, ""min_data_per_group"": 24, ""n_estimators"": 285, ""num_leaves"": 44}",4f68409e,r5,0.03966896031735623,,0.9684251569999986,0.8904337799999951,,,,,,,,,,,,-0.09062994160135607,0.03966896031735623,0.10359894385831062,,,
lightgbm,rel-avito,ad-ctr,REGRESSION,0,30,mae,cpu,False,"{""bagging_fraction"": 0.7951605226208, ""bagging_freq"": 1, ""cat_l2"": 0.2087627025057, ""cat_smooth"": 0.0018992120999, ""extra_trees"": true, ""feature_fraction"": 0.5907899076364, ""lambda_l1"": 0.2654629519904, ""lambda_l2"": 0.6372060480074, ""learning_rate"": 0.0086558049456, ""max_cat_to_onehot"": 44, ""min_data_in_leaf"": 11, ""min_data_per_group"": 11, ""n_estimators"": 164, ""num_leaves"": 56}",3c57d7d3,r6,0.03974605921103156,,0.9313976390000107,0.9007119689999996,,,,,,,,,,,,-0.09213095030229757,0.03974605921103156,0.10367020975851747,,,
lightgbm,rel-avito,ad-ctr,REGRESSION,0,30,mae,cpu,False,"{""bagging_fraction"": 0.9335036446078, ""bagging_freq"": 1, ""cat_l2"": 0.2830562687557, ""cat_smooth"": 0.1802171314263, ""extra_trees"": true, ""feature_fraction"": 0.6485577967088, ""lambda_l1"": 0.5232957286614, ""lambda_l2"": 1.3348540188894, ""learning_rate"": 0.0289761662926, ""max_cat_to_onehot"": 15, ""min_data_in_leaf"": 11, ""min_data_per_group"": 55, ""n_estimators"": 701, ""num_leaves"": 20}",134c98bb,r7,0.03961706762273408,,1.0098599140000033,0.8955804990000047,,,,,,,,,,,,-0.08987940734196287,0.03961706762273408,0.10356329109688887,,,
lightgbm,rel-avito,ad-ctr,REGRESSION,0,30,mae,cpu,False,"{""bagging_fraction"": 0.9848713160352, ""bagging_freq"": 1, ""cat_l2"": 1.6905546285477, ""cat_smooth"": 0.001258746648, ""extra_trees"": true, ""feature_fraction"": 0.4384884978093, ""lambda_l1"": 0.0940311167074, ""lambda_l2"": 0.2636825450225, ""learning_rate"": 0.0053104402291, ""max_cat_to_onehot"": 51, ""min_data_in_leaf"": 10, ""min_data_per_group"": 31, ""n_estimators"": 285, ""num_leaves"": 164}",42517afb,r8,0.0398106734924672,,0.9427711639999927,0.8859259430000037,,,,,,,,,,,,-0.09338902205553268,0.0398106734924672,0.10372990361837059,,,
lightgbm,rel-avito,ad-ctr,REGRESSION,0,30,mae,cpu,False,"{""bagging_fraction"": 0.898758060085, ""bagging_freq"": 1, ""cat_l2"": 0.964011246959, ""cat_smooth"": 0.1616421454928, ""extra_trees"": false, ""feature_fraction"": 0.815483271622, ""lambda_l1"": 0.5759889009066, ""lambda_l2"": 1.4326827755167, ""learning_rate"": 0.0599026240177, ""max_cat_to_onehot"": 91, ""min_data_in_leaf"": 2, ""min_data_per_group"": 6, ""n_estimators"": 702, ""num_leaves"": 39}",b7f5d391,r9,0.03839302778566823,,1.491274408999999,0.9216785250000044,,,,,,,,,,,,-0.0514479105469805,0.03839302778566823,0.1017209718844825,,,
lightgbm,rel-avito,user-clicks,BINARY_CLASSIFICATION,0,30,roc_auc,cpu,True,{},bf21a9e8,default,0.5603258110467999,0.5641630377838478,0.4917572110000066,0.024972980000001144,0.15731662999999685,0.04255870399998685,,0.04629982529995862,0.9647358731057923,0.0,0.5603258110467999,0.018913521523068366,0.9845612134344529,0.0,0.5641630377838478,,,,,,
lightgbm,rel-avito,user-clicks,BINARY_CLASSIFICATION,0,30,roc_auc,cpu,False,"{""bagging_fraction"": 0.8646440511782, ""bagging_freq"": 1, ""cat_l2"": 0.2396763788772, ""cat_smooth"": 9.0912832806515, ""extra_trees"": true, ""feature_fraction"": 0.9742930953718, ""lambda_l1"": 0.5205254318032, ""lambda_l2"": 1.5172553870823, ""learning_rate"": 0.0095655183906, ""max_cat_to_onehot"": 21, ""min_data_in_leaf"": 1, ""min_data_per_group"": 38, ""n_estimators"": 885, ""num_leaves"": 13}",9ddece77,r1,0.5476237512568705,,0.887792489000006,0.24612026300000878,,,,0.0423476588364647,0.9648302884388424,0.0,0.5476237512568705,,,,,,,,,,
lightgbm,rel-avito,user-clicks,BINARY_CLASSIFICATION,0,30,roc_auc,cpu,False,"{""bagging_fraction"": 0.7040714906836, ""bagging_freq"": 1, ""cat_l2"": 0.1059359109832, ""cat_smooth"": 79.0557829290776, ""extra_trees"": true, ""feature_fraction"": 0.7399608725239, ""lambda_l1"": 0.9293032679565, ""lambda_l2"": 0.5788832452851, ""learning_rate"": 0.0050708289337, ""max_cat_to_onehot"": 15, ""min_data_in_leaf"": 53, ""min_data_per_group"": 48, ""n_estimators"": 398, ""num_leaves"": 14}",85d4ebc9,r10,0.5405830434294323,,0.38303130500000293,0.09013851999999645,,,,0.039969386208085794,0.9648302884388424,0.0,0.5405830434294323,,,,,,,,,,
lightgbm,rel-avito,user-clicks,BINARY_CLASSIFICATION,0,30,roc_auc,cpu,False,"{""bagging_fraction"": 0.8819179642384, ""bagging_freq"": 1, ""cat_l2"": 0.2028071332361, ""cat_smooth"": 0.9002514016925, ""extra_trees"": true, ""feature_fraction"": 0.9904253448185, ""lambda_l1"": 0.3523764300344, ""lambda_l2"": 1.0166800656129, ""learning_rate"": 0.0076046378471, ""max_cat_to_onehot"": 9, ""min_data_in_leaf"": 51, ""min_data_per_group"": 4, ""n_estimators"": 309, ""num_leaves"": 50}",eb5d77d2,r11,0.5415189891707184,,0.3316740550000077,0.08735019700000635,,,,0.04092905526782802,0.9648302884388424,0.0,0.5415189891707184,,,,,,,,,,
lightgbm,rel-avito,user-clicks,BINARY_CLASSIFICATION,0,30,roc_auc,cpu,False,"{""bagging_fraction"": 0.7057579594928, ""bagging_freq"": 1, ""cat_l2"": 0.0652607238611, ""cat_smooth"": 0.7440913299852, ""extra_trees"": true, ""feature_fraction"": 0.5562045565524, ""lambda_l1"": 0.4693022490728, ""lambda_l2"": 0.3337783413457, ""learning_rate"": 0.005523232486, ""max_cat_to_onehot"": 20, ""min_data_in_leaf"": 22, ""min_data_per_group"": 3, ""n_estimators"": 298, ""num_leaves"": 194}",97b0d170,r12,0.5404000706671543,,0.29366470499999764,0.06959738499999446,,,,0.03987391516027146,0.9648302884388424,0.0,0.5404000706671543,,,,,,,,,,
lightgbm,rel-avito,user-clicks,BINARY_CLASSIFICATION,0,30,roc_auc,cpu,False,"{""bagging_fraction"": 0.7904724450024, ""bagging_freq"": 1, ""cat_l2"": 0.0112585288934, ""cat_smooth"": 1.8450328342775, ""extra_trees"": false, ""feature_fraction"": 0.7222135128255, ""lambda_l1"": 0.8411560157726, ""lambda_l2"": 1.5581241341161, ""learning_rate"": 0.0949138303247, ""max_cat_to_onehot"": 8, ""min_data_in_leaf"": 4, ""min_data_per_group"": 12, ""n_estimators"": 523, ""num_leaves"": 6}",b0f88568,r13,0.5533984924778229,,0.41544871699998964,0.09315437799999415,,,,0.04374243808357627,0.9648302884388424,0.0,0.5533984924778229,,,,,,,,,,
lightgbm,rel-avito,user-clicks,BINARY_CLASSIFICATION,0,30,roc_auc,cpu,False,"{""bagging_fraction"": 0.8980520612478, ""bagging_freq"": 1, ""cat_l2"": 0.0298619738506, ""cat_smooth"": 1.8218656600978, ""extra_trees"": false, ""feature_fraction"": 0.6687557031224, ""lambda_l1"": 0.9046572794351, ""lambda_l2"": 1.7298800978754, ""learning_rate"": 0.0152979229147, ""max_cat_to_onehot"": 14, ""min_data_in_leaf"": 7, ""min_data_per_group"": 61, ""n_estimators"": 223, ""num_leaves"": 45}",c9bdab03,r14,0.5557948708518348,,0.41292339199999617,0.10281600599999763,,,,0.04431750892156259,0.9648302884388424,0.0,0.5557948708518348,,,,,,,,,,
lightgbm,rel-avito,user-clicks,BINARY_CLASSIFICATION,0,30,roc_auc,cpu,False,"{""bagging_fraction"": 0.7870232821631, ""bagging_freq"": 1, ""cat_l2"": 0.1520732736224, ""cat_smooth"": 0.143579414226, ""extra_trees"": false, ""feature_fraction"": 0.4597414534665, ""lambda_l1"": 0.0376556278898, ""lambda_l2"": 0.8228523078385, ""learning_rate"": 0.0175995134195, ""max_cat_to_onehot"": 55, ""min_data_in_leaf"": 4, ""min_data_per_group"": 81, ""n_estimators"": 58, ""num_leaves"": 107}",5c4e94f9,r15,0.5541011906364708,,0.13335426700000141,0.027709967999996366,,,,0.04494898432872047,0.9648302884388424,0.0,0.5541011906364708,,,,,,,,,,
lightgbm,rel-avito,user-clicks,BINARY_CLASSIFICATION,0,30,roc_auc,cpu,False,"{""bagging_fraction"": 0.9252532736885, ""bagging_freq"": 1, ""cat_l2"": 0.0185425303217, ""cat_smooth"": 0.0026697944708, ""extra_trees"": true, ""feature_fraction"": 0.4403497788779, ""lambda_l1"": 0.990339913502, ""lambda_l2"": 1.5167814698069, ""learning_rate"": 0.032907451476, ""max_cat_to_onehot"": 89, ""min_data_in_leaf"": 2, ""min_data_per_group"": 10, ""n_estimators"": 665, ""num_leaves"": 12}",66abad1a,r16,0.5429673702952325,,0.44479008100000783,0.10814246500000024,,,,0.04118180529704909,0.9648302884388424,0.0,0.5429673702952325,,,,,,,,,,
lightgbm,rel-avito,user-clicks,BINARY_CLASSIFICATION,0,30,roc_auc,cpu,False,"{""bagging_fraction"": 0.9893469303368, ""bagging_freq"": 1, ""cat_l2"": 0.1517170923124, ""cat_smooth"": 0.0019146599966, ""extra_trees"": true, ""feature_fraction"": 0.8076356640991, ""lambda_l1"": 0.2169752947, ""lambda_l2"": 0.6401022999299, ""learning_rate"": 0.0682833284969, ""max_cat_to_onehot"": 45, ""min_data_in_leaf"": 2, ""min_data_per_group"": 8, ""n_estimators"": 71, ""num_leaves"": 27}",e3bf995d,r17,0.5479649698449591,,0.09539655200001107,0.02170369200000266,,,,0.042300748821419966,0.9648302884388424,0.0,0.5479649698449591,,,,,,,,,,
lightgbm,rel-avito,user-clicks,BINARY_CLASSIFICATION,0,30,roc_auc,cpu,False,"{""bagging_fraction"": 0.8662727305253, ""bagging_freq"": 1, ""cat_l2"": 0.0750558998512, ""cat_smooth"": 0.2749087238468, ""extra_trees"": true, ""feature_fraction"": 0.6722181067336, ""lambda_l1"": 0.6631118952798, ""lambda_l2"": 0.7669894419544, ""learning_rate"": 0.011346355764, ""max_cat_to_onehot"": 13, ""min_data_in_leaf"": 8, ""min_data_per_group"": 12, ""n_estimators"": 235, ""num_leaves"": 4}",d16f6217,r18,0.5384082551846114,,0.18013981100000365,0.03614345500000127,,,,0.03941607693450391,0.9648302884388424,0.0,0.5384082551846114,,,,,,,,,,
lightgbm,rel-avito,user-clicks,BINARY_CLASSIFICATION,0,30,roc_auc,cpu,False,"{""bagging_fraction"": 0.7637171496671, ""bagging_freq"": 1, ""cat_l2"": 1.6733394870119, ""cat_smooth"": 25.4110617183616, ""extra_trees"": true, ""feature_fraction"": 0.7219475266652, ""lambda_l1"": 0.2633960444995, ""lambda_l2"": 1.1766753953959, ""learning_rate"": 0.0546075727721, ""max_cat_to_onehot"": 88, ""min_data_in_leaf"": 1, ""min_data_per_group"": 5, ""n_estimators"": 74, ""num_leaves"": 3}",3c940a82,r19,0.5398881935281759,,0.0708903010000057,0.013836714999996502,,,,0.03915373516201193,0.9648302884388424,0.0,0.5398881935281759,,,,,,,,,,
lightgbm,rel-avito,user-clicks,BINARY_CLASSIFICATION,0,30,roc_auc,cpu,False,"{""bagging_fraction"": 0.9145568099117, ""bagging_freq"": 1, ""cat_l2"": 0.0688015432043, ""cat_smooth"": 0.4410365667971, ""extra_trees"": false, ""feature_fraction"": 0.4842104682476, ""lambda_l1"": 0.6789116421659, ""lambda_l2"": 0.2119046236149, ""learning_rate"": 0.007497093098, ""max_cat_to_onehot"": 78, ""min_data_in_leaf"": 57, ""min_data_per_group"": 21, ""n_estimators"": 353, ""num_leaves"": 17}",a3464b9d,r2,0.5487288121678857,,0.38364647800000284,0.1043646060000043,,,,0.04338242156245757,0.9648302884388424,0.0,0.5487288121678857,,,,,,,,,,
lightgbm,rel-avito,user-clicks,BINARY_CLASSIFICATION,0,30,roc_auc,cpu,False,"{""bagging_fraction"": 0.766732967316, ""bagging_freq"": 1, ""cat_l2"": 0.2949769749976, ""cat_smooth"": 76.211749790676, ""extra_trees"": false, ""feature_fraction"": 0.9380027758242, ""lambda_l1"": 0.0207489343658, ""lambda_l2"": 1.6621138056269, ""learning_rate"": 0.0087194268009, ""max_cat_to_onehot"": 51, ""min_data_in_leaf"": 2, ""min_data_per_group"": 20, ""n_estimators"": 428, ""num_leaves"": 19}",8d3659ac,r20,0.5504021000491912,,0.5066063579999991,0.13404030000000944,,,,0.04289406194740908,0.9648302884388424,0.0,0.5504021000491912,,,,,,,,,,
lightgbm,rel-avito,user-clicks,BINARY_CLASSIFICATION,0,30,roc_auc,cpu,False,"{""bagging_fraction"": 0.806683821355, ""bagging_freq"": 1, ""cat_l2"": 0.0082421437739, ""cat_smooth"": 0.0160008811562, ""extra_trees"": false, ""feature_fraction"": 0.5089787202952, ""lambda_l1"": 0.2184810145264, ""lambda_l2"": 0.9723705046664, ""learning_rate"": 0.0507096180332, ""max_cat_to_onehot"": 54, ""min_data_in_leaf"": 3, ""min_data_per_group"": 18, ""n_estimators"": 165, ""num_leaves"": 161}",a6d8d71e,r21,0.5539625818730868,,0.5808838720000011,0.11402844900000275,,,,0.047804502972365555,0.9648302884388424,0.0053404539385847796,0.5539625818730868,,,,,,,,,,
lightgbm,rel-avito,user-clicks,BINARY_CLASSIFICATION,0,30,roc_auc,cpu,False,"{""bagging_fraction"": 0.9821295835758, ""bagging_freq"": 1, ""cat_l2"": 0.1367124095637, ""cat_smooth"": 0.0031729973642, ""extra_trees"": true, ""feature_fraction"": 0.7074360779775, ""lambda_l1"": 0.4552232983118, ""lambda_l2"": 1.417125445225, ""learning_rate"": 0.0925784167972, ""max_cat_to_onehot"": 8, ""min_data_in_leaf"": 5, ""min_data_per_group"": 7, ""n_estimators"": 123, ""num_leaves"": 2}",38aedfa8,r22,0.5390256733246598,,0.08546149600000774,0.013923675000000912,,,,0.040245101371744446,0.9648302884388424,0.0,0.5390256733246598,,,,,,,,,,
lightgbm,rel-avito,user-clicks,BINARY_CLASSIFICATION,0,30,roc_auc,cpu,False,"{""bagging_fraction"": 0.9295975761421, ""bagging_freq"": 1, ""cat_l2"": 0.1658867884192, ""cat_smooth"": 0.0012082259188, ""extra_trees"": false, ""feature_fraction"": 0.7482682823129, ""lambda_l1"": 0.8788818548033, ""lambda_l2"": 0.9963306369924, ""learning_rate"": 0.0662004421712, ""max_cat_to_onehot"": 15, ""min_data_in_leaf"": 1, ""min_data_per_group"": 44, ""n_estimators"": 510, ""num_leaves"": 23}",3e9b950f,r23,0.5564230926600076,,0.6115129429999939,0.1617926159999996,,,,0.04669088956142235,0.9647830807723174,0.00267379679144385,0.5564230926600076,,,,,,,,,,
lightgbm,rel-avito,user-clicks,BINARY_CLASSIFICATION,0,30,roc_auc,cpu,False,"{""bagging_fraction"": 0.9245990859552, ""bagging_freq"": 1, ""cat_l2"": 1.592158021275, ""cat_smooth"": 44.4269586841343, ""extra_trees"": false, ""feature_fraction"": 0.872525293573, ""lambda_l1"": 0.492319014681, ""lambda_l2"": 1.6891157039359, ""learning_rate"": 0.0517998481756, ""max_cat_to_onehot"": 22, ""min_data_in_leaf"": 59, ""min_data_per_group"": 10, ""n_estimators"": 802, ""num_leaves"": 8}",0d0b00fe,r24,0.5545493950930986,,0.6228761990000038,0.15613714899998854,,,,0.04397739689453195,0.9648302884388424,0.0,0.5545493950930986,,,,,,,,,,
lightgbm,rel-avito,user-clicks,BINARY_CLASSIFICATION,0,30,roc_auc,cpu,False,"{""bagging_fraction"": 0.9711159219238, ""bagging_freq"": 1, ""cat_l2"": 0.0287842816393, ""cat_smooth"": 2.2365712242177, ""extra_trees"": false, ""feature_fraction"": 0.7638852760411, ""lambda_l1"": 0.7155896013433, ""lambda_l2"": 0.3887650116637, ""learning_rate"": 0.0956151137114, ""max_cat_to_onehot"": 23, ""min_data_in_leaf"": 5, ""min_data_per_group"": 8, ""n_estimators"": 132, ""num_leaves"": 117}",311db951,r25,0.5540880883155538,,0.40496842800000366,0.08175597900000753,,,,0.04875290012189201,0.9647830807723174,0.007978723404255319,0.5540880883155538,,,,,,,,,,
lightgbm,rel-avito,user-clicks,BINARY_CLASSIFICATION,0,30,roc_auc,cpu,False,"{""bagging_fraction"": 0.7751868160582, ""bagging_freq"": 1, ""cat_l2"": 0.7205179793324, ""cat_smooth"": 0.2412048314858, ""extra_trees"": false, ""feature_fraction"": 0.5086905770421, ""lambda_l1"": 0.7774298210926, ""lambda_l2"": 0.7417685131559, ""learning_rate"": 0.006296404929, ""max_cat_to_onehot"": 41, ""min_data_in_leaf"": 17, ""min_data_per_group"": 4, ""n_estimators"": 197, ""num_leaves"": 50}",e3b85f93,r26,0.5529901860660922,,0.3870230389999989,0.09275107499999535,,,,0.04368329949085849,0.9648302884388424,0.0,0.5529901860660922,,,,,,,,,,
lightgbm,rel-avito,user-clicks,BINARY_CLASSIFICATION,0,30,roc_auc,cpu,False,"{""bagging_fraction"": 0.9032235488416, ""bagging_freq"": 1, ""cat_l2"": 0.0484438463597, ""cat_smooth"": 0.2752154717585, ""extra_trees"": false, ""feature_fraction"": 0.8731273073839, ""lambda_l1"": 0.2594966220889, ""lambda_l2"": 0.3941888549433, ""learning_rate"": 0.0236586574252, ""max_cat_to_onehot"": 8, ""min_data_in_leaf"": 3, ""min_data_per_group"": 69, ""n_estimators"": 438, ""num_leaves"": 9}",d90cbc4e,r27,0.5563808631244209,,0.3598106040000033,0.07472572199999661,,,,0.04560736342246709,0.9648302884388424,0.0,0.5563808631244209,,,,,,,,,,
lightgbm,rel-avito,user-clicks,BINARY_CLASSIFICATION,0,30,roc_auc,cpu,False,"{""bagging_fraction"": 0.943127227378, ""bagging_freq"": 1, ""cat_l2"": 0.0089165711882, ""cat_smooth"": 0.196142976357, ""extra_trees"": false, ""feature_fraction"": 0.4341088458599, ""lambda_l1"": 0.3738757566188, ""lambda_l2"": 0.9197657819236, ""learning_rate"": 0.0125354274243, ""max_cat_to_onehot"": 23, ""min_data_in_leaf"": 1, ""min_data_per_group"": 16, ""n_estimators"": 165, ""num_leaves"": 65}",10f688c8,r28,0.5537365914656933,,1.5352981529999994,0.08939579600000513,,,,0.044101798259529576,0.9648302884388424,0.0,0.5537365914656933,,,,,,,,,,
lightgbm,rel-avito,user-clicks,BINARY_CLASSIFICATION,0,30,roc_auc,cpu,False,"{""bagging_fraction"": 0.8296444149774, ""bagging_freq"": 1, ""cat_l2"": 0.0231985345244, ""cat_smooth"": 0.419723324168, ""extra_trees"": true, ""feature_fraction"": 0.818198345035, ""lambda_l1"": 0.5876408752329, ""lambda_l2"": 0.0893201412781, ""learning_rate"": 0.0282078967013, ""max_cat_to_onehot"": 29, ""min_data_in_leaf"": 5, ""min_data_per_group"": 12, ""n_estimators"": 750, ""num_leaves"": 37}",fb774425,r29,0.5491693325566076,,0.8314121969999917,0.19288645500000712,,,,0.04494306173705795,0.9648302884388424,0.0,0.5491693325566076,,,,,,,,,,
lightgbm,rel-avito,user-clicks,BINARY_CLASSIFICATION,0,30,roc_auc,cpu,False,"{""bagging_fraction"": 0.8808290128215, ""bagging_freq"": 1, ""cat_l2"": 1.0457234595842, ""cat_smooth"": 0.6921859910209, ""extra_trees"": true, ""feature_fraction"": 0.9220523550151, ""lambda_l1"": 0.7206605914604, ""lambda_l2"": 0.9472534786514, ""learning_rate"": 0.0132034424949, ""max_cat_to_onehot"": 25, ""min_data_in_leaf"": 15, ""min_data_per_group"": 7, ""n_estimators"": 335, ""num_leaves"": 35}",7ae6364f,r3,0.5419532375211066,,0.3463059679999958,0.09363454700000773,,,,0.041482341091106927,0.9648302884388424,0.0,0.5419532375211066,,,,,,,,,,
lightgbm,rel-avito,user-clicks,BINARY_CLASSIFICATION,0,30,roc_auc,cpu,False,"{""bagging_fraction"": 0.9256403562964, ""bagging_freq"": 1, ""cat_l2"": 0.173468569422, ""cat_smooth"": 0.1622096133057, ""extra_trees"": true, ""feature_fraction"": 0.8672172375647, ""lambda_l1"": 0.2728946202342, ""lambda_l2"": 1.5996117895528, ""learning_rate"": 0.0885567275464, ""max_cat_to_onehot"": 31, ""min_data_in_leaf"": 54, ""min_data_per_group"": 63, ""n_estimators"": 395, ""num_leaves"": 6}",a691dd6f,r30,0.549101850678201,,0.3132155640000036,0.07587079699999322,,,,0.04396730895714036,0.9648302884388424,0.0,0.549101850678201,,,,,,,,,,
lightgbm,rel-avito,user-clicks,BINARY_CLASSIFICATION,0,30,roc_auc,cpu,False,"{""bagging_fraction"": 0.8634649548991, ""bagging_freq"": 1, ""cat_l2"": 1.6087120636028, ""cat_smooth"": 42.4603130176821, ""extra_trees"": false, ""feature_fraction"": 0.6841648271642, ""lambda_l1"": 0.5820615900959, ""lambda_l2"": 0.3727460534192, ""learning_rate"": 0.0078289135266, ""max_cat_to_onehot"": 37, ""min_data_in_leaf"": 2, ""min_data_per_group"": 2, ""n_estimators"": 987, ""num_leaves"": 9}",1d48d1c9,r4,0.5529113751132086,,0.8339030209999976,0.21469653500000163,,,,0.04398047329413232,0.9648302884388424,0.0,0.5529113751132086,,,,,,,,,,
lightgbm,rel-avito,user-clicks,BINARY_CLASSIFICATION,0,30,roc_auc,cpu,False,"{""bagging_fraction"": 0.8270964398017, ""bagging_freq"": 1, ""cat_l2"": 0.0497402357678, ""cat_smooth"": 0.0022655846367, ""extra_trees"": true, ""feature_fraction"": 0.8805464511878, ""lambda_l1"": 0.5374194921261, ""lambda_l2"": 1.4738626624402, ""learning_rate"": 0.009732329389, ""max_cat_to_onehot"": 78, ""min_data_in_leaf"": 4, ""min_data_per_group"": 24, ""n_estimators"": 285, ""num_leaves"": 44}",4f68409e,r5,0.5420433775484671,,0.30178257699999733,0.07613279699999964,,,,0.040323848936644854,0.9648302884388424,0.0,0.5420433775484671,,,,,,,,,,
lightgbm,rel-avito,user-clicks,BINARY_CLASSIFICATION,0,30,roc_auc,cpu,False,"{""bagging_fraction"": 0.7951605226208, ""bagging_freq"": 1, ""cat_l2"": 0.2087627025057, ""cat_smooth"": 0.0018992120999, ""extra_trees"": true, ""feature_fraction"": 0.5907899076364, ""lambda_l1"": 0.2654629519904, ""lambda_l2"": 0.6372060480074, ""learning_rate"": 0.0086558049456, ""max_cat_to_onehot"": 44, ""min_data_in_leaf"": 11, ""min_data_per_group"": 11, ""n_estimators"": 164, ""num_leaves"": 56}",3c57d7d3,r6,0.5397877424011465,,0.17721811500000229,0.04217243399999404,,,,0.04072560761279306,0.9648302884388424,0.0,0.5397877424011465,,,,,,,,,,
lightgbm,rel-avito,user-clicks,BINARY_CLASSIFICATION,0,30,roc_auc,cpu,False,"{""bagging_fraction"": 0.9335036446078, ""bagging_freq"": 1, ""cat_l2"": 0.2830562687557, ""cat_smooth"": 0.1802171314263, ""extra_trees"": true, ""feature_fraction"": 0.6485577967088, ""lambda_l1"": 0.5232957286614, ""lambda_l2"": 1.3348540188894, ""learning_rate"": 0.0289761662926, ""max_cat_to_onehot"": 15, ""min_data_in_leaf"": 11, ""min_data_per_group"": 55, ""n_estimators"": 701, ""num_leaves"": 20}",134c98bb,r7,0.5456038593723627,,0.5846269110000009,0.1625138530000072,,,,0.042829509054472914,0.9648302884388424,0.0,0.5456038593723627,,,,,,,,,,
lightgbm,rel-avito,user-clicks,BINARY_CLASSIFICATION,0,30,roc_auc,cpu,False,"{""bagging_fraction"": 0.9848713160352, ""bagging_freq"": 1, ""cat_l2"": 1.6905546285477, ""cat_smooth"": 0.001258746648, ""extra_trees"": true, ""feature_fraction"": 0.4384884978093, ""lambda_l1"": 0.0940311167074, ""lambda_l2"": 0.2636825450225, ""learning_rate"": 0.0053104402291, ""max_cat_to_onehot"": 51, ""min_data_in_leaf"": 10, ""min_data_per_group"": 31, ""n_estimators"": 285, ""num_leaves"": 164}",42517afb,r8,0.542004628829966,,0.22404243599999063,0.05403694100000678,,,,0.04028904876077006,0.9648302884388424,0.0,0.542004628829966,,,,,,,,,,
lightgbm,rel-avito,user-clicks,BINARY_CLASSIFICATION,0,30,roc_auc,cpu,False,"{""bagging_fraction"": 0.898758060085, ""bagging_freq"": 1, ""cat_l2"": 0.964011246959, ""cat_smooth"": 0.1616421454928, ""extra_trees"": false, ""feature_fraction"": 0.815483271622, ""lambda_l1"": 0.5759889009066, ""lambda_l2"": 1.4326827755167, ""learning_rate"": 0.0599026240177, ""max_cat_to_onehot"": 91, ""min_data_in_leaf"": 2, ""min_data_per_group"": 6, ""n_estimators"": 702, ""num_leaves"": 39}",b7f5d391,r9,0.553367427827228,,1.140240281000004,0.3027692400000035,,,,0.04668969705766117,0.9647830807723174,0.007978723404255319,0.553367427827228,,,,,,,,,,
lightgbm,rel-avito,user-visits,BINARY_CLASSIFICATION,0,30,roc_auc,cpu,False,{},bf21a9e8,default,0.5304225069594998,0.5297446610574068,0.498385319999997,0.03148676300000375,0.2071372070000166,0.03601527399999327,,0.9116616436489055,0.9034991160479002,0.9493016490545537,0.5304225069594998,0.861466460363034,0.8503418306623488,0.9191137971786318,0.5297446610574068,,,,,,
lightgbm,rel-avito,user-visits,BINARY_CLASSIFICATION,0,30,roc_auc,cpu,False,"{""bagging_fraction"": 0.8646440511782, ""bagging_freq"": 1, ""cat_l2"": 0.2396763788772, ""cat_smooth"": 9.0912832806515, ""extra_trees"": true, ""feature_fraction"": 0.9742930953718, ""lambda_l1"": 0.5205254318032, ""lambda_l2"": 1.5172553870823, ""learning_rate"": 0.0095655183906, ""max_cat_to_onehot"": 21, ""min_data_in_leaf"": 1, ""min_data_per_group"": 38, ""n_estimators"": 885, ""num_leaves"": 13}",9ddece77,r1,0.5297038922943624,,1.2003380470000025,0.35604960099999516,,,,0.9110177177569109,0.9034991160479002,0.949303425917813,0.5297038922943624,,,,,,,,,,
lightgbm,rel-avito,user-visits,BINARY_CLASSIFICATION,0,30,roc_auc,cpu,False,"{""bagging_fraction"": 0.7040714906836, ""bagging_freq"": 1, ""cat_l2"": 0.1059359109832, ""cat_smooth"": 79.0557829290776, ""extra_trees"": true, ""feature_fraction"": 0.7399608725239, ""lambda_l1"": 0.9293032679565, ""lambda_l2"": 0.5788832452851, ""learning_rate"": 0.0050708289337, ""max_cat_to_onehot"": 15, ""min_data_in_leaf"": 53, ""min_data_per_group"": 48, ""n_estimators"": 398, ""num_leaves"": 14}",85d4ebc9,r10,0.5249176880216051,,0.5474286009999929,0.1389810329999932,,,,0.9095211784754298,0.9034991160479002,0.949303425917813,0.5249176880216051,,,,,,,,,,
lightgbm,rel-avito,user-visits,BINARY_CLASSIFICATION,0,30,roc_auc,cpu,False,"{""bagging_fraction"": 0.8819179642384, ""bagging_freq"": 1, ""cat_l2"": 0.2028071332361, ""cat_smooth"": 0.9002514016925, ""extra_trees"": true, ""feature_fraction"": 0.9904253448185, ""lambda_l1"": 0.3523764300344, ""lambda_l2"": 1.0166800656129, ""learning_rate"": 0.0076046378471, ""max_cat_to_onehot"": 9, ""min_data_in_leaf"": 51, ""min_data_per_group"": 4, ""n_estimators"": 309, ""num_leaves"": 50}",eb5d77d2,r11,0.5277680845986866,,0.47587999499999967,0.13477202299999647,,,,0.9103808221822338,0.9034991160479002,0.949303425917813,0.5277680845986866,,,,,,,,,,
lightgbm,rel-avito,user-visits,BINARY_CLASSIFICATION,0,30,roc_auc,cpu,False,"{""bagging_fraction"": 0.7057579594928, ""bagging_freq"": 1, ""cat_l2"": 0.0652607238611, ""cat_smooth"": 0.7440913299852, ""extra_trees"": true, ""feature_fraction"": 0.5562045565524, ""lambda_l1"": 0.4693022490728, ""lambda_l2"": 0.3337783413457, ""learning_rate"": 0.005523232486, ""max_cat_to_onehot"": 20, ""min_data_in_leaf"": 22, ""min_data_per_group"": 3, ""n_estimators"": 298, ""num_leaves"": 194}",97b0d170,r12,0.5242760898898693,,0.40816782600001034,0.09788612699999533,,,,0.909342701702158,0.9034991160479002,0.949303425917813,0.5242760898898693,,,,,,,,,,
lightgbm,rel-avito,user-visits,BINARY_CLASSIFICATION,0,30,roc_auc,cpu,False,"{""bagging_fraction"": 0.7904724450024, ""bagging_freq"": 1, ""cat_l2"": 0.0112585288934, ""cat_smooth"": 1.8450328342775, ""extra_trees"": false, ""feature_fraction"": 0.7222135128255, ""lambda_l1"": 0.8411560157726, ""lambda_l2"": 1.5581241341161, ""learning_rate"": 0.0949138303247, ""max_cat_to_onehot"": 8, ""min_data_in_leaf"": 4, ""min_data_per_group"": 12, ""n_estimators"": 523, ""num_leaves"": 6}",b0f88568,r13,0.5319532344889404,,0.5467748180000029,0.11346427200000164,,,,0.9107571811353125,0.9034991160479002,0.949303425917813,0.5319532344889404,,,,,,,,,,
lightgbm,rel-avito,user-visits,BINARY_CLASSIFICATION,0,30,roc_auc,cpu,True,"{""bagging_fraction"": 0.8980520612478, ""bagging_freq"": 1, ""cat_l2"": 0.0298619738506, ""cat_smooth"": 1.8218656600978, ""extra_trees"": false, ""feature_fraction"": 0.6687557031224, ""lambda_l1"": 0.9046572794351, ""lambda_l2"": 1.7298800978754, ""learning_rate"": 0.0152979229147, ""max_cat_to_onehot"": 14, ""min_data_in_leaf"": 7, ""min_data_per_group"": 61, ""n_estimators"": 223, ""num_leaves"": 45}",c9bdab03,r14,0.5350172865427755,0.5292822499517711,0.5212808069999966,0.13377158800000188,0.6452201010000067,0.15406170599999314,,0.9113393985220105,0.9034991160479002,0.949303425917813,0.5350172865427755,0.8613810236638689,0.8505909380276232,0.9192641340113671,0.5292822499517711,,,,,,
lightgbm,rel-avito,user-visits,BINARY_CLASSIFICATION,0,30,roc_auc,cpu,False,"{""bagging_fraction"": 0.7870232821631, ""bagging_freq"": 1, ""cat_l2"": 0.1520732736224, ""cat_smooth"": 0.143579414226, ""extra_trees"": false, ""feature_fraction"": 0.4597414534665, ""lambda_l1"": 0.0376556278898, ""lambda_l2"": 0.8228523078385, ""learning_rate"": 0.0175995134195, ""max_cat_to_onehot"": 55, ""min_data_in_leaf"": 4, ""min_data_per_group"": 81, ""n_estimators"": 58, ""num_leaves"": 107}",5c4e94f9,r15,0.5307387533081696,,0.18932085899999151,0.036222445999996467,,,,0.9105392519500997,0.9034991160479002,0.949303425917813,0.5307387533081696,,,,,,,,,,
lightgbm,rel-avito,user-visits,BINARY_CLASSIFICATION,0,30,roc_auc,cpu,False,"{""bagging_fraction"": 0.9252532736885, ""bagging_freq"": 1, ""cat_l2"": 0.0185425303217, ""cat_smooth"": 0.0026697944708, ""extra_trees"": true, ""feature_fraction"": 0.4403497788779, ""lambda_l1"": 0.990339913502, ""lambda_l2"": 1.5167814698069, ""learning_rate"": 0.032907451476, ""max_cat_to_onehot"": 89, ""min_data_in_leaf"": 2, ""min_data_per_group"": 10, ""n_estimators"": 665, ""num_leaves"": 12}",66abad1a,r16,0.5258037163393402,,0.642891714000001,0.1619892240000098,,,,0.9096585244710417,0.9034991160479002,0.949303425917813,0.5258037163393402,,,,,,,,,,
lightgbm,rel-avito,user-visits,BINARY_CLASSIFICATION,0,30,roc_auc,cpu,False,"{""bagging_fraction"": 0.9893469303368, ""bagging_freq"": 1, ""cat_l2"": 0.1517170923124, ""cat_smooth"": 0.0019146599966, ""extra_trees"": true, ""feature_fraction"": 0.8076356640991, ""lambda_l1"": 0.2169752947, ""lambda_l2"": 0.6401022999299, ""learning_rate"": 0.0682833284969, ""max_cat_to_onehot"": 45, ""min_data_in_leaf"": 2, ""min_data_per_group"": 8, ""n_estimators"": 71, ""num_leaves"": 27}",e3bf995d,r17,0.5300011046480748,,0.14915929999999378,0.03229523499999232,,,,0.9110506101921121,0.9034991160479002,0.949303425917813,0.5300011046480748,,,,,,,,,,
lightgbm,rel-avito,user-visits,BINARY_CLASSIFICATION,0,30,roc_auc,cpu,False,"{""bagging_fraction"": 0.8662727305253, ""bagging_freq"": 1, ""cat_l2"": 0.0750558998512, ""cat_smooth"": 0.2749087238468, ""extra_trees"": true, ""feature_fraction"": 0.6722181067336, ""lambda_l1"": 0.6631118952798, ""lambda_l2"": 0.7669894419544, ""learning_rate"": 0.011346355764, ""max_cat_to_onehot"": 13, ""min_data_in_leaf"": 8, ""min_data_per_group"": 12, ""n_estimators"": 235, ""num_leaves"": 4}",d16f6217,r18,0.5229185825619408,,0.2491744999999952,0.04711299500000621,,,,0.909148792744056,0.9034991160479002,0.949303425917813,0.5229185825619408,,,,,,,,,,
lightgbm,rel-avito,user-visits,BINARY_CLASSIFICATION,0,30,roc_auc,cpu,False,"{""bagging_fraction"": 0.7637171496671, ""bagging_freq"": 1, ""cat_l2"": 1.6733394870119, ""cat_smooth"": 25.4110617183616, ""extra_trees"": true, ""feature_fraction"": 0.7219475266652, ""lambda_l1"": 0.2633960444995, ""lambda_l2"": 1.1766753953959, ""learning_rate"": 0.0546075727721, ""max_cat_to_onehot"": 88, ""min_data_in_leaf"": 1, ""min_data_per_group"": 5, ""n_estimators"": 74, ""num_leaves"": 3}",3c940a82,r19,0.5216516063504911,,0.09522521600000289,0.014934449000008954,,,,0.9088705746128461,0.9034991160479002,0.949303425917813,0.5216516063504911,,,,,,,,,,
lightgbm,rel-avito,user-visits,BINARY_CLASSIFICATION,0,30,roc_auc,cpu,False,"{""bagging_fraction"": 0.9145568099117, ""bagging_freq"": 1, ""cat_l2"": 0.0688015432043, ""cat_smooth"": 0.4410365667971, ""extra_trees"": false, ""feature_fraction"": 0.4842104682476, ""lambda_l1"": 0.6789116421659, ""lambda_l2"": 0.2119046236149, ""learning_rate"": 0.007497093098, ""max_cat_to_onehot"": 78, ""min_data_in_leaf"": 57, ""min_data_per_group"": 21, ""n_estimators"": 353, ""num_leaves"": 17}",a3464b9d,r2,0.5296810106631464,,0.5585824740000049,0.14494951099999298,,,,0.9104771100385545,0.9034991160479002,0.949303425917813,0.5296810106631464,,,,,,,,,,
lightgbm,rel-avito,user-visits,BINARY_CLASSIFICATION,0,30,roc_auc,cpu,False,"{""bagging_fraction"": 0.766732967316, ""bagging_freq"": 1, ""cat_l2"": 0.2949769749976, ""cat_smooth"": 76.211749790676, ""extra_trees"": false, ""feature_fraction"": 0.9380027758242, ""lambda_l1"": 0.0207489343658, ""lambda_l2"": 1.6621138056269, ""learning_rate"": 0.0087194268009, ""max_cat_to_onehot"": 51, ""min_data_in_leaf"": 2, ""min_data_per_group"": 20, ""n_estimators"": 428, ""num_leaves"": 19}",8d3659ac,r20,0.5326856062084284,,0.6697137410000096,0.17964118700000142,,,,0.9113232376922865,0.9034991160479002,0.949303425917813,0.5326856062084284,,,,,,,,,,
lightgbm,rel-avito,user-visits,BINARY_CLASSIFICATION,0,30,roc_auc,cpu,False,"{""bagging_fraction"": 0.806683821355, ""bagging_freq"": 1, ""cat_l2"": 0.0082421437739, ""cat_smooth"": 0.0160008811562, ""extra_trees"": false, ""feature_fraction"": 0.5089787202952, ""lambda_l1"": 0.2184810145264, ""lambda_l2"": 0.9723705046664, ""learning_rate"": 0.0507096180332, ""max_cat_to_onehot"": 54, ""min_data_in_leaf"": 3, ""min_data_per_group"": 18, ""n_estimators"": 165, ""num_leaves"": 161}",a6d8d71e,r21,0.5286688589983348,,0.7173693410000084,0.1523856719999941,,,,0.9110357200430331,0.903332332632843,0.9492095762206877,0.5286688589983348,,,,,,,,,,
lightgbm,rel-avito,user-visits,BINARY_CLASSIFICATION,0,30,roc_auc,cpu,False,"{""bagging_fraction"": 0.9821295835758, ""bagging_freq"": 1, ""cat_l2"": 0.1367124095637, ""cat_smooth"": 0.0031729973642, ""extra_trees"": true, ""feature_fraction"": 0.7074360779775, ""lambda_l1"": 0.4552232983118, ""lambda_l2"": 1.417125445225, ""learning_rate"": 0.0925784167972, ""max_cat_to_onehot"": 8, ""min_data_in_leaf"": 5, ""min_data_per_group"": 7, ""n_estimators"": 123, ""num_leaves"": 2}",38aedfa8,r22,0.5185190816852285,,0.12053913100000102,0.019085531000001765,,,,0.9085634397815595,0.9034991160479002,0.949303425917813,0.5185190816852285,,,,,,,,,,
lightgbm,rel-avito,user-visits,BINARY_CLASSIFICATION,0,30,roc_auc,cpu,False,"{""bagging_fraction"": 0.9295975761421, ""bagging_freq"": 1, ""cat_l2"": 0.1658867884192, ""cat_smooth"": 0.0012082259188, ""extra_trees"": false, ""feature_fraction"": 0.7482682823129, ""lambda_l1"": 0.8788818548033, ""lambda_l2"": 0.9963306369924, ""learning_rate"": 0.0662004421712, ""max_cat_to_onehot"": 15, ""min_data_in_leaf"": 1, ""min_data_per_group"": 44, ""n_estimators"": 510, ""num_leaves"": 23}",3e9b950f,r23,0.5310970237570036,,0.7469428679999908,0.190684736999998,,,,0.9110838968762324,0.9034324026818773,0.9492648218573106,0.5310970237570036,,,,,,,,,,
lightgbm,rel-avito,user-visits,BINARY_CLASSIFICATION,0,30,roc_auc,cpu,False,"{""bagging_fraction"": 0.9245990859552, ""bagging_freq"": 1, ""cat_l2"": 1.592158021275, ""cat_smooth"": 44.4269586841343, ""extra_trees"": false, ""feature_fraction"": 0.872525293573, ""lambda_l1"": 0.492319014681, ""lambda_l2"": 1.6891157039359, ""learning_rate"": 0.0517998481756, ""max_cat_to_onehot"": 22, ""min_data_in_leaf"": 59, ""min_data_per_group"": 10, ""n_estimators"": 802, ""num_leaves"": 8}",0d0b00fe,r24,0.5314144122729871,,0.837770295999988,0.19790503299999784,,,,0.9108060177851203,0.9034991160479002,0.949303425917813,0.5314144122729871,,,,,,,,,,
lightgbm,rel-avito,user-visits,BINARY_CLASSIFICATION,0,30,roc_auc,cpu,False,"{""bagging_fraction"": 0.9711159219238, ""bagging_freq"": 1, ""cat_l2"": 0.0287842816393, ""cat_smooth"": 2.2365712242177, ""extra_trees"": false, ""feature_fraction"": 0.7638852760411, ""lambda_l1"": 0.7155896013433, ""lambda_l2"": 0.3887650116637, ""learning_rate"": 0.0956151137114, ""max_cat_to_onehot"": 23, ""min_data_in_leaf"": 5, ""min_data_per_group"": 8, ""n_estimators"": 132, ""num_leaves"": 117}",311db951,r25,0.5305963078159033,,0.4564923110000052,0.09012849500000186,,,,0.9111610367574982,0.90303212248574,0.9490348708778205,0.5305963078159033,,,,,,,,,,
lightgbm,rel-avito,user-visits,BINARY_CLASSIFICATION,0,30,roc_auc,cpu,False,"{""bagging_fraction"": 0.7751868160582, ""bagging_freq"": 1, ""cat_l2"": 0.7205179793324, ""cat_smooth"": 0.2412048314858, ""extra_trees"": false, ""feature_fraction"": 0.5086905770421, ""lambda_l1"": 0.7774298210926, ""lambda_l2"": 0.7417685131559, ""learning_rate"": 0.006296404929, ""max_cat_to_onehot"": 41, ""min_data_in_leaf"": 17, ""min_data_per_group"": 4, ""n_estimators"": 197, ""num_leaves"": 50}",e3b85f93,r26,0.5349442325004462,,0.5075418240000005,0.123001809999991,,,,0.9113859983095682,0.9034991160479002,0.949303425917813,0.5349442325004462,,,,,,,,,,
lightgbm,rel-avito,user-visits,BINARY_CLASSIFICATION,0,30,roc_auc,cpu,False,"{""bagging_fraction"": 0.9032235488416, ""bagging_freq"": 1, ""cat_l2"": 0.0484438463597, ""cat_smooth"": 0.2752154717585, ""extra_trees"": false, ""feature_fraction"": 0.8731273073839, ""lambda_l1"": 0.2594966220889, ""lambda_l2"": 0.3941888549433, ""learning_rate"": 0.0236586574252, ""max_cat_to_onehot"": 8, ""min_data_in_leaf"": 3, ""min_data_per_group"": 69, ""n_estimators"": 438, ""num_leaves"": 9}",d90cbc4e,r27,0.5312521032787757,,0.49002838500000223,0.10542456700000002,,,,0.9109538735277518,0.9034991160479002,0.949303425917813,0.5312521032787757,,,,,,,,,,
lightgbm,rel-avito,user-visits,BINARY_CLASSIFICATION,0,30,roc_auc,cpu,False,"{""bagging_fraction"": 0.943127227378, ""bagging_freq"": 1, ""cat_l2"": 0.0089165711882, ""cat_smooth"": 0.196142976357, ""extra_trees"": false, ""feature_fraction"": 0.4341088458599, ""lambda_l1"": 0.3738757566188, ""lambda_l2"": 0.9197657819236, ""learning_rate"": 0.0125354274243, ""max_cat_to_onehot"": 23, ""min_data_in_leaf"": 1, ""min_data_per_group"": 16, ""n_estimators"": 165, ""num_leaves"": 65}",10f688c8,r28,0.5306824616878161,,0.39179012999998974,0.09274154700000281,,,,0.9103279299304645,0.9034991160479002,0.949303425917813,0.5306824616878161,,,,,,,,,,
lightgbm,rel-avito,user-visits,BINARY_CLASSIFICATION,0,30,roc_auc,cpu,False,"{""bagging_fraction"": 0.8296444149774, ""bagging_freq"": 1, ""cat_l2"": 0.0231985345244, ""cat_smooth"": 0.419723324168, ""extra_trees"": true, ""feature_fraction"": 0.818198345035, ""lambda_l1"": 0.5876408752329, ""lambda_l2"": 0.0893201412781, ""learning_rate"": 0.0282078967013, ""max_cat_to_onehot"": 29, ""min_data_in_leaf"": 5, ""min_data_per_group"": 12, ""n_estimators"": 750, ""num_leaves"": 37}",fb774425,r29,0.5309892516568253,,1.0338726309999942,0.3013927650000028,,,,0.9110234717531641,0.9034991160479002,0.949303425917813,0.5309892516568253,,,,,,,,,,
lightgbm,rel-avito,user-visits,BINARY_CLASSIFICATION,0,30,roc_auc,cpu,False,"{""bagging_fraction"": 0.8808290128215, ""bagging_freq"": 1, ""cat_l2"": 1.0457234595842, ""cat_smooth"": 0.6921859910209, ""extra_trees"": true, ""feature_fraction"": 0.9220523550151, ""lambda_l1"": 0.7206605914604, ""lambda_l2"": 0.9472534786514, ""learning_rate"": 0.0132034424949, ""max_cat_to_onehot"": 25, ""min_data_in_leaf"": 15, ""min_data_per_group"": 7, ""n_estimators"": 335, ""num_leaves"": 35}",7ae6364f,r3,0.5292547525454315,,0.5159759299999962,0.14568227200000194,,,,0.9109579287971883,0.9034991160479002,0.949303425917813,0.5292547525454315,,,,,,,,,,
lightgbm,rel-avito,user-visits,BINARY_CLASSIFICATION,0,30,roc_auc,cpu,False,"{""bagging_fraction"": 0.9256403562964, ""bagging_freq"": 1, ""cat_l2"": 0.173468569422, ""cat_smooth"": 0.1622096133057, ""extra_trees"": true, ""feature_fraction"": 0.8672172375647, ""lambda_l1"": 0.2728946202342, ""lambda_l2"": 1.5996117895528, ""learning_rate"": 0.0885567275464, ""max_cat_to_onehot"": 31, ""min_data_in_leaf"": 54, ""min_data_per_group"": 63, ""n_estimators"": 395, ""num_leaves"": 6}",a691dd6f,r30,0.529241971756997,,0.4382084799999859,0.10487420599997677,,,,0.9103756842841094,0.9034991160479002,0.949303425917813,0.529241971756997,,,,,,,,,,
lightgbm,rel-avito,user-visits,BINARY_CLASSIFICATION,0,30,roc_auc,cpu,False,"{""bagging_fraction"": 0.8634649548991, ""bagging_freq"": 1, ""cat_l2"": 1.6087120636028, ""cat_smooth"": 42.4603130176821, ""extra_trees"": false, ""feature_fraction"": 0.6841648271642, ""lambda_l1"": 0.5820615900959, ""lambda_l2"": 0.3727460534192, ""learning_rate"": 0.0078289135266, ""max_cat_to_onehot"": 37, ""min_data_in_leaf"": 2, ""min_data_per_group"": 2, ""n_estimators"": 987, ""num_leaves"": 9}",1d48d1c9,r4,0.5312487405850638,,1.1335263069999968,0.2950909869999947,,,,0.9107052968719844,0.9034991160479002,0.949303425917813,0.5312487405850638,,,,,,,,,,
lightgbm,rel-avito,user-visits,BINARY_CLASSIFICATION,0,30,roc_auc,cpu,False,"{""bagging_fraction"": 0.8270964398017, ""bagging_freq"": 1, ""cat_l2"": 0.0497402357678, ""cat_smooth"": 0.0022655846367, ""extra_trees"": true, ""feature_fraction"": 0.8805464511878, ""lambda_l1"": 0.5374194921261, ""lambda_l2"": 1.4738626624402, ""learning_rate"": 0.009732329389, ""max_cat_to_onehot"": 78, ""min_data_in_leaf"": 4, ""min_data_per_group"": 24, ""n_estimators"": 285, ""num_leaves"": 44}",4f68409e,r5,0.5255988600174799,,0.4338889170000044,0.11866237899999987,,,,0.90944048777617,0.9034991160479002,0.949303425917813,0.5255988600174799,,,,,,,,,,
lightgbm,rel-avito,user-visits,BINARY_CLASSIFICATION,0,30,roc_auc,cpu,False,"{""bagging_fraction"": 0.7951605226208, ""bagging_freq"": 1, ""cat_l2"": 0.2087627025057, ""cat_smooth"": 0.0018992120999, ""extra_trees"": true, ""feature_fraction"": 0.5907899076364, ""lambda_l1"": 0.2654629519904, ""lambda_l2"": 0.6372060480074, ""learning_rate"": 0.0086558049456, ""max_cat_to_onehot"": 44, ""min_data_in_leaf"": 11, ""min_data_per_group"": 11, ""n_estimators"": 164, ""num_leaves"": 56}",3c57d7d3,r6,0.5261644880707834,,0.24839163100000405,0.05972038700001292,,,,0.9092443643337234,0.9034991160479002,0.949303425917813,0.5261644880707834,,,,,,,,,,
lightgbm,rel-avito,user-visits,BINARY_CLASSIFICATION,0,30,roc_auc,cpu,False,"{""bagging_fraction"": 0.9335036446078, ""bagging_freq"": 1, ""cat_l2"": 0.2830562687557, ""cat_smooth"": 0.1802171314263, ""extra_trees"": true, ""feature_fraction"": 0.6485577967088, ""lambda_l1"": 0.5232957286614, ""lambda_l2"": 1.3348540188894, ""learning_rate"": 0.0289761662926, ""max_cat_to_onehot"": 15, ""min_data_in_leaf"": 11, ""min_data_per_group"": 55, ""n_estimators"": 701, ""num_leaves"": 20}",134c98bb,r7,0.5294564631215614,,0.8595347709999999,0.2518425610000037,,,,0.9105878241847656,0.9034991160479002,0.949303425917813,0.5294564631215614,,,,,,,,,,
lightgbm,rel-avito,user-visits,BINARY_CLASSIFICATION,0,30,roc_auc,cpu,False,"{""bagging_fraction"": 0.9848713160352, ""bagging_freq"": 1, ""cat_l2"": 1.6905546285477, ""cat_smooth"": 0.001258746648, ""extra_trees"": true, ""feature_fraction"": 0.4384884978093, ""lambda_l1"": 0.0940311167074, ""lambda_l2"": 0.2636825450225, ""learning_rate"": 0.0053104402291, ""max_cat_to_onehot"": 51, ""min_data_in_leaf"": 10, ""min_data_per_group"": 31, ""n_estimators"": 285, ""num_leaves"": 164}",42517afb,r8,0.520924045771532,,0.311070493999992,0.07294537600000695,,,,0.9083905174394737,0.9034991160479002,0.949303425917813,0.520924045771532,,,,,,,,,,
lightgbm,rel-avito,user-visits,BINARY_CLASSIFICATION,0,30,roc_auc,cpu,False,"{""bagging_fraction"": 0.898758060085, ""bagging_freq"": 1, ""cat_l2"": 0.964011246959, ""cat_smooth"": 0.1616421454928, ""extra_trees"": false, ""feature_fraction"": 0.815483271622, ""lambda_l1"": 0.5759889009066, ""lambda_l2"": 1.4326827755167, ""learning_rate"": 0.0599026240177, ""max_cat_to_onehot"": 91, ""min_data_in_leaf"": 2, ""min_data_per_group"": 6, ""n_estimators"": 702, ""num_leaves"": 39}",b7f5d391,r9,0.5287324119952428,,1.3057522889999973,0.3803268110000033,,,,0.91059477344132,0.9028986957536943,0.948964743421168,0.5287324119952428,,,,,,,,,,
lightgbm,rel-event,user-attendance,REGRESSION,0,30,mae,cpu,False,{},bf21a9e8,default,0.2613526356027976,0.266505879684673,0.43030315400000063,0.011684560000006172,0.12036200000000008,0.011309603999990259,,,,,,,,,,-0.2188765232660146,0.2613526356027976,0.5777083059403473,-0.15076284676921015,0.266505879684673,0.6891228408328811
lightgbm,rel-event,user-attendance,REGRESSION,0,30,mae,cpu,False,"{""bagging_fraction"": 0.8646440511782, ""bagging_freq"": 1, ""cat_l2"": 0.2396763788772, ""cat_smooth"": 9.0912832806515, ""extra_trees"": true, ""feature_fraction"": 0.9742930953718, ""lambda_l1"": 0.5205254318032, ""lambda_l2"": 1.5172553870823, ""learning_rate"": 0.0095655183906, ""max_cat_to_onehot"": 21, ""min_data_in_leaf"": 1, ""min_data_per_group"": 38, ""n_estimators"": 885, ""num_leaves"": 13}",9ddece77,r1,0.2579472870551968,,0.5802614100000056,0.038898052999996935,,,,,,,,,,,,-0.23694082846457576,0.2579472870551968,0.5819735110943158,,,
lightgbm,rel-event,user-attendance,REGRESSION,0,30,mae,cpu,False,"{""bagging_fraction"": 0.7040714906836, ""bagging_freq"": 1, ""cat_l2"": 0.1059359109832, ""cat_smooth"": 79.0557829290776, ""extra_trees"": true, ""feature_fraction"": 0.7399608725239, ""lambda_l1"": 0.9293032679565, ""lambda_l2"": 0.5788832452851, ""learning_rate"": 0.0050708289337, ""max_cat_to_onehot"": 15, ""min_data_in_leaf"": 53, ""min_data_per_group"": 48, ""n_estimators"": 398, ""num_leaves"": 14}",85d4ebc9,r10,0.2575242584543262,,0.23328028299999914,0.018351937999995016,,,,,,,,,,,,-0.24207529077454426,0.2575242584543262,0.5831801276654828,,,
lightgbm,rel-event,user-attendance,REGRESSION,0,30,mae,cpu,False,"{""bagging_fraction"": 0.8819179642384, ""bagging_freq"": 1, ""cat_l2"": 0.2028071332361, ""cat_smooth"": 0.9002514016925, ""extra_trees"": true, ""feature_fraction"": 0.9904253448185, ""lambda_l1"": 0.3523764300344, ""lambda_l2"": 1.0166800656129, ""learning_rate"": 0.0076046378471, ""max_cat_to_onehot"": 9, ""min_data_in_leaf"": 51, ""min_data_per_group"": 4, ""n_estimators"": 309, ""num_leaves"": 50}",eb5d77d2,r11,0.25647985885721686,,0.23819271200000003,0.018902917999994884,,,,,,,,,,,,-0.22913228745170255,0.25647985885721686,0.5801336661519,,,
lightgbm,rel-event,user-attendance,REGRESSION,0,30,mae,cpu,False,"{""bagging_fraction"": 0.7057579594928, ""bagging_freq"": 1, ""cat_l2"": 0.0652607238611, ""cat_smooth"": 0.7440913299852, ""extra_trees"": true, ""feature_fraction"": 0.5562045565524, ""lambda_l1"": 0.4693022490728, ""lambda_l2"": 0.3337783413457, ""learning_rate"": 0.005523232486, ""max_cat_to_onehot"": 20, ""min_data_in_leaf"": 22, ""min_data_per_group"": 3, ""n_estimators"": 298, ""num_leaves"": 194}",97b0d170,r12,0.25756048832981693,,0.24671872200001133,0.017789419999999723,,,,,,,,,,,,-0.23058671902613348,0.25756048832981693,0.5804768006017222,,,
lightgbm,rel-event,user-attendance,REGRESSION,0,30,mae,cpu,False,"{""bagging_fraction"": 0.7904724450024, ""bagging_freq"": 1, ""cat_l2"": 0.0112585288934, ""cat_smooth"": 1.8450328342775, ""extra_trees"": false, ""feature_fraction"": 0.7222135128255, ""lambda_l1"": 0.8411560157726, ""lambda_l2"": 1.5581241341161, ""learning_rate"": 0.0949138303247, ""max_cat_to_onehot"": 8, ""min_data_in_leaf"": 4, ""min_data_per_group"": 12, ""n_estimators"": 523, ""num_leaves"": 6}",b0f88568,r13,0.25672552318066966,,0.3054618759999954,0.01620562299999051,,,,,,,,,,,,-0.22591396590570523,0.25672552318066966,0.5793736664107124,,,
lightgbm,rel-event,user-attendance,REGRESSION,0,30,mae,cpu,False,"{""bagging_fraction"": 0.8980520612478, ""bagging_freq"": 1, ""cat_l2"": 0.0298619738506, ""cat_smooth"": 1.8218656600978, ""extra_trees"": false, ""feature_fraction"": 0.6687557031224, ""lambda_l1"": 0.9046572794351, ""lambda_l2"": 1.7298800978754, ""learning_rate"": 0.0152979229147, ""max_cat_to_onehot"": 14, ""min_data_in_leaf"": 7, ""min_data_per_group"": 61, ""n_estimators"": 223, ""num_leaves"": 45}",c9bdab03,r14,0.257492659473583,,0.3662519939999953,0.019797003000007862,,,,,,,,,,,,-0.16688771173548678,0.257492659473583,0.565253537185435,,,
lightgbm,rel-event,user-attendance,REGRESSION,0,30,mae,cpu,False,"{""bagging_fraction"": 0.7870232821631, ""bagging_freq"": 1, ""cat_l2"": 0.1520732736224, ""cat_smooth"": 0.143579414226, ""extra_trees"": false, ""feature_fraction"": 0.4597414534665, ""lambda_l1"": 0.0376556278898, ""lambda_l2"": 0.8228523078385, ""learning_rate"": 0.0175995134195, ""max_cat_to_onehot"": 55, ""min_data_in_leaf"": 4, ""min_data_per_group"": 81, ""n_estimators"": 58, ""num_leaves"": 107}",5c4e94f9,r15,0.25950031667192675,,0.15092024099999435,0.011042728000006719,,,,,,,,,,,,-0.18475176513081015,0.25950031667192675,0.5695638771739031,,,
lightgbm,rel-event,user-attendance,REGRESSION,0,30,mae,cpu,False,"{""bagging_fraction"": 0.9252532736885, ""bagging_freq"": 1, ""cat_l2"": 0.0185425303217, ""cat_smooth"": 0.0026697944708, ""extra_trees"": true, ""feature_fraction"": 0.4403497788779, ""lambda_l1"": 0.990339913502, ""lambda_l2"": 1.5167814698069, ""learning_rate"": 0.032907451476, ""max_cat_to_onehot"": 89, ""min_data_in_leaf"": 2, ""min_data_per_group"": 10, ""n_estimators"": 665, ""num_leaves"": 12}",66abad1a,r16,0.25613364739610156,,0.2986160250000012,0.020986054999994508,,,,,,,,,,,,-0.21922030067654963,0.25613364739610156,0.5777897699196427,,,
lightgbm,rel-event,user-attendance,REGRESSION,0,30,mae,cpu,False,"{""bagging_fraction"": 0.9893469303368, ""bagging_freq"": 1, ""cat_l2"": 0.1517170923124, ""cat_smooth"": 0.0019146599966, ""extra_trees"": true, ""feature_fraction"": 0.8076356640991, ""lambda_l1"": 0.2169752947, ""lambda_l2"": 0.6401022999299, ""learning_rate"": 0.0682833284969, ""max_cat_to_onehot"": 45, ""min_data_in_leaf"": 2, ""min_data_per_group"": 8, ""n_estimators"": 71, ""num_leaves"": 27}",e3bf995d,r17,0.25714461186505216,,0.07529543500000102,0.010300520000001256,,,,,,,,,,,,-0.2172387179441071,0.25714461186505216,0.5773200419212977,,,
lightgbm,rel-event,user-attendance,REGRESSION,0,30,mae,cpu,False,"{""bagging_fraction"": 0.8662727305253, ""bagging_freq"": 1, ""cat_l2"": 0.0750558998512, ""cat_smooth"": 0.2749087238468, ""extra_trees"": true, ""feature_fraction"": 0.6722181067336, ""lambda_l1"": 0.6631118952798, ""lambda_l2"": 0.7669894419544, ""learning_rate"": 0.011346355764, ""max_cat_to_onehot"": 13, ""min_data_in_leaf"": 8, ""min_data_per_group"": 12, ""n_estimators"": 235, ""num_leaves"": 4}",d16f6217,r18,0.2569738224584855,,0.11701812299999403,0.010447615000003907,,,,,,,,,,,,-0.23414071252421031,0.2569738224584855,0.5813144186954924,,,
lightgbm,rel-event,user-attendance,REGRESSION,0,30,mae,cpu,False,"{""bagging_fraction"": 0.7637171496671, ""bagging_freq"": 1, ""cat_l2"": 1.6733394870119, ""cat_smooth"": 25.4110617183616, ""extra_trees"": true, ""feature_fraction"": 0.7219475266652, ""lambda_l1"": 0.2633960444995, ""lambda_l2"": 1.1766753953959, ""learning_rate"": 0.0546075727721, ""max_cat_to_onehot"": 88, ""min_data_in_leaf"": 1, ""min_data_per_group"": 5, ""n_estimators"": 74, ""num_leaves"": 3}",3c940a82,r19,0.2575216726160122,,0.04590162600000269,0.008487946000002466,,,,,,,,,,,,-0.24200543272465458,0.2575216726160122,0.5831637275327355,,,
lightgbm,rel-event,user-attendance,REGRESSION,0,30,mae,cpu,False,"{""bagging_fraction"": 0.9145568099117, ""bagging_freq"": 1, ""cat_l2"": 0.0688015432043, ""cat_smooth"": 0.4410365667971, ""extra_trees"": false, ""feature_fraction"": 0.4842104682476, ""lambda_l1"": 0.6789116421659, ""lambda_l2"": 0.2119046236149, ""learning_rate"": 0.007497093098, ""max_cat_to_onehot"": 78, ""min_data_in_leaf"": 57, ""min_data_per_group"": 21, ""n_estimators"": 353, ""num_leaves"": 17}",a3464b9d,r2,0.2562938545370568,,0.2929364820000018,0.020418493000008198,,,,,,,,,,,,-0.22494307632670307,0.2562938545370568,0.5791441970974244,,,
lightgbm,rel-event,user-attendance,REGRESSION,0,30,mae,cpu,True,"{""bagging_fraction"": 0.766732967316, ""bagging_freq"": 1, ""cat_l2"": 0.2949769749976, ""cat_smooth"": 76.211749790676, ""extra_trees"": false, ""feature_fraction"": 0.9380027758242, ""lambda_l1"": 0.0207489343658, ""lambda_l2"": 1.6621138056269, ""learning_rate"": 0.0087194268009, ""max_cat_to_onehot"": 51, ""min_data_in_leaf"": 2, ""min_data_per_group"": 20, ""n_estimators"": 428, ""num_leaves"": 19}",8d3659ac,r20,0.25564757953546474,0.2627977644640655,0.30214200000000346,0.014731711999999675,0.33464064799998994,0.012959769000005394,,,,,,,,,,-0.18191281999136555,0.25564757953546474,0.5688810630749778,-0.14196208466055893,0.2627977644640655,0.6864826590148704
lightgbm,rel-event,user-attendance,REGRESSION,0,30,mae,cpu,False,"{""bagging_fraction"": 0.806683821355, ""bagging_freq"": 1, ""cat_l2"": 0.0082421437739, ""cat_smooth"": 0.0160008811562, ""extra_trees"": false, ""feature_fraction"": 0.5089787202952, ""lambda_l1"": 0.2184810145264, ""lambda_l2"": 0.9723705046664, ""learning_rate"": 0.0507096180332, ""max_cat_to_onehot"": 54, ""min_data_in_leaf"": 3, ""min_data_per_group"": 18, ""n_estimators"": 165, ""num_leaves"": 161}",a6d8d71e,r21,0.2686085357396622,,0.5806766649999986,0.0211479230000009,,,,,,,,,,,,-0.038571821667684025,0.2686085357396622,0.5332698412555134,,,
lightgbm,rel-event,user-attendance,REGRESSION,0,30,mae,cpu,False,"{""bagging_fraction"": 0.9821295835758, ""bagging_freq"": 1, ""cat_l2"": 0.1367124095637, ""cat_smooth"": 0.0031729973642, ""extra_trees"": true, ""feature_fraction"": 0.7074360779775, ""lambda_l1"": 0.4552232983118, ""lambda_l2"": 1.417125445225, ""learning_rate"": 0.0925784167972, ""max_cat_to_onehot"": 8, ""min_data_in_leaf"": 5, ""min_data_per_group"": 7, ""n_estimators"": 123, ""num_leaves"": 2}",38aedfa8,r22,0.255741342529405,,0.06456088000000193,0.01021711900000355,,,,,,,,,,,,-0.2268904251226176,0.255741342529405,0.5796043604737058,,,
lightgbm,rel-event,user-attendance,REGRESSION,0,30,mae,cpu,False,"{""bagging_fraction"": 0.9295975761421, ""bagging_freq"": 1, ""cat_l2"": 0.1658867884192, ""cat_smooth"": 0.0012082259188, ""extra_trees"": false, ""feature_fraction"": 0.7482682823129, ""lambda_l1"": 0.8788818548033, ""lambda_l2"": 0.9963306369924, ""learning_rate"": 0.0662004421712, ""max_cat_to_onehot"": 15, ""min_data_in_leaf"": 1, ""min_data_per_group"": 44, ""n_estimators"": 510, ""num_leaves"": 23}",3e9b950f,r23,0.26063020614153526,,0.6118486310000009,0.03227665000000002,,,,,,,,,,,,-0.15109625338955235,0.26063020614153526,0.5614157286655475,,,
lightgbm,rel-event,user-attendance,REGRESSION,0,30,mae,cpu,False,"{""bagging_fraction"": 0.9245990859552, ""bagging_freq"": 1, ""cat_l2"": 1.592158021275, ""cat_smooth"": 44.4269586841343, ""extra_trees"": false, ""feature_fraction"": 0.872525293573, ""lambda_l1"": 0.492319014681, ""lambda_l2"": 1.6891157039359, ""learning_rate"": 0.0517998481756, ""max_cat_to_onehot"": 22, ""min_data_in_leaf"": 59, ""min_data_per_group"": 10, ""n_estimators"": 802, ""num_leaves"": 8}",0d0b00fe,r24,0.25702152860171384,,0.4142541940000086,0.02269918499999335,,,,,,,,,,,,-0.21861886481589998,0.25702152860171384,0.5776472418000725,,,
lightgbm,rel-event,user-attendance,REGRESSION,0,30,mae,cpu,False,"{""bagging_fraction"": 0.9711159219238, ""bagging_freq"": 1, ""cat_l2"": 0.0287842816393, ""cat_smooth"": 2.2365712242177, ""extra_trees"": false, ""feature_fraction"": 0.7638852760411, ""lambda_l1"": 0.7155896013433, ""lambda_l2"": 0.3887650116637, ""learning_rate"": 0.0956151137114, ""max_cat_to_onehot"": 23, ""min_data_in_leaf"": 5, ""min_data_per_group"": 8, ""n_estimators"": 132, ""num_leaves"": 117}",311db951,r25,0.2651144410848328,,0.3909459519999956,0.018001933000007853,,,,,,,,,,,,-0.05611648222031396,0.2651144410848328,0.5377552583348219,,,
lightgbm,rel-event,user-attendance,REGRESSION,0,30,mae,cpu,False,"{""bagging_fraction"": 0.7751868160582, ""bagging_freq"": 1, ""cat_l2"": 0.7205179793324, ""cat_smooth"": 0.2412048314858, ""extra_trees"": false, ""feature_fraction"": 0.5086905770421, ""lambda_l1"": 0.7774298210926, ""lambda_l2"": 0.7417685131559, ""learning_rate"": 0.006296404929, ""max_cat_to_onehot"": 41, ""min_data_in_leaf"": 17, ""min_data_per_group"": 4, ""n_estimators"": 197, ""num_leaves"": 50}",e3b85f93,r26,0.2582270686461302,,0.3350490300000075,0.01903861099999915,,,,,,,,,,,,-0.21193584643199137,0.2582270686461302,0.5760611288054529,,,
lightgbm,rel-event,user-attendance,REGRESSION,0,30,mae,cpu,False,"{""bagging_fraction"": 0.9032235488416, ""bagging_freq"": 1, ""cat_l2"": 0.0484438463597, ""cat_smooth"": 0.2752154717585, ""extra_trees"": false, ""feature_fraction"": 0.8731273073839, ""lambda_l1"": 0.2594966220889, ""lambda_l2"": 0.3941888549433, ""learning_rate"": 0.0236586574252, ""max_cat_to_onehot"": 8, ""min_data_in_leaf"": 3, ""min_data_per_group"": 69, ""n_estimators"": 438, ""num_leaves"": 9}",d90cbc4e,r27,0.2557065260254122,,0.33846207999999933,0.01794955100000095,,,,,,,,,,,,-0.22151956326039102,0.2557065260254122,0.5783343247700434,,,
lightgbm,rel-event,user-attendance,REGRESSION,0,30,mae,cpu,False,"{""bagging_fraction"": 0.943127227378, ""bagging_freq"": 1, ""cat_l2"": 0.0089165711882, ""cat_smooth"": 0.196142976357, ""extra_trees"": false, ""feature_fraction"": 0.4341088458599, ""lambda_l1"": 0.3738757566188, ""lambda_l2"": 0.9197657819236, ""learning_rate"": 0.0125354274243, ""max_cat_to_onehot"": 23, ""min_data_in_leaf"": 1, ""min_data_per_group"": 16, ""n_estimators"": 165, ""num_leaves"": 65}",10f688c8,r28,0.25764606985333294,,0.30337180399999397,0.017170507000003,,,,,,,,,,,,-0.17718365831968885,0.25764606985333294,0.5677417966835339,,,
lightgbm,rel-event,user-attendance,REGRESSION,0,30,mae,cpu,False,"{""bagging_fraction"": 0.8296444149774, ""bagging_freq"": 1, ""cat_l2"": 0.0231985345244, ""cat_smooth"": 0.419723324168, ""extra_trees"": true, ""feature_fraction"": 0.818198345035, ""lambda_l1"": 0.5876408752329, ""lambda_l2"": 0.0893201412781, ""learning_rate"": 0.0282078967013, ""max_cat_to_onehot"": 29, ""min_data_in_leaf"": 5, ""min_data_per_group"": 12, ""n_estimators"": 750, ""num_leaves"": 37}",fb774425,r29,0.2586067670975411,,0.6829536009999941,0.04249663600000986,,,,,,,,,,,,-0.20177869569841778,0.2586067670975411,0.5736420853892603,,,
lightgbm,rel-event,user-attendance,REGRESSION,0,30,mae,cpu,False,"{""bagging_fraction"": 0.8808290128215, ""bagging_freq"": 1, ""cat_l2"": 1.0457234595842, ""cat_smooth"": 0.6921859910209, ""extra_trees"": true, ""feature_fraction"": 0.9220523550151, ""lambda_l1"": 0.7206605914604, ""lambda_l2"": 0.9472534786514, ""learning_rate"": 0.0132034424949, ""max_cat_to_onehot"": 25, ""min_data_in_leaf"": 15, ""min_data_per_group"": 7, ""n_estimators"": 335, ""num_leaves"": 35}",7ae6364f,r3,0.2565387313757132,,0.2788254789999911,0.020572197999996433,,,,,,,,,,,,-0.2220256332984838,0.2565387313757132,0.5784541130137553,,,
lightgbm,rel-event,user-attendance,REGRESSION,0,30,mae,cpu,False,"{""bagging_fraction"": 0.9256403562964, ""bagging_freq"": 1, ""cat_l2"": 0.173468569422, ""cat_smooth"": 0.1622096133057, ""extra_trees"": true, ""feature_fraction"": 0.8672172375647, ""lambda_l1"": 0.2728946202342, ""lambda_l2"": 1.5996117895528, ""learning_rate"": 0.0885567275464, ""max_cat_to_onehot"": 31, ""min_data_in_leaf"": 54, ""min_data_per_group"": 63, ""n_estimators"": 395, ""num_leaves"": 6}",a691dd6f,r30,0.25607924813778077,,0.18678510299999118,0.0153966140000108,,,,,,,,,,,,-0.22450529662598817,0.25607924813778077,0.5790406983165286,,,
lightgbm,rel-event,user-attendance,REGRESSION,0,30,mae,cpu,False,"{""bagging_fraction"": 0.8634649548991, ""bagging_freq"": 1, ""cat_l2"": 1.6087120636028, ""cat_smooth"": 42.4603130176821, ""extra_trees"": false, ""feature_fraction"": 0.6841648271642, ""lambda_l1"": 0.5820615900959, ""lambda_l2"": 0.3727460534192, ""learning_rate"": 0.0078289135266, ""max_cat_to_onehot"": 37, ""min_data_in_leaf"": 2, ""min_data_per_group"": 2, ""n_estimators"": 987, ""num_leaves"": 9}",1d48d1c9,r4,0.257351823572445,,0.5136234459999969,0.03102042199999744,,,,,,,,,,,,-0.23025253240389776,0.257351823572445,0.5803979761067801,,,
lightgbm,rel-event,user-attendance,REGRESSION,0,30,mae,cpu,False,"{""bagging_fraction"": 0.8270964398017, ""bagging_freq"": 1, ""cat_l2"": 0.0497402357678, ""cat_smooth"": 0.0022655846367, ""extra_trees"": true, ""feature_fraction"": 0.8805464511878, ""lambda_l1"": 0.5374194921261, ""lambda_l2"": 1.4738626624402, ""learning_rate"": 0.009732329389, ""max_cat_to_onehot"": 78, ""min_data_in_leaf"": 4, ""min_data_per_group"": 24, ""n_estimators"": 285, ""num_leaves"": 44}",4f68409e,r5,0.2571516144112827,,0.16165368500000454,0.01378553600000032,,,,,,,,,,,,-0.2359840100691719,0.2571516144112827,0.5817483787862703,,,
lightgbm,rel-event,user-attendance,REGRESSION,0,30,mae,cpu,False,"{""bagging_fraction"": 0.7951605226208, ""bagging_freq"": 1, ""cat_l2"": 0.2087627025057, ""cat_smooth"": 0.0018992120999, ""extra_trees"": true, ""feature_fraction"": 0.5907899076364, ""lambda_l1"": 0.2654629519904, ""lambda_l2"": 0.6372060480074, ""learning_rate"": 0.0086558049456, ""max_cat_to_onehot"": 44, ""min_data_in_leaf"": 11, ""min_data_per_group"": 11, ""n_estimators"": 164, ""num_leaves"": 56}",3c57d7d3,r6,0.25739407795290703,,0.10610472400000504,0.011569319999992445,,,,,,,,,,,,-0.23617534538467244,0.25739407795290703,0.5817934055427867,,,
lightgbm,rel-event,user-attendance,REGRESSION,0,30,mae,cpu,False,"{""bagging_fraction"": 0.9335036446078, ""bagging_freq"": 1, ""cat_l2"": 0.2830562687557, ""cat_smooth"": 0.1802171314263, ""extra_trees"": true, ""feature_fraction"": 0.6485577967088, ""lambda_l1"": 0.5232957286614, ""lambda_l2"": 1.3348540188894, ""learning_rate"": 0.0289761662926, ""max_cat_to_onehot"": 15, ""min_data_in_leaf"": 11, ""min_data_per_group"": 55, ""n_estimators"": 701, ""num_leaves"": 20}",134c98bb,r7,0.2566117387141194,,0.381650680000007,0.025138201999993726,,,,,,,,,,,,-0.22484317291680322,0.2566117387141194,0.5791205798122706,,,
lightgbm,rel-event,user-attendance,REGRESSION,0,30,mae,cpu,False,"{""bagging_fraction"": 0.9848713160352, ""bagging_freq"": 1, ""cat_l2"": 1.6905546285477, ""cat_smooth"": 0.001258746648, ""extra_trees"": true, ""feature_fraction"": 0.4384884978093, ""lambda_l1"": 0.0940311167074, ""lambda_l2"": 0.2636825450225, ""learning_rate"": 0.0053104402291, ""max_cat_to_onehot"": 51, ""min_data_in_leaf"": 10, ""min_data_per_group"": 31, ""n_estimators"": 285, ""num_leaves"": 164}",42517afb,r8,0.25741444346448955,,0.14303867099999934,0.013560703999999646,,,,,,,,,,,,-0.24036752340943535,0.25741444346448955,0.5827790736518178,,,
lightgbm,rel-event,user-attendance,REGRESSION,0,30,mae,cpu,False,"{""bagging_fraction"": 0.898758060085, ""bagging_freq"": 1, ""cat_l2"": 0.964011246959, ""cat_smooth"": 0.1616421454928, ""extra_trees"": false, ""feature_fraction"": 0.815483271622, ""lambda_l1"": 0.5759889009066, ""lambda_l2"": 1.4326827755167, ""learning_rate"": 0.0599026240177, ""max_cat_to_onehot"": 91, ""min_data_in_leaf"": 2, ""min_data_per_group"": 6, ""n_estimators"": 702, ""num_leaves"": 39}",b7f5d391,r9,0.2623393773933785,,1.0492325720000082,0.056871412999996096,,,,,,,,,,,,-0.09998187358779353,0.2623393773933785,0.548809372748696,,,
lightgbm,rel-event,user-ignore,BINARY_CLASSIFICATION,0,30,roc_auc,cpu,False,{},bf21a9e8,default,0.8211994928555761,0.7360828065812349,0.5409422849999999,0.011128878999997482,0.10642947200000208,0.010128006000002188,,0.48782000599731656,0.9077001529831719,0.4253968253968254,0.8211994928555761,0.4138130021787617,0.8835546475995915,0.3132530120481928,0.7360828065812349,,,,,,
lightgbm,rel-event,user-ignore,BINARY_CLASSIFICATION,0,30,roc_auc,cpu,False,"{""bagging_fraction"": 0.8646440511782, ""bagging_freq"": 1, ""cat_l2"": 0.2396763788772, ""cat_smooth"": 9.0912832806515, ""extra_trees"": true, ""feature_fraction"": 0.9742930953718, ""lambda_l1"": 0.5205254318032, ""lambda_l2"": 1.5172553870823, ""learning_rate"": 0.0095655183906, ""max_cat_to_onehot"": 21, ""min_data_in_leaf"": 1, ""min_data_per_group"": 38, ""n_estimators"": 885, ""num_leaves"": 13}",9ddece77,r1,0.7993970972936248,,0.5479029359999998,0.03738317700000948,,,,0.3653672587488313,0.8918918918918919,0.15873015873015872,0.7993970972936248,,,,,,,,,,
lightgbm,rel-event,user-ignore,BINARY_CLASSIFICATION,0,30,roc_auc,cpu,False,"{""bagging_fraction"": 0.7040714906836, ""bagging_freq"": 1, ""cat_l2"": 0.1059359109832, ""cat_smooth"": 79.0557829290776, ""extra_trees"": true, ""feature_fraction"": 0.7399608725239, ""lambda_l1"": 0.9293032679565, ""lambda_l2"": 0.5788832452851, ""learning_rate"": 0.0050708289337, ""max_cat_to_onehot"": 15, ""min_data_in_leaf"": 53, ""min_data_per_group"": 48, ""n_estimators"": 398, ""num_leaves"": 14}",85d4ebc9,r10,0.7683986968314174,,0.2701425000000057,0.0212153980000096,,,,0.26560656352121687,0.8898521162672106,0.009174311926605505,0.7683986968314174,,,,,,,,,,
lightgbm,rel-event,user-ignore,BINARY_CLASSIFICATION,0,30,roc_auc,cpu,False,"{""bagging_fraction"": 0.8819179642384, ""bagging_freq"": 1, ""cat_l2"": 0.2028071332361, ""cat_smooth"": 0.9002514016925, ""extra_trees"": true, ""feature_fraction"": 0.9904253448185, ""lambda_l1"": 0.3523764300344, ""lambda_l2"": 1.0166800656129, ""learning_rate"": 0.0076046378471, ""max_cat_to_onehot"": 9, ""min_data_in_leaf"": 51, ""min_data_per_group"": 4, ""n_estimators"": 309, ""num_leaves"": 50}",eb5d77d2,r11,0.8016252159910983,,0.40120059800000263,0.020709211999999866,,,,0.35667652314693676,0.8924018357980622,0.15261044176706828,0.8016252159910983,,,,,,,,,,
lightgbm,rel-event,user-ignore,BINARY_CLASSIFICATION,0,30,roc_auc,cpu,False,"{""bagging_fraction"": 0.7057579594928, ""bagging_freq"": 1, ""cat_l2"": 0.0652607238611, ""cat_smooth"": 0.7440913299852, ""extra_trees"": true, ""feature_fraction"": 0.5562045565524, ""lambda_l1"": 0.4693022490728, ""lambda_l2"": 0.3337783413457, ""learning_rate"": 0.005523232486, ""max_cat_to_onehot"": 20, ""min_data_in_leaf"": 22, ""min_data_per_group"": 3, ""n_estimators"": 298, ""num_leaves"": 194}",97b0d170,r12,0.7901997549871878,,0.3205894679999943,0.018728902999995967,,,,0.3344206204211688,0.8939316675165732,0.06306306306306306,0.7901997549871878,,,,,,,,,,
lightgbm,rel-event,user-ignore,BINARY_CLASSIFICATION,0,30,roc_auc,cpu,False,"{""bagging_fraction"": 0.7904724450024, ""bagging_freq"": 1, ""cat_l2"": 0.0112585288934, ""cat_smooth"": 1.8450328342775, ""extra_trees"": false, ""feature_fraction"": 0.7222135128255, ""lambda_l1"": 0.8411560157726, ""lambda_l2"": 1.5581241341161, ""learning_rate"": 0.0949138303247, ""max_cat_to_onehot"": 8, ""min_data_in_leaf"": 4, ""min_data_per_group"": 12, ""n_estimators"": 523, ""num_leaves"": 6}",b0f88568,r13,0.8218320859791686,,0.2398054490000021,0.016567844999997305,,,,0.4198097412164561,0.8980112187659357,0.3103448275862069,0.8218320859791686,,,,,,,,,,
lightgbm,rel-event,user-ignore,BINARY_CLASSIFICATION,0,30,roc_auc,cpu,False,"{""bagging_fraction"": 0.8980520612478, ""bagging_freq"": 1, ""cat_l2"": 0.0298619738506, ""cat_smooth"": 1.8218656600978, ""extra_trees"": false, ""feature_fraction"": 0.6687557031224, ""lambda_l1"": 0.9046572794351, ""lambda_l2"": 1.7298800978754, ""learning_rate"": 0.0152979229147, ""max_cat_to_onehot"": 14, ""min_data_in_leaf"": 7, ""min_data_per_group"": 61, ""n_estimators"": 223, ""num_leaves"": 45}",c9bdab03,r14,0.8239425129327177,,0.33232287699999574,0.016479024000005893,,,,0.469244954262715,0.90464048954615,0.35294117647058826,0.8239425129327177,,,,,,,,,,
lightgbm,rel-event,user-ignore,BINARY_CLASSIFICATION,0,30,roc_auc,cpu,False,"{""bagging_fraction"": 0.7870232821631, ""bagging_freq"": 1, ""cat_l2"": 0.1520732736224, ""cat_smooth"": 0.143579414226, ""extra_trees"": false, ""feature_fraction"": 0.4597414534665, ""lambda_l1"": 0.0376556278898, ""lambda_l2"": 0.8228523078385, ""learning_rate"": 0.0175995134195, ""max_cat_to_onehot"": 55, ""min_data_in_leaf"": 4, ""min_data_per_group"": 81, ""n_estimators"": 58, ""num_leaves"": 107}",5c4e94f9,r15,0.8179803561780142,,0.14583460699999762,0.010232313000003046,,,,0.47124925155964736,0.8924018357980622,0.027649769585253458,0.8179803561780142,,,,,,,,,,
lightgbm,rel-event,user-ignore,BINARY_CLASSIFICATION,0,30,roc_auc,cpu,False,"{""bagging_fraction"": 0.9252532736885, ""bagging_freq"": 1, ""cat_l2"": 0.0185425303217, ""cat_smooth"": 0.0026697944708, ""extra_trees"": true, ""feature_fraction"": 0.4403497788779, ""lambda_l1"": 0.990339913502, ""lambda_l2"": 1.5167814698069, ""learning_rate"": 0.032907451476, ""max_cat_to_onehot"": 89, ""min_data_in_leaf"": 2, ""min_data_per_group"": 10, ""n_estimators"": 665, ""num_leaves"": 12}",66abad1a,r16,0.7994358820728725,,0.3208258529999881,0.023836544999994658,,,,0.3499370845881249,0.8929117797042325,0.1732283464566929,0.7994358820728725,,,,,,,,,,
lightgbm,rel-event,user-ignore,BINARY_CLASSIFICATION,0,30,roc_auc,cpu,False,"{""bagging_fraction"": 0.9893469303368, ""bagging_freq"": 1, ""cat_l2"": 0.1517170923124, ""cat_smooth"": 0.0019146599966, ""extra_trees"": true, ""feature_fraction"": 0.8076356640991, ""lambda_l1"": 0.2169752947, ""lambda_l2"": 0.6401022999299, ""learning_rate"": 0.0682833284969, ""max_cat_to_onehot"": 45, ""min_data_in_leaf"": 2, ""min_data_per_group"": 8, ""n_estimators"": 71, ""num_leaves"": 27}",e3bf995d,r17,0.802890402238283,,0.08959651799999335,0.009656870000000595,,,,0.3703836906014855,0.8934217236104028,0.1803921568627451,0.802890402238283,,,,,,,,,,
lightgbm,rel-event,user-ignore,BINARY_CLASSIFICATION,0,30,roc_auc,cpu,False,"{""bagging_fraction"": 0.8662727305253, ""bagging_freq"": 1, ""cat_l2"": 0.0750558998512, ""cat_smooth"": 0.2749087238468, ""extra_trees"": true, ""feature_fraction"": 0.6722181067336, ""lambda_l1"": 0.6631118952798, ""lambda_l2"": 0.7669894419544, ""learning_rate"": 0.011346355764, ""max_cat_to_onehot"": 13, ""min_data_in_leaf"": 8, ""min_data_per_group"": 12, ""n_estimators"": 235, ""num_leaves"": 4}",d16f6217,r18,0.7788665750097632,,0.11213473499999793,0.011138682000009226,,,,0.3154219856982904,0.8934217236104028,0.06278026905829596,0.7788665750097632,,,,,,,,,,
lightgbm,rel-event,user-ignore,BINARY_CLASSIFICATION,0,30,roc_auc,cpu,False,"{""bagging_fraction"": 0.7637171496671, ""bagging_freq"": 1, ""cat_l2"": 1.6733394870119, ""cat_smooth"": 25.4110617183616, ""extra_trees"": true, ""feature_fraction"": 0.7219475266652, ""lambda_l1"": 0.2633960444995, ""lambda_l2"": 1.1766753953959, ""learning_rate"": 0.0546075727721, ""max_cat_to_onehot"": 88, ""min_data_in_leaf"": 1, ""min_data_per_group"": 5, ""n_estimators"": 74, ""num_leaves"": 3}",3c940a82,r19,0.7575443082667751,,0.04367251400000782,0.008278540000006274,,,,0.25518988456011826,0.8908720040795512,0.036036036036036036,0.7575443082667751,,,,,,,,,,
lightgbm,rel-event,user-ignore,BINARY_CLASSIFICATION,0,30,roc_auc,cpu,False,"{""bagging_fraction"": 0.9145568099117, ""bagging_freq"": 1, ""cat_l2"": 0.0688015432043, ""cat_smooth"": 0.4410365667971, ""extra_trees"": false, ""feature_fraction"": 0.4842104682476, ""lambda_l1"": 0.6789116421659, ""lambda_l2"": 0.2119046236149, ""learning_rate"": 0.007497093098, ""max_cat_to_onehot"": 78, ""min_data_in_leaf"": 57, ""min_data_per_group"": 21, ""n_estimators"": 353, ""num_leaves"": 17}",a3464b9d,r2,0.8041275029556677,,0.2790806290000063,0.017432570000011083,,,,0.37511825378925295,0.8949515553289138,0.11965811965811966,0.8041275029556677,,,,,,,,,,
lightgbm,rel-event,user-ignore,BINARY_CLASSIFICATION,0,30,roc_auc,cpu,False,"{""bagging_fraction"": 0.766732967316, ""bagging_freq"": 1, ""cat_l2"": 0.2949769749976, ""cat_smooth"": 76.211749790676, ""extra_trees"": false, ""feature_fraction"": 0.9380027758242, ""lambda_l1"": 0.0207489343658, ""lambda_l2"": 1.6621138056269, ""learning_rate"": 0.0087194268009, ""max_cat_to_onehot"": 51, ""min_data_in_leaf"": 2, ""min_data_per_group"": 20, ""n_estimators"": 428, ""num_leaves"": 19}",8d3659ac,r20,0.7935860674373694,,0.343106216999999,0.01891615200000274,,,,0.37673407576652707,0.8975012748597654,0.20553359683794467,0.7935860674373694,,,,,,,,,,
lightgbm,rel-event,user-ignore,BINARY_CLASSIFICATION,0,30,roc_auc,cpu,True,"{""bagging_fraction"": 0.806683821355, ""bagging_freq"": 1, ""cat_l2"": 0.0082421437739, ""cat_smooth"": 0.0160008811562, ""extra_trees"": false, ""feature_fraction"": 0.5089787202952, ""lambda_l1"": 0.2184810145264, ""lambda_l2"": 0.9723705046664, ""learning_rate"": 0.0507096180332, ""max_cat_to_onehot"": 54, ""min_data_in_leaf"": 3, ""min_data_per_group"": 18, ""n_estimators"": 165, ""num_leaves"": 161}",a6d8d71e,r21,0.8433094918391475,0.7771809839614061,0.5571544689999968,0.018734039000008806,0.5797140579999933,0.01867521699999486,,0.538980881677145,0.9133095359510454,0.5277777777777778,0.8433094918391475,0.4556171067891522,0.8932584269662921,0.44854881266490765,0.7771809839614061,,,,,,
lightgbm,rel-event,user-ignore,BINARY_CLASSIFICATION,0,30,roc_auc,cpu,False,"{""bagging_fraction"": 0.9821295835758, ""bagging_freq"": 1, ""cat_l2"": 0.1367124095637, ""cat_smooth"": 0.0031729973642, ""extra_trees"": true, ""feature_fraction"": 0.7074360779775, ""lambda_l1"": 0.4552232983118, ""lambda_l2"": 1.417125445225, ""learning_rate"": 0.0925784167972, ""max_cat_to_onehot"": 8, ""min_data_in_leaf"": 5, ""min_data_per_group"": 7, ""n_estimators"": 123, ""num_leaves"": 2}",38aedfa8,r22,0.7634021473393642,,0.0554065249999951,0.008698421000005396,,,,0.2937701964820899,0.8918918918918919,0.061946902654867256,0.7634021473393642,,,,,,,,,,
lightgbm,rel-event,user-ignore,BINARY_CLASSIFICATION,0,30,roc_auc,cpu,False,"{""bagging_fraction"": 0.9295975761421, ""bagging_freq"": 1, ""cat_l2"": 0.1658867884192, ""cat_smooth"": 0.0012082259188, ""extra_trees"": false, ""feature_fraction"": 0.7482682823129, ""lambda_l1"": 0.8788818548033, ""lambda_l2"": 0.9963306369924, ""learning_rate"": 0.0662004421712, ""max_cat_to_onehot"": 15, ""min_data_in_leaf"": 1, ""min_data_per_group"": 44, ""n_estimators"": 510, ""num_leaves"": 23}",3e9b950f,r23,0.8360233029652969,,0.4514924070000035,0.024459071999999082,,,,0.49657114160251586,0.9087200407955125,0.478134110787172,0.8360233029652969,,,,,,,,,,
lightgbm,rel-event,user-ignore,BINARY_CLASSIFICATION,0,30,roc_auc,cpu,False,"{""bagging_fraction"": 0.9245990859552, ""bagging_freq"": 1, ""cat_l2"": 1.592158021275, ""cat_smooth"": 44.4269586841343, ""extra_trees"": false, ""feature_fraction"": 0.872525293573, ""lambda_l1"": 0.492319014681, ""lambda_l2"": 1.6891157039359, ""learning_rate"": 0.0517998481756, ""max_cat_to_onehot"": 22, ""min_data_in_leaf"": 59, ""min_data_per_group"": 10, ""n_estimators"": 802, ""num_leaves"": 8}",0d0b00fe,r24,0.8062660154390169,,0.341965493999993,0.02193219999999485,,,,0.45757098970545995,0.903110657827639,0.3581081081081081,0.8062660154390169,,,,,,,,,,
lightgbm,rel-event,user-ignore,BINARY_CLASSIFICATION,0,30,roc_auc,cpu,False,"{""bagging_fraction"": 0.9711159219238, ""bagging_freq"": 1, ""cat_l2"": 0.0287842816393, ""cat_smooth"": 2.2365712242177, ""extra_trees"": false, ""feature_fraction"": 0.7638852760411, ""lambda_l1"": 0.7155896013433, ""lambda_l2"": 0.3887650116637, ""learning_rate"": 0.0956151137114, ""max_cat_to_onehot"": 23, ""min_data_in_leaf"": 5, ""min_data_per_group"": 8, ""n_estimators"": 132, ""num_leaves"": 117}",311db951,r25,0.8374877627334442,,0.3463817330000012,0.014644809999992958,,,,0.5177269394168216,0.9107598164201938,0.5179063360881543,0.8374877627334442,,,,,,,,,,
lightgbm,rel-event,user-ignore,BINARY_CLASSIFICATION,0,30,roc_auc,cpu,False,"{""bagging_fraction"": 0.7751868160582, ""bagging_freq"": 1, ""cat_l2"": 0.7205179793324, ""cat_smooth"": 0.2412048314858, ""extra_trees"": false, ""feature_fraction"": 0.5086905770421, ""lambda_l1"": 0.7774298210926, ""lambda_l2"": 0.7417685131559, ""learning_rate"": 0.006296404929, ""max_cat_to_onehot"": 41, ""min_data_in_leaf"": 17, ""min_data_per_group"": 4, ""n_estimators"": 197, ""num_leaves"": 50}",e3b85f93,r26,0.8133181582312001,,0.30946451900000227,0.014465106999992372,,,,0.44292684866841014,0.8939316675165732,0.05454545454545454,0.8133181582312001,,,,,,,,,,
lightgbm,rel-event,user-ignore,BINARY_CLASSIFICATION,0,30,roc_auc,cpu,False,"{""bagging_fraction"": 0.9032235488416, ""bagging_freq"": 1, ""cat_l2"": 0.0484438463597, ""cat_smooth"": 0.2752154717585, ""extra_trees"": false, ""feature_fraction"": 0.8731273073839, ""lambda_l1"": 0.2594966220889, ""lambda_l2"": 0.3941888549433, ""learning_rate"": 0.0236586574252, ""max_cat_to_onehot"": 8, ""min_data_in_leaf"": 3, ""min_data_per_group"": 69, ""n_estimators"": 438, ""num_leaves"": 9}",d90cbc4e,r27,0.8145365352620513,,0.28915380900001253,0.01755301100000395,,,,0.3906724986437934,0.8949515553289138,0.2896551724137931,0.8145365352620513,,,,,,,,,,
lightgbm,rel-event,user-ignore,BINARY_CLASSIFICATION,0,30,roc_auc,cpu,False,"{""bagging_fraction"": 0.943127227378, ""bagging_freq"": 1, ""cat_l2"": 0.0089165711882, ""cat_smooth"": 0.196142976357, ""extra_trees"": false, ""feature_fraction"": 0.4341088458599, ""lambda_l1"": 0.3738757566188, ""lambda_l2"": 0.9197657819236, ""learning_rate"": 0.0125354274243, ""max_cat_to_onehot"": 23, ""min_data_in_leaf"": 1, ""min_data_per_group"": 16, ""n_estimators"": 165, ""num_leaves"": 65}",10f688c8,r28,0.8182384755709387,,0.2887074669999947,0.014071661999992102,,,,0.4750648132630959,0.9005609382967874,0.18410041841004185,0.8182384755709387,,,,,,,,,,
lightgbm,rel-event,user-ignore,BINARY_CLASSIFICATION,0,30,roc_auc,cpu,False,"{""bagging_fraction"": 0.8296444149774, ""bagging_freq"": 1, ""cat_l2"": 0.0231985345244, ""cat_smooth"": 0.419723324168, ""extra_trees"": true, ""feature_fraction"": 0.818198345035, ""lambda_l1"": 0.5876408752329, ""lambda_l2"": 0.0893201412781, ""learning_rate"": 0.0282078967013, ""max_cat_to_onehot"": 29, ""min_data_in_leaf"": 5, ""min_data_per_group"": 12, ""n_estimators"": 750, ""num_leaves"": 37}",fb774425,r29,0.8181435197320909,,0.6395220980000005,0.039650813999998036,,,,0.39028105949660086,0.8944416114227435,0.2736842105263158,0.8181435197320909,,,,,,,,,,
lightgbm,rel-event,user-ignore,BINARY_CLASSIFICATION,0,30,roc_auc,cpu,False,"{""bagging_fraction"": 0.8808290128215, ""bagging_freq"": 1, ""cat_l2"": 1.0457234595842, ""cat_smooth"": 0.6921859910209, ""extra_trees"": true, ""feature_fraction"": 0.9220523550151, ""lambda_l1"": 0.7206605914604, ""lambda_l2"": 0.9472534786514, ""learning_rate"": 0.0132034424949, ""max_cat_to_onehot"": 25, ""min_data_in_leaf"": 15, ""min_data_per_group"": 7, ""n_estimators"": 335, ""num_leaves"": 35}",7ae6364f,r3,0.8036233008254471,,0.3682065480000034,0.021535456999998814,,,,0.3646912131738632,0.8918918918918919,0.19083969465648856,0.8036233008254471,,,,,,,,,,
lightgbm,rel-event,user-ignore,BINARY_CLASSIFICATION,0,30,roc_auc,cpu,False,"{""bagging_fraction"": 0.9256403562964, ""bagging_freq"": 1, ""cat_l2"": 0.173468569422, ""cat_smooth"": 0.1622096133057, ""extra_trees"": true, ""feature_fraction"": 0.8672172375647, ""lambda_l1"": 0.2728946202342, ""lambda_l2"": 1.5996117895528, ""learning_rate"": 0.0885567275464, ""max_cat_to_onehot"": 31, ""min_data_in_leaf"": 54, ""min_data_per_group"": 63, ""n_estimators"": 395, ""num_leaves"": 6}",a691dd6f,r30,0.7917645202189065,,0.17203460200001075,0.01471042900000441,,,,0.3427818234336778,0.8929117797042325,0.1796875,0.7917645202189065,,,,,,,,,,
lightgbm,rel-event,user-ignore,BINARY_CLASSIFICATION,0,30,roc_auc,cpu,False,"{""bagging_fraction"": 0.8634649548991, ""bagging_freq"": 1, ""cat_l2"": 1.6087120636028, ""cat_smooth"": 42.4603130176821, ""extra_trees"": false, ""feature_fraction"": 0.6841648271642, ""lambda_l1"": 0.5820615900959, ""lambda_l2"": 0.3727460534192, ""learning_rate"": 0.0078289135266, ""max_cat_to_onehot"": 37, ""min_data_in_leaf"": 2, ""min_data_per_group"": 2, ""n_estimators"": 987, ""num_leaves"": 9}",1d48d1c9,r4,0.79067854639997,,0.46292901399999664,0.03083582499999693,,,,0.3525642602208434,0.8959714431412544,0.1968503937007874,0.79067854639997,,,,,,,,,,
lightgbm,rel-event,user-ignore,BINARY_CLASSIFICATION,0,30,roc_auc,cpu,False,"{""bagging_fraction"": 0.8270964398017, ""bagging_freq"": 1, ""cat_l2"": 0.0497402357678, ""cat_smooth"": 0.0022655846367, ""extra_trees"": true, ""feature_fraction"": 0.8805464511878, ""lambda_l1"": 0.5374194921261, ""lambda_l2"": 1.4738626624402, ""learning_rate"": 0.009732329389, ""max_cat_to_onehot"": 78, ""min_data_in_leaf"": 4, ""min_data_per_group"": 24, ""n_estimators"": 285, ""num_leaves"": 44}",4f68409e,r5,0.7705091237849664,,0.23449959500000261,0.015229208999997468,,,,0.32632161992012815,0.8918918918918919,0.018518518518518517,0.7705091237849664,,,,,,,,,,
lightgbm,rel-event,user-ignore,BINARY_CLASSIFICATION,0,30,roc_auc,cpu,False,"{""bagging_fraction"": 0.7951605226208, ""bagging_freq"": 1, ""cat_l2"": 0.2087627025057, ""cat_smooth"": 0.0018992120999, ""extra_trees"": true, ""feature_fraction"": 0.5907899076364, ""lambda_l1"": 0.2654629519904, ""lambda_l2"": 0.6372060480074, ""learning_rate"": 0.0086558049456, ""max_cat_to_onehot"": 44, ""min_data_in_leaf"": 11, ""min_data_per_group"": 11, ""n_estimators"": 164, ""num_leaves"": 56}",3c57d7d3,r6,0.7677126074605867,,0.13286207400000194,0.011667141999993191,,,,0.3279785823554316,0.8908720040795512,0.0,0.7677126074605867,,,,,,,,,,
lightgbm,rel-event,user-ignore,BINARY_CLASSIFICATION,0,30,roc_auc,cpu,False,"{""bagging_fraction"": 0.9335036446078, ""bagging_freq"": 1, ""cat_l2"": 0.2830562687557, ""cat_smooth"": 0.1802171314263, ""extra_trees"": true, ""feature_fraction"": 0.6485577967088, ""lambda_l1"": 0.5232957286614, ""lambda_l2"": 1.3348540188894, ""learning_rate"": 0.0289761662926, ""max_cat_to_onehot"": 15, ""min_data_in_leaf"": 11, ""min_data_per_group"": 55, ""n_estimators"": 701, ""num_leaves"": 20}",134c98bb,r7,0.7955640911790038,,0.42207765700000266,0.02782745399998987,,,,0.3611508072471114,0.8939316675165732,0.18110236220472442,0.7955640911790038,,,,,,,,,,
lightgbm,rel-event,user-ignore,BINARY_CLASSIFICATION,0,30,roc_auc,cpu,False,"{""bagging_fraction"": 0.9848713160352, ""bagging_freq"": 1, ""cat_l2"": 1.6905546285477, ""cat_smooth"": 0.001258746648, ""extra_trees"": true, ""feature_fraction"": 0.4384884978093, ""lambda_l1"": 0.0940311167074, ""lambda_l2"": 0.2636825450225, ""learning_rate"": 0.0053104402291, ""max_cat_to_onehot"": 51, ""min_data_in_leaf"": 10, ""min_data_per_group"": 31, ""n_estimators"": 285, ""num_leaves"": 164}",42517afb,r8,0.7242642928598558,,0.15664928399999667,0.013156436000002714,,,,0.28164136488204494,0.8908720040795512,0.0,0.7242642928598558,,,,,,,,,,
lightgbm,rel-event,user-ignore,BINARY_CLASSIFICATION,0,30,roc_auc,cpu,False,"{""bagging_fraction"": 0.898758060085, ""bagging_freq"": 1, ""cat_l2"": 0.964011246959, ""cat_smooth"": 0.1616421454928, ""extra_trees"": false, ""feature_fraction"": 0.815483271622, ""lambda_l1"": 0.5759889009066, ""lambda_l2"": 1.4326827755167, ""learning_rate"": 0.0599026240177, ""max_cat_to_onehot"": 91, ""min_data_in_leaf"": 2, ""min_data_per_group"": 6, ""n_estimators"": 702, ""num_leaves"": 39}",b7f5d391,r9,0.8349747765194271,,0.8188847529999919,0.035968482000001245,,,,0.5109033909188929,0.9092299847016828,0.518918918918919,0.8349747765194271,,,,,,,,,,
lightgbm,rel-event,user-repeat,BINARY_CLASSIFICATION,0,30,roc_auc,cpu,False,{},bf21a9e8,default,0.6655080523693663,0.7655414438502673,0.40538655799998935,0.00887663199999622,0.057336835000000974,0.007492109000011737,,0.6227811881744798,0.6311787072243346,0.6548042704626335,0.6655080523693663,0.7225703540657265,0.6869918699186992,0.6907630522088354,0.7655414438502673,,,,,,
lightgbm,rel-event,user-repeat,BINARY_CLASSIFICATION,0,30,roc_auc,cpu,False,"{""bagging_fraction"": 0.8646440511782, ""bagging_freq"": 1, ""cat_l2"": 0.2396763788772, ""cat_smooth"": 9.0912832806515, ""extra_trees"": true, ""feature_fraction"": 0.9742930953718, ""lambda_l1"": 0.5205254318032, ""lambda_l2"": 1.5172553870823, ""learning_rate"": 0.0095655183906, ""max_cat_to_onehot"": 21, ""min_data_in_leaf"": 1, ""min_data_per_group"": 38, ""n_estimators"": 885, ""num_leaves"": 13}",9ddece77,r1,0.6510833043679758,,0.2618786630000045,0.012353802999996333,,,,0.5828726157574401,0.6311787072243346,0.6498194945848376,0.6510833043679758,,,,,,,,,,
lightgbm,rel-event,user-repeat,BINARY_CLASSIFICATION,0,30,roc_auc,cpu,False,"{""bagging_fraction"": 0.7040714906836, ""bagging_freq"": 1, ""cat_l2"": 0.1059359109832, ""cat_smooth"": 79.0557829290776, ""extra_trees"": true, ""feature_fraction"": 0.7399608725239, ""lambda_l1"": 0.9293032679565, ""lambda_l2"": 0.5788832452851, ""learning_rate"": 0.0050708289337, ""max_cat_to_onehot"": 15, ""min_data_in_leaf"": 53, ""min_data_per_group"": 48, ""n_estimators"": 398, ""num_leaves"": 14}",85d4ebc9,r10,0.6368323485111806,,0.1050087039999994,0.00880408700000146,,,,0.5661842491805658,0.6121673003802282,0.6304347826086957,0.6368323485111806,,,,,,,,,,
lightgbm,rel-event,user-repeat,BINARY_CLASSIFICATION,0,30,roc_auc,cpu,False,"{""bagging_fraction"": 0.8819179642384, ""bagging_freq"": 1, ""cat_l2"": 0.2028071332361, ""cat_smooth"": 0.9002514016925, ""extra_trees"": true, ""feature_fraction"": 0.9904253448185, ""lambda_l1"": 0.3523764300344, ""lambda_l2"": 1.0166800656129, ""learning_rate"": 0.0076046378471, ""max_cat_to_onehot"": 9, ""min_data_in_leaf"": 51, ""min_data_per_group"": 4, ""n_estimators"": 309, ""num_leaves"": 50}",eb5d77d2,r11,0.6324875448963041,,0.10987095999999497,0.00860669799999414,,,,0.5917006740760371,0.6159695817490495,0.6405693950177936,0.6324875448963041,,,,,,,,,,
lightgbm,rel-event,user-repeat,BINARY_CLASSIFICATION,0,30,roc_auc,cpu,False,"{""bagging_fraction"": 0.7057579594928, ""bagging_freq"": 1, ""cat_l2"": 0.0652607238611, ""cat_smooth"": 0.7440913299852, ""extra_trees"": true, ""feature_fraction"": 0.5562045565524, ""lambda_l1"": 0.4693022490728, ""lambda_l2"": 0.3337783413457, ""learning_rate"": 0.005523232486, ""max_cat_to_onehot"": 20, ""min_data_in_leaf"": 22, ""min_data_per_group"": 3, ""n_estimators"": 298, ""num_leaves"": 194}",97b0d170,r12,0.6128490325570618,,0.07843981499999586,0.008229660999987232,,,,0.5837737019575809,0.596958174904943,0.6131386861313869,0.6128490325570618,,,,,,,,,,
lightgbm,rel-event,user-repeat,BINARY_CLASSIFICATION,0,30,roc_auc,cpu,False,"{""bagging_fraction"": 0.7904724450024, ""bagging_freq"": 1, ""cat_l2"": 0.0112585288934, ""cat_smooth"": 1.8450328342775, ""extra_trees"": false, ""feature_fraction"": 0.7222135128255, ""lambda_l1"": 0.8411560157726, ""lambda_l2"": 1.5581241341161, ""learning_rate"": 0.0949138303247, ""max_cat_to_onehot"": 8, ""min_data_in_leaf"": 4, ""min_data_per_group"": 12, ""n_estimators"": 523, ""num_leaves"": 6}",b0f88568,r13,0.6690418259761325,,0.10110525999999709,0.008576715000003787,,,,0.6553940018803865,0.6197718631178707,0.647887323943662,0.6690418259761325,,,,,,,,,,
lightgbm,rel-event,user-repeat,BINARY_CLASSIFICATION,0,30,roc_auc,cpu,False,"{""bagging_fraction"": 0.8980520612478, ""bagging_freq"": 1, ""cat_l2"": 0.0298619738506, ""cat_smooth"": 1.8218656600978, ""extra_trees"": false, ""feature_fraction"": 0.6687557031224, ""lambda_l1"": 0.9046572794351, ""lambda_l2"": 1.7298800978754, ""learning_rate"": 0.0152979229147, ""max_cat_to_onehot"": 14, ""min_data_in_leaf"": 7, ""min_data_per_group"": 61, ""n_estimators"": 223, ""num_leaves"": 45}",c9bdab03,r14,0.6861313868613139,,0.18836941200000012,0.009728359999996883,,,,0.6558318278565962,0.6615969581749049,0.6855123674911661,0.6861313868613139,,,,,,,,,,
lightgbm,rel-event,user-repeat,BINARY_CLASSIFICATION,0,30,roc_auc,cpu,False,"{""bagging_fraction"": 0.7870232821631, ""bagging_freq"": 1, ""cat_l2"": 0.1520732736224, ""cat_smooth"": 0.143579414226, ""extra_trees"": false, ""feature_fraction"": 0.4597414534665, ""lambda_l1"": 0.0376556278898, ""lambda_l2"": 0.8228523078385, ""learning_rate"": 0.0175995134195, ""max_cat_to_onehot"": 55, ""min_data_in_leaf"": 4, ""min_data_per_group"": 81, ""n_estimators"": 58, ""num_leaves"": 107}",5c4e94f9,r15,0.6974858069748581,,0.07443343100000277,0.007689807000005544,,,,0.6676201033386704,0.6425855513307985,0.6690140845070423,0.6974858069748581,,,,,,,,,,
lightgbm,rel-event,user-repeat,BINARY_CLASSIFICATION,0,30,roc_auc,cpu,False,"{""bagging_fraction"": 0.9252532736885, ""bagging_freq"": 1, ""cat_l2"": 0.0185425303217, ""cat_smooth"": 0.0026697944708, ""extra_trees"": true, ""feature_fraction"": 0.4403497788779, ""lambda_l1"": 0.990339913502, ""lambda_l2"": 1.5167814698069, ""learning_rate"": 0.032907451476, ""max_cat_to_onehot"": 89, ""min_data_in_leaf"": 2, ""min_data_per_group"": 10, ""n_estimators"": 665, ""num_leaves"": 12}",66abad1a,r16,0.6441316185841734,,0.12705637599999875,0.009308339000000387,,,,0.603933493857978,0.6273764258555133,0.6524822695035462,0.6441316185841734,,,,,,,,,,
lightgbm,rel-event,user-repeat,BINARY_CLASSIFICATION,0,30,roc_auc,cpu,False,"{""bagging_fraction"": 0.9893469303368, ""bagging_freq"": 1, ""cat_l2"": 0.1517170923124, ""cat_smooth"": 0.0019146599966, ""extra_trees"": true, ""feature_fraction"": 0.8076356640991, ""lambda_l1"": 0.2169752947, ""lambda_l2"": 0.6401022999299, ""learning_rate"": 0.0682833284969, ""max_cat_to_onehot"": 45, ""min_data_in_leaf"": 2, ""min_data_per_group"": 8, ""n_estimators"": 71, ""num_leaves"": 27}",e3bf995d,r17,0.6527053643841965,,0.036839334999996254,0.007235971000000063,,,,0.6024329823150146,0.6463878326996197,0.6690391459074733,0.6527053643841965,,,,,,,,,,
lightgbm,rel-event,user-repeat,BINARY_CLASSIFICATION,0,30,roc_auc,cpu,False,"{""bagging_fraction"": 0.8662727305253, ""bagging_freq"": 1, ""cat_l2"": 0.0750558998512, ""cat_smooth"": 0.2749087238468, ""extra_trees"": true, ""feature_fraction"": 0.6722181067336, ""lambda_l1"": 0.6631118952798, ""lambda_l2"": 0.7669894419544, ""learning_rate"": 0.011346355764, ""max_cat_to_onehot"": 13, ""min_data_in_leaf"": 8, ""min_data_per_group"": 12, ""n_estimators"": 235, ""num_leaves"": 4}",d16f6217,r18,0.624377244815201,,0.04241375699999139,0.007527151000005006,,,,0.5924687469559302,0.6083650190114068,0.6227106227106227,0.624377244815201,,,,,,,,,,
lightgbm,rel-event,user-repeat,BINARY_CLASSIFICATION,0,30,roc_auc,cpu,False,"{""bagging_fraction"": 0.7637171496671, ""bagging_freq"": 1, ""cat_l2"": 1.6733394870119, ""cat_smooth"": 25.4110617183616, ""extra_trees"": true, ""feature_fraction"": 0.7219475266652, ""lambda_l1"": 0.2633960444995, ""lambda_l2"": 1.1766753953959, ""learning_rate"": 0.0546075727721, ""max_cat_to_onehot"": 88, ""min_data_in_leaf"": 1, ""min_data_per_group"": 5, ""n_estimators"": 74, ""num_leaves"": 3}",3c940a82,r19,0.6169331479550457,,0.018484485999991307,0.007113837000005674,,,,0.5562419941482659,0.5931558935361216,0.6051660516605166,0.6169331479550457,,,,,,,,,,
lightgbm,rel-event,user-repeat,BINARY_CLASSIFICATION,0,30,roc_auc,cpu,False,"{""bagging_fraction"": 0.9145568099117, ""bagging_freq"": 1, ""cat_l2"": 0.0688015432043, ""cat_smooth"": 0.4410365667971, ""extra_trees"": false, ""feature_fraction"": 0.4842104682476, ""lambda_l1"": 0.6789116421659, ""lambda_l2"": 0.2119046236149, ""learning_rate"": 0.007497093098, ""max_cat_to_onehot"": 78, ""min_data_in_leaf"": 57, ""min_data_per_group"": 21, ""n_estimators"": 353, ""num_leaves"": 17}",a3464b9d,r2,0.659772911597729,,0.1203255680000126,0.009054016000007437,,,,0.6329837275896576,0.6197718631178707,0.6551724137931034,0.659772911597729,,,,,,,,,,
lightgbm,rel-event,user-repeat,BINARY_CLASSIFICATION,0,30,roc_auc,cpu,False,"{""bagging_fraction"": 0.766732967316, ""bagging_freq"": 1, ""cat_l2"": 0.2949769749976, ""cat_smooth"": 76.211749790676, ""extra_trees"": false, ""feature_fraction"": 0.9380027758242, ""lambda_l1"": 0.0207489343658, ""lambda_l2"": 1.6621138056269, ""learning_rate"": 0.0087194268009, ""max_cat_to_onehot"": 51, ""min_data_in_leaf"": 2, ""min_data_per_group"": 20, ""n_estimators"": 428, ""num_leaves"": 19}",8d3659ac,r20,0.6882748233113196,,0.15555018500000983,0.009703845000004208,,,,0.6438033627630757,0.6501901140684411,0.6690647482014388,0.6882748233113196,,,,,,,,,,
lightgbm,rel-event,user-repeat,BINARY_CLASSIFICATION,0,30,roc_auc,cpu,False,"{""bagging_fraction"": 0.806683821355, ""bagging_freq"": 1, ""cat_l2"": 0.0082421437739, ""cat_smooth"": 0.0160008811562, ""extra_trees"": false, ""feature_fraction"": 0.5089787202952, ""lambda_l1"": 0.2184810145264, ""lambda_l2"": 0.9723705046664, ""learning_rate"": 0.0507096180332, ""max_cat_to_onehot"": 54, ""min_data_in_leaf"": 3, ""min_data_per_group"": 18, ""n_estimators"": 165, ""num_leaves"": 161}",a6d8d71e,r21,0.6898968833275402,,0.3085451809999995,0.009614021999993838,,,,0.6700182141612563,0.6083650190114068,0.6484641638225256,0.6898968833275402,,,,,,,,,,
lightgbm,rel-event,user-repeat,BINARY_CLASSIFICATION,0,30,roc_auc,cpu,False,"{""bagging_fraction"": 0.9821295835758, ""bagging_freq"": 1, ""cat_l2"": 0.1367124095637, ""cat_smooth"": 0.0031729973642, ""extra_trees"": true, ""feature_fraction"": 0.7074360779775, ""lambda_l1"": 0.4552232983118, ""lambda_l2"": 1.417125445225, ""learning_rate"": 0.0925784167972, ""max_cat_to_onehot"": 8, ""min_data_in_leaf"": 5, ""min_data_per_group"": 7, ""n_estimators"": 123, ""num_leaves"": 2}",38aedfa8,r22,0.5953539566678252,,0.022280944000002023,0.0072840539999958764,,,,0.5705238321544044,0.5855513307984791,0.5947955390334573,0.5953539566678252,,,,,,,,,,
lightgbm,rel-event,user-repeat,BINARY_CLASSIFICATION,0,30,roc_auc,cpu,False,"{""bagging_fraction"": 0.9295975761421, ""bagging_freq"": 1, ""cat_l2"": 0.1658867884192, ""cat_smooth"": 0.0012082259188, ""extra_trees"": false, ""feature_fraction"": 0.7482682823129, ""lambda_l1"": 0.8788818548033, ""lambda_l2"": 0.9963306369924, ""learning_rate"": 0.0662004421712, ""max_cat_to_onehot"": 15, ""min_data_in_leaf"": 1, ""min_data_per_group"": 44, ""n_estimators"": 510, ""num_leaves"": 23}",3e9b950f,r23,0.681149345382922,,0.23950006900000176,0.009735562000003029,,,,0.6614620569225965,0.6311787072243346,0.6643598615916955,0.681149345382922,,,,,,,,,,
lightgbm,rel-event,user-repeat,BINARY_CLASSIFICATION,0,30,roc_auc,cpu,False,"{""bagging_fraction"": 0.9245990859552, ""bagging_freq"": 1, ""cat_l2"": 1.592158021275, ""cat_smooth"": 44.4269586841343, ""extra_trees"": false, ""feature_fraction"": 0.872525293573, ""lambda_l1"": 0.492319014681, ""lambda_l2"": 1.6891157039359, ""learning_rate"": 0.0517998481756, ""max_cat_to_onehot"": 22, ""min_data_in_leaf"": 59, ""min_data_per_group"": 10, ""n_estimators"": 802, ""num_leaves"": 8}",0d0b00fe,r24,0.6705769899200555,,0.15811384499998837,0.00983406299999956,,,,0.6480643193454536,0.623574144486692,0.6451612903225806,0.6705769899200555,,,,,,,,,,
lightgbm,rel-event,user-repeat,BINARY_CLASSIFICATION,0,30,roc_auc,cpu,False,"{""bagging_fraction"": 0.9711159219238, ""bagging_freq"": 1, ""cat_l2"": 0.0287842816393, ""cat_smooth"": 2.2365712242177, ""extra_trees"": false, ""feature_fraction"": 0.7638852760411, ""lambda_l1"": 0.7155896013433, ""lambda_l2"": 0.3887650116637, ""learning_rate"": 0.0956151137114, ""max_cat_to_onehot"": 23, ""min_data_in_leaf"": 5, ""min_data_per_group"": 8, ""n_estimators"": 132, ""num_leaves"": 117}",311db951,r25,0.6799907310856216,,0.20235972099999344,0.008452159000000847,,,,0.6398219574900268,0.6083650190114068,0.6508474576271186,0.6799907310856216,,,,,,,,,,
lightgbm,rel-event,user-repeat,BINARY_CLASSIFICATION,0,30,roc_auc,cpu,False,"{""bagging_fraction"": 0.7751868160582, ""bagging_freq"": 1, ""cat_l2"": 0.7205179793324, ""cat_smooth"": 0.2412048314858, ""extra_trees"": false, ""feature_fraction"": 0.5086905770421, ""lambda_l1"": 0.7774298210926, ""lambda_l2"": 0.7417685131559, ""learning_rate"": 0.006296404929, ""max_cat_to_onehot"": 41, ""min_data_in_leaf"": 17, ""min_data_per_group"": 4, ""n_estimators"": 197, ""num_leaves"": 50}",e3b85f93,r26,0.68931757617889,,0.14829982700000244,0.008784501999997474,,,,0.655622361594866,0.6425855513307985,0.6690140845070423,0.68931757617889,,,,,,,,,,
lightgbm,rel-event,user-repeat,BINARY_CLASSIFICATION,0,30,roc_auc,cpu,False,"{""bagging_fraction"": 0.9032235488416, ""bagging_freq"": 1, ""cat_l2"": 0.0484438463597, ""cat_smooth"": 0.2752154717585, ""extra_trees"": false, ""feature_fraction"": 0.8731273073839, ""lambda_l1"": 0.2594966220889, ""lambda_l2"": 0.3941888549433, ""learning_rate"": 0.0236586574252, ""max_cat_to_onehot"": 8, ""min_data_in_leaf"": 3, ""min_data_per_group"": 69, ""n_estimators"": 438, ""num_leaves"": 9}",d90cbc4e,r27,0.6668694241686943,,0.11514720499999953,0.008668176000000472,,,,0.6342105281245359,0.6121673003802282,0.6304347826086957,0.6668694241686943,,,,,,,,,,
lightgbm,rel-event,user-repeat,BINARY_CLASSIFICATION,0,30,roc_auc,cpu,True,"{""bagging_fraction"": 0.943127227378, ""bagging_freq"": 1, ""cat_l2"": 0.0089165711882, ""cat_smooth"": 0.196142976357, ""extra_trees"": false, ""feature_fraction"": 0.4341088458599, ""lambda_l1"": 0.3738757566188, ""lambda_l2"": 0.9197657819236, ""learning_rate"": 0.0125354274243, ""max_cat_to_onehot"": 23, ""min_data_in_leaf"": 1, ""min_data_per_group"": 16, ""n_estimators"": 165, ""num_leaves"": 65}",10f688c8,r28,0.7108678021086781,0.7482954545454544,0.15166445400001294,0.008284783000007678,0.15629216899999676,0.008763126999994597,,0.6811747878895942,0.6615969581749049,0.6983050847457627,0.7108678021086781,0.7089470174165182,0.6422764227642277,0.6716417910447762,0.7482954545454544,,,,,,
lightgbm,rel-event,user-repeat,BINARY_CLASSIFICATION,0,30,roc_auc,cpu,False,"{""bagging_fraction"": 0.8296444149774, ""bagging_freq"": 1, ""cat_l2"": 0.0231985345244, ""cat_smooth"": 0.419723324168, ""extra_trees"": true, ""feature_fraction"": 0.818198345035, ""lambda_l1"": 0.5876408752329, ""lambda_l2"": 0.0893201412781, ""learning_rate"": 0.0282078967013, ""max_cat_to_onehot"": 29, ""min_data_in_leaf"": 5, ""min_data_per_group"": 12, ""n_estimators"": 750, ""num_leaves"": 37}",fb774425,r29,0.6571080987139382,,0.2127167879999945,0.01062630500000239,,,,0.6115233169486815,0.6463878326996197,0.6618181818181819,0.6571080987139382,,,,,,,,,,
lightgbm,rel-event,user-repeat,BINARY_CLASSIFICATION,0,30,roc_auc,cpu,False,"{""bagging_fraction"": 0.8808290128215, ""bagging_freq"": 1, ""cat_l2"": 1.0457234595842, ""cat_smooth"": 0.6921859910209, ""extra_trees"": true, ""feature_fraction"": 0.9220523550151, ""lambda_l1"": 0.7206605914604, ""lambda_l2"": 0.9472534786514, ""learning_rate"": 0.0132034424949, ""max_cat_to_onehot"": 25, ""min_data_in_leaf"": 15, ""min_data_per_group"": 7, ""n_estimators"": 335, ""num_leaves"": 35}",7ae6364f,r3,0.6321978913219789,,0.10353094699999588,0.008799827000004257,,,,0.593354277958193,0.6311787072243346,0.6446886446886447,0.6321978913219789,,,,,,,,,,
lightgbm,rel-event,user-repeat,BINARY_CLASSIFICATION,0,30,roc_auc,cpu,False,"{""bagging_fraction"": 0.9256403562964, ""bagging_freq"": 1, ""cat_l2"": 0.173468569422, ""cat_smooth"": 0.1622096133057, ""extra_trees"": true, ""feature_fraction"": 0.8672172375647, ""lambda_l1"": 0.2728946202342, ""lambda_l2"": 1.5996117895528, ""learning_rate"": 0.0885567275464, ""max_cat_to_onehot"": 31, ""min_data_in_leaf"": 54, ""min_data_per_group"": 63, ""n_estimators"": 395, ""num_leaves"": 6}",a691dd6f,r30,0.6524157108098714,,0.0746696949999972,0.008866100999995297,,,,0.6249299643767987,0.6121673003802282,0.6277372262773723,0.6524157108098714,,,,,,,,,,
lightgbm,rel-event,user-repeat,BINARY_CLASSIFICATION,0,30,roc_auc,cpu,False,"{""bagging_fraction"": 0.8634649548991, ""bagging_freq"": 1, ""cat_l2"": 1.6087120636028, ""cat_smooth"": 42.4603130176821, ""extra_trees"": false, ""feature_fraction"": 0.6841648271642, ""lambda_l1"": 0.5820615900959, ""lambda_l2"": 0.3727460534192, ""learning_rate"": 0.0078289135266, ""max_cat_to_onehot"": 37, ""min_data_in_leaf"": 2, ""min_data_per_group"": 2, ""n_estimators"": 987, ""num_leaves"": 9}",1d48d1c9,r4,0.6843934654153633,,0.21139052700000605,0.010419620999996937,,,,0.6396358662153032,0.6083650190114068,0.6411149825783972,0.6843934654153633,,,,,,,,,,
lightgbm,rel-event,user-repeat,BINARY_CLASSIFICATION,0,30,roc_auc,cpu,False,"{""bagging_fraction"": 0.8270964398017, ""bagging_freq"": 1, ""cat_l2"": 0.0497402357678, ""cat_smooth"": 0.0022655846367, ""extra_trees"": true, ""feature_fraction"": 0.8805464511878, ""lambda_l1"": 0.5374194921261, ""lambda_l2"": 1.4738626624402, ""learning_rate"": 0.009732329389, ""max_cat_to_onehot"": 78, ""min_data_in_leaf"": 4, ""min_data_per_group"": 24, ""n_estimators"": 285, ""num_leaves"": 44}",4f68409e,r5,0.6470860850422894,,0.08910233399998901,0.008973012999987873,,,,0.6019562606276616,0.6121673003802282,0.6304347826086957,0.6470860850422894,,,,,,,,,,
lightgbm,rel-event,user-repeat,BINARY_CLASSIFICATION,0,30,roc_auc,cpu,False,"{""bagging_fraction"": 0.7951605226208, ""bagging_freq"": 1, ""cat_l2"": 0.2087627025057, ""cat_smooth"": 0.0018992120999, ""extra_trees"": true, ""feature_fraction"": 0.5907899076364, ""lambda_l1"": 0.2654629519904, ""lambda_l2"": 0.6372060480074, ""learning_rate"": 0.0086558049456, ""max_cat_to_onehot"": 44, ""min_data_in_leaf"": 11, ""min_data_per_group"": 11, ""n_estimators"": 164, ""num_leaves"": 56}",3c57d7d3,r6,0.6421619742787626,,0.04761696099998858,0.007904284000005646,,,,0.6112428212649166,0.596958174904943,0.6044776119402985,0.6421619742787626,,,,,,,,,,
lightgbm,rel-event,user-repeat,BINARY_CLASSIFICATION,0,30,roc_auc,cpu,False,"{""bagging_fraction"": 0.9335036446078, ""bagging_freq"": 1, ""cat_l2"": 0.2830562687557, ""cat_smooth"": 0.1802171314263, ""extra_trees"": true, ""feature_fraction"": 0.6485577967088, ""lambda_l1"": 0.5232957286614, ""lambda_l2"": 1.3348540188894, ""learning_rate"": 0.0289761662926, ""max_cat_to_onehot"": 15, ""min_data_in_leaf"": 11, ""min_data_per_group"": 55, ""n_estimators"": 701, ""num_leaves"": 20}",134c98bb,r7,0.6716487081450584,,0.17992417400000704,0.010539870999991763,,,,0.6321040322351625,0.6121673003802282,0.6408450704225352,0.6716487081450584,,,,,,,,,,
lightgbm,rel-event,user-repeat,BINARY_CLASSIFICATION,0,30,roc_auc,cpu,False,"{""bagging_fraction"": 0.9848713160352, ""bagging_freq"": 1, ""cat_l2"": 1.6905546285477, ""cat_smooth"": 0.001258746648, ""extra_trees"": true, ""feature_fraction"": 0.4384884978093, ""lambda_l1"": 0.0940311167074, ""lambda_l2"": 0.2636825450225, ""learning_rate"": 0.0053104402291, ""max_cat_to_onehot"": 51, ""min_data_in_leaf"": 10, ""min_data_per_group"": 31, ""n_estimators"": 285, ""num_leaves"": 164}",42517afb,r8,0.6418143899895725,,0.06371285999999543,0.008095660000009275,,,,0.59026814015343,0.596958174904943,0.6131386861313869,0.6418143899895725,,,,,,,,,,
lightgbm,rel-event,user-repeat,BINARY_CLASSIFICATION,0,30,roc_auc,cpu,False,"{""bagging_fraction"": 0.898758060085, ""bagging_freq"": 1, ""cat_l2"": 0.964011246959, ""cat_smooth"": 0.1616421454928, ""extra_trees"": false, ""feature_fraction"": 0.815483271622, ""lambda_l1"": 0.5759889009066, ""lambda_l2"": 1.4326827755167, ""learning_rate"": 0.0599026240177, ""max_cat_to_onehot"": 91, ""min_data_in_leaf"": 2, ""min_data_per_group"": 6, ""n_estimators"": 702, ""num_leaves"": 39}",b7f5d391,r9,0.673386629591009,,0.4560873039999933,0.011866238999999723,,,,0.6458381194858566,0.6121673003802282,0.6506849315068494,0.673386629591009,,,,,,,,,,
lightgbm,rel-f1,driver-dnf,BINARY_CLASSIFICATION,0,30,roc_auc,cpu,False,{},bf21a9e8,default,0.6040544217687075,0.6932611135509685,0.47593397400000015,0.00924135900000067,0.10160504099999912,0.008372065000003204,,0.8413979797453867,0.5706713780918727,0.6702849389416553,0.6040544217687075,0.8571480251747019,0.6866096866096866,0.8070175438596491,0.6932611135509685,,,,,,
lightgbm,rel-f1,driver-dnf,BINARY_CLASSIFICATION,0,30,roc_auc,cpu,False,"{""bagging_fraction"": 0.8646440511782, ""bagging_freq"": 1, ""cat_l2"": 0.2396763788772, ""cat_smooth"": 9.0912832806515, ""extra_trees"": true, ""feature_fraction"": 0.9742930953718, ""lambda_l1"": 0.5205254318032, ""lambda_l2"": 1.5172553870823, ""learning_rate"": 0.0095655183906, ""max_cat_to_onehot"": 21, ""min_data_in_leaf"": 1, ""min_data_per_group"": 38, ""n_estimators"": 885, ""num_leaves"": 13}",9ddece77,r1,0.6105487528344672,,0.5643914510000059,0.015812195999998835,,,,0.838387251126442,0.7332155477031802,0.8415529905561385,0.6105487528344672,,,,,,,,,,
lightgbm,rel-f1,driver-dnf,BINARY_CLASSIFICATION,0,30,roc_auc,cpu,False,"{""bagging_fraction"": 0.7040714906836, ""bagging_freq"": 1, ""cat_l2"": 0.1059359109832, ""cat_smooth"": 79.0557829290776, ""extra_trees"": true, ""feature_fraction"": 0.7399608725239, ""lambda_l1"": 0.9293032679565, ""lambda_l2"": 0.5788832452851, ""learning_rate"": 0.0050708289337, ""max_cat_to_onehot"": 15, ""min_data_in_leaf"": 53, ""min_data_per_group"": 48, ""n_estimators"": 398, ""num_leaves"": 14}",85d4ebc9,r10,0.5863219954648526,,0.21213796299998933,0.011510083000004556,,,,0.827587674074977,0.7756183745583038,0.8718466195761857,0.5863219954648526,,,,,,,,,,
lightgbm,rel-f1,driver-dnf,BINARY_CLASSIFICATION,0,30,roc_auc,cpu,False,"{""bagging_fraction"": 0.8819179642384, ""bagging_freq"": 1, ""cat_l2"": 0.2028071332361, ""cat_smooth"": 0.9002514016925, ""extra_trees"": true, ""feature_fraction"": 0.9904253448185, ""lambda_l1"": 0.3523764300344, ""lambda_l2"": 1.0166800656129, ""learning_rate"": 0.0076046378471, ""max_cat_to_onehot"": 9, ""min_data_in_leaf"": 51, ""min_data_per_group"": 4, ""n_estimators"": 309, ""num_leaves"": 50}",eb5d77d2,r11,0.6209523809523809,,0.4158496529999951,0.011139553000006686,,,,0.8369821402928487,0.7756183745583038,0.8718466195761857,0.6209523809523809,,,,,,,,,,
lightgbm,rel-f1,driver-dnf,BINARY_CLASSIFICATION,0,30,roc_auc,cpu,False,"{""bagging_fraction"": 0.7057579594928, ""bagging_freq"": 1, ""cat_l2"": 0.0652607238611, ""cat_smooth"": 0.7440913299852, ""extra_trees"": true, ""feature_fraction"": 0.5562045565524, ""lambda_l1"": 0.4693022490728, ""lambda_l2"": 0.3337783413457, ""learning_rate"": 0.005523232486, ""max_cat_to_onehot"": 20, ""min_data_in_leaf"": 22, ""min_data_per_group"": 3, ""n_estimators"": 298, ""num_leaves"": 194}",97b0d170,r12,0.6219319727891157,,0.33829565599999967,0.01097393699998861,,,,0.8373360646565633,0.7791519434628975,0.8758689175769613,0.6219319727891157,,,,,,,,,,
lightgbm,rel-f1,driver-dnf,BINARY_CLASSIFICATION,0,30,roc_auc,cpu,False,"{""bagging_fraction"": 0.7904724450024, ""bagging_freq"": 1, ""cat_l2"": 0.0112585288934, ""cat_smooth"": 1.8450328342775, ""extra_trees"": false, ""feature_fraction"": 0.7222135128255, ""lambda_l1"": 0.8411560157726, ""lambda_l2"": 1.5581241341161, ""learning_rate"": 0.0949138303247, ""max_cat_to_onehot"": 8, ""min_data_in_leaf"": 4, ""min_data_per_group"": 12, ""n_estimators"": 523, ""num_leaves"": 6}",b0f88568,r13,0.601859410430839,,0.23562255400000254,0.010262675999996418,,,,0.8267320657306154,0.696113074204947,0.8036529680365296,0.601859410430839,,,,,,,,,,
lightgbm,rel-f1,driver-dnf,BINARY_CLASSIFICATION,0,30,roc_auc,cpu,False,"{""bagging_fraction"": 0.8980520612478, ""bagging_freq"": 1, ""cat_l2"": 0.0298619738506, ""cat_smooth"": 1.8218656600978, ""extra_trees"": false, ""feature_fraction"": 0.6687557031224, ""lambda_l1"": 0.9046572794351, ""lambda_l2"": 1.7298800978754, ""learning_rate"": 0.0152979229147, ""max_cat_to_onehot"": 14, ""min_data_in_leaf"": 7, ""min_data_per_group"": 61, ""n_estimators"": 223, ""num_leaves"": 45}",c9bdab03,r14,0.5997097505668935,,0.28725103799999374,0.010107255000008308,,,,0.8238947098332419,0.7332155477031802,0.8415529905561385,0.5997097505668935,,,,,,,,,,
lightgbm,rel-f1,driver-dnf,BINARY_CLASSIFICATION,0,30,roc_auc,cpu,False,"{""bagging_fraction"": 0.7870232821631, ""bagging_freq"": 1, ""cat_l2"": 0.1520732736224, ""cat_smooth"": 0.143579414226, ""extra_trees"": false, ""feature_fraction"": 0.4597414534665, ""lambda_l1"": 0.0376556278898, ""lambda_l2"": 0.8228523078385, ""learning_rate"": 0.0175995134195, ""max_cat_to_onehot"": 55, ""min_data_in_leaf"": 4, ""min_data_per_group"": 81, ""n_estimators"": 58, ""num_leaves"": 107}",5c4e94f9,r15,0.6111020408163266,,0.09941213300000129,0.007742798000009543,,,,0.8243110764902014,0.7791519434628975,0.8758689175769613,0.6111020408163266,,,,,,,,,,
lightgbm,rel-f1,driver-dnf,BINARY_CLASSIFICATION,0,30,roc_auc,cpu,False,"{""bagging_fraction"": 0.9252532736885, ""bagging_freq"": 1, ""cat_l2"": 0.0185425303217, ""cat_smooth"": 0.0026697944708, ""extra_trees"": true, ""feature_fraction"": 0.4403497788779, ""lambda_l1"": 0.990339913502, ""lambda_l2"": 1.5167814698069, ""learning_rate"": 0.032907451476, ""max_cat_to_onehot"": 89, ""min_data_in_leaf"": 2, ""min_data_per_group"": 10, ""n_estimators"": 665, ""num_leaves"": 12}",66abad1a,r16,0.6149115646258504,,0.3301991479999913,0.011801618999996322,,,,0.8390176783035268,0.7014134275618374,0.8176914778856527,0.6149115646258504,,,,,,,,,,
lightgbm,rel-f1,driver-dnf,BINARY_CLASSIFICATION,0,30,roc_auc,cpu,False,"{""bagging_fraction"": 0.9893469303368, ""bagging_freq"": 1, ""cat_l2"": 0.1517170923124, ""cat_smooth"": 0.0019146599966, ""extra_trees"": true, ""feature_fraction"": 0.8076356640991, ""lambda_l1"": 0.2169752947, ""lambda_l2"": 0.6401022999299, ""learning_rate"": 0.0682833284969, ""max_cat_to_onehot"": 45, ""min_data_in_leaf"": 2, ""min_data_per_group"": 8, ""n_estimators"": 71, ""num_leaves"": 27}",e3bf995d,r17,0.6057596371882087,,0.10263130200000603,0.008243767999999818,,,,0.8308299792542727,0.7332155477031802,0.8415529905561385,0.6057596371882087,,,,,,,,,,
lightgbm,rel-f1,driver-dnf,BINARY_CLASSIFICATION,0,30,roc_auc,cpu,False,"{""bagging_fraction"": 0.8662727305253, ""bagging_freq"": 1, ""cat_l2"": 0.0750558998512, ""cat_smooth"": 0.2749087238468, ""extra_trees"": true, ""feature_fraction"": 0.6722181067336, ""lambda_l1"": 0.6631118952798, ""lambda_l2"": 0.7669894419544, ""learning_rate"": 0.011346355764, ""max_cat_to_onehot"": 13, ""min_data_in_leaf"": 8, ""min_data_per_group"": 12, ""n_estimators"": 235, ""num_leaves"": 4}",d16f6217,r18,0.5993832199546485,,0.10803134700000783,0.008858179000000632,,,,0.8212789652389092,0.7791519434628975,0.8758689175769613,0.5993832199546485,,,,,,,,,,
lightgbm,rel-f1,driver-dnf,BINARY_CLASSIFICATION,0,30,roc_auc,cpu,False,"{""bagging_fraction"": 0.7637171496671, ""bagging_freq"": 1, ""cat_l2"": 1.6733394870119, ""cat_smooth"": 25.4110617183616, ""extra_trees"": true, ""feature_fraction"": 0.7219475266652, ""lambda_l1"": 0.2633960444995, ""lambda_l2"": 1.1766753953959, ""learning_rate"": 0.0546075727721, ""max_cat_to_onehot"": 88, ""min_data_in_leaf"": 1, ""min_data_per_group"": 5, ""n_estimators"": 74, ""num_leaves"": 3}",3c940a82,r19,0.506312925170068,,0.035886454000007006,0.007594603000001143,,,,0.7772981889145448,0.7756183745583038,0.8718466195761857,0.506312925170068,,,,,,,,,,
lightgbm,rel-f1,driver-dnf,BINARY_CLASSIFICATION,0,30,roc_auc,cpu,False,"{""bagging_fraction"": 0.9145568099117, ""bagging_freq"": 1, ""cat_l2"": 0.0688015432043, ""cat_smooth"": 0.4410365667971, ""extra_trees"": false, ""feature_fraction"": 0.4842104682476, ""lambda_l1"": 0.6789116421659, ""lambda_l2"": 0.2119046236149, ""learning_rate"": 0.007497093098, ""max_cat_to_onehot"": 78, ""min_data_in_leaf"": 57, ""min_data_per_group"": 21, ""n_estimators"": 353, ""num_leaves"": 17}",a3464b9d,r2,0.6096326530612245,,0.29449089100000947,0.010875170000005596,,,,0.8374533482753082,0.7438162544169611,0.8497409326424871,0.6096326530612245,,,,,,,,,,
lightgbm,rel-f1,driver-dnf,BINARY_CLASSIFICATION,0,30,roc_auc,cpu,False,"{""bagging_fraction"": 0.766732967316, ""bagging_freq"": 1, ""cat_l2"": 0.2949769749976, ""cat_smooth"": 76.211749790676, ""extra_trees"": false, ""feature_fraction"": 0.9380027758242, ""lambda_l1"": 0.0207489343658, ""lambda_l2"": 1.6621138056269, ""learning_rate"": 0.0087194268009, ""max_cat_to_onehot"": 51, ""min_data_in_leaf"": 2, ""min_data_per_group"": 20, ""n_estimators"": 428, ""num_leaves"": 19}",8d3659ac,r20,0.5828299319727891,,0.2727542739999933,0.011315989999999942,,,,0.8203567605932721,0.7332155477031802,0.8415529905561385,0.5828299319727891,,,,,,,,,,
lightgbm,rel-f1,driver-dnf,BINARY_CLASSIFICATION,0,30,roc_auc,cpu,False,"{""bagging_fraction"": 0.806683821355, ""bagging_freq"": 1, ""cat_l2"": 0.0082421437739, ""cat_smooth"": 0.0160008811562, ""extra_trees"": false, ""feature_fraction"": 0.5089787202952, ""lambda_l1"": 0.2184810145264, ""lambda_l2"": 0.9723705046664, ""learning_rate"": 0.0507096180332, ""max_cat_to_onehot"": 54, ""min_data_in_leaf"": 3, ""min_data_per_group"": 18, ""n_estimators"": 165, ""num_leaves"": 161}",a6d8d71e,r21,0.6132063492063491,,0.34683017700000107,0.009698546000009856,,,,0.8351311559661144,0.6643109540636042,0.7688564476885644,0.6132063492063491,,,,,,,,,,
lightgbm,rel-f1,driver-dnf,BINARY_CLASSIFICATION,0,30,roc_auc,cpu,False,"{""bagging_fraction"": 0.9821295835758, ""bagging_freq"": 1, ""cat_l2"": 0.1367124095637, ""cat_smooth"": 0.0031729973642, ""extra_trees"": true, ""feature_fraction"": 0.7074360779775, ""lambda_l1"": 0.4552232983118, ""lambda_l2"": 1.417125445225, ""learning_rate"": 0.0925784167972, ""max_cat_to_onehot"": 8, ""min_data_in_leaf"": 5, ""min_data_per_group"": 7, ""n_estimators"": 123, ""num_leaves"": 2}",38aedfa8,r22,0.6039818594104309,,0.04551637200000869,0.008436610999993377,,,,0.8402374736733511,0.7756183745583038,0.8718466195761857,0.6039818594104309,,,,,,,,,,
lightgbm,rel-f1,driver-dnf,BINARY_CLASSIFICATION,0,30,roc_auc,cpu,False,"{""bagging_fraction"": 0.9295975761421, ""bagging_freq"": 1, ""cat_l2"": 0.1658867884192, ""cat_smooth"": 0.0012082259188, ""extra_trees"": false, ""feature_fraction"": 0.7482682823129, ""lambda_l1"": 0.8788818548033, ""lambda_l2"": 0.9963306369924, ""learning_rate"": 0.0662004421712, ""max_cat_to_onehot"": 15, ""min_data_in_leaf"": 1, ""min_data_per_group"": 44, ""n_estimators"": 510, ""num_leaves"": 23}",3e9b950f,r23,0.60140589569161,,0.4061444220000112,0.012017595000003212,,,,0.8384603361907376,0.6466431095406361,0.7566909975669099,0.60140589569161,,,,,,,,,,
lightgbm,rel-f1,driver-dnf,BINARY_CLASSIFICATION,0,30,roc_auc,cpu,False,"{""bagging_fraction"": 0.9245990859552, ""bagging_freq"": 1, ""cat_l2"": 1.592158021275, ""cat_smooth"": 44.4269586841343, ""extra_trees"": false, ""feature_fraction"": 0.872525293573, ""lambda_l1"": 0.492319014681, ""lambda_l2"": 1.6891157039359, ""learning_rate"": 0.0517998481756, ""max_cat_to_onehot"": 22, ""min_data_in_leaf"": 59, ""min_data_per_group"": 10, ""n_estimators"": 802, ""num_leaves"": 8}",0d0b00fe,r24,0.603201814058957,,0.312319236999997,0.012795890000006693,,,,0.830222927581027,0.7279151943462897,0.827354260089686,0.603201814058957,,,,,,,,,,
lightgbm,rel-f1,driver-dnf,BINARY_CLASSIFICATION,0,30,roc_auc,cpu,False,"{""bagging_fraction"": 0.9711159219238, ""bagging_freq"": 1, ""cat_l2"": 0.0287842816393, ""cat_smooth"": 2.2365712242177, ""extra_trees"": false, ""feature_fraction"": 0.7638852760411, ""lambda_l1"": 0.7155896013433, ""lambda_l2"": 0.3887650116637, ""learning_rate"": 0.0956151137114, ""max_cat_to_onehot"": 23, ""min_data_in_leaf"": 5, ""min_data_per_group"": 8, ""n_estimators"": 132, ""num_leaves"": 117}",311db951,r25,0.6148752834467119,,0.25782104600000366,0.009197162999996067,,,,0.8409113592796096,0.6519434628975265,0.7576875768757687,0.6148752834467119,,,,,,,,,,
lightgbm,rel-f1,driver-dnf,BINARY_CLASSIFICATION,0,30,roc_auc,cpu,False,"{""bagging_fraction"": 0.7751868160582, ""bagging_freq"": 1, ""cat_l2"": 0.7205179793324, ""cat_smooth"": 0.2412048314858, ""extra_trees"": false, ""feature_fraction"": 0.5086905770421, ""lambda_l1"": 0.7774298210926, ""lambda_l2"": 0.7417685131559, ""learning_rate"": 0.006296404929, ""max_cat_to_onehot"": 41, ""min_data_in_leaf"": 17, ""min_data_per_group"": 4, ""n_estimators"": 197, ""num_leaves"": 50}",e3b85f93,r26,0.613641723356009,,0.22114540500000146,0.0092705639999906,,,,0.8427129500358953,0.7791519434628975,0.8758689175769613,0.613641723356009,,,,,,,,,,
lightgbm,rel-f1,driver-dnf,BINARY_CLASSIFICATION,0,30,roc_auc,cpu,False,"{""bagging_fraction"": 0.9032235488416, ""bagging_freq"": 1, ""cat_l2"": 0.0484438463597, ""cat_smooth"": 0.2752154717585, ""extra_trees"": false, ""feature_fraction"": 0.8731273073839, ""lambda_l1"": 0.2594966220889, ""lambda_l2"": 0.3941888549433, ""learning_rate"": 0.0236586574252, ""max_cat_to_onehot"": 8, ""min_data_in_leaf"": 3, ""min_data_per_group"": 69, ""n_estimators"": 438, ""num_leaves"": 9}",d90cbc4e,r27,0.6122267573696146,,0.3149595420000111,0.010411070999992944,,,,0.8394855337235911,0.6607773851590106,0.7741176470588236,0.6122267573696146,,,,,,,,,,
lightgbm,rel-f1,driver-dnf,BINARY_CLASSIFICATION,0,30,roc_auc,cpu,False,"{""bagging_fraction"": 0.943127227378, ""bagging_freq"": 1, ""cat_l2"": 0.0089165711882, ""cat_smooth"": 0.196142976357, ""extra_trees"": false, ""feature_fraction"": 0.4341088458599, ""lambda_l1"": 0.3738757566188, ""lambda_l2"": 0.9197657819236, ""learning_rate"": 0.0125354274243, ""max_cat_to_onehot"": 23, ""min_data_in_leaf"": 1, ""min_data_per_group"": 16, ""n_estimators"": 165, ""num_leaves"": 65}",10f688c8,r28,0.6114467120181406,,0.2103625419999986,0.00922578600000179,,,,0.8374220529443224,0.7756183745583038,0.8718466195761857,0.6114467120181406,,,,,,,,,,
lightgbm,rel-f1,driver-dnf,BINARY_CLASSIFICATION,0,30,roc_auc,cpu,False,"{""bagging_fraction"": 0.8296444149774, ""bagging_freq"": 1, ""cat_l2"": 0.0231985345244, ""cat_smooth"": 0.419723324168, ""extra_trees"": true, ""feature_fraction"": 0.818198345035, ""lambda_l1"": 0.5876408752329, ""lambda_l2"": 0.0893201412781, ""learning_rate"": 0.0282078967013, ""max_cat_to_onehot"": 29, ""min_data_in_leaf"": 5, ""min_data_per_group"": 12, ""n_estimators"": 750, ""num_leaves"": 37}",fb774425,r29,0.6169614512471655,,0.6564295940000022,0.015592972999996846,,,,0.8497105334862911,0.7332155477031802,0.8415529905561385,0.6169614512471655,,,,,,,,,,
lightgbm,rel-f1,driver-dnf,BINARY_CLASSIFICATION,0,30,roc_auc,cpu,False,"{""bagging_fraction"": 0.8808290128215, ""bagging_freq"": 1, ""cat_l2"": 1.0457234595842, ""cat_smooth"": 0.6921859910209, ""extra_trees"": true, ""feature_fraction"": 0.9220523550151, ""lambda_l1"": 0.7206605914604, ""lambda_l2"": 0.9472534786514, ""learning_rate"": 0.0132034424949, ""max_cat_to_onehot"": 25, ""min_data_in_leaf"": 15, ""min_data_per_group"": 7, ""n_estimators"": 335, ""num_leaves"": 35}",7ae6364f,r3,0.6125714285714287,,0.40244164899999646,0.017650365000008605,,,,0.8390750427717988,0.7438162544169611,0.8497409326424871,0.6125714285714287,,,,,,,,,,
lightgbm,rel-f1,driver-dnf,BINARY_CLASSIFICATION,0,30,roc_auc,cpu,False,"{""bagging_fraction"": 0.9256403562964, ""bagging_freq"": 1, ""cat_l2"": 0.173468569422, ""cat_smooth"": 0.1622096133057, ""extra_trees"": true, ""feature_fraction"": 0.8672172375647, ""lambda_l1"": 0.2728946202342, ""lambda_l2"": 1.5996117895528, ""learning_rate"": 0.0885567275464, ""max_cat_to_onehot"": 31, ""min_data_in_leaf"": 54, ""min_data_per_group"": 63, ""n_estimators"": 395, ""num_leaves"": 6}",a691dd6f,r30,0.6114829931972788,,0.1759745869999989,0.009977582999994183,,,,0.8530603455765565,0.7279151943462897,0.8288888888888889,0.6114829931972788,,,,,,,,,,
lightgbm,rel-f1,driver-dnf,BINARY_CLASSIFICATION,0,30,roc_auc,cpu,False,"{""bagging_fraction"": 0.8634649548991, ""bagging_freq"": 1, ""cat_l2"": 1.6087120636028, ""cat_smooth"": 42.4603130176821, ""extra_trees"": false, ""feature_fraction"": 0.6841648271642, ""lambda_l1"": 0.5820615900959, ""lambda_l2"": 0.3727460534192, ""learning_rate"": 0.0078289135266, ""max_cat_to_onehot"": 37, ""min_data_in_leaf"": 2, ""min_data_per_group"": 2, ""n_estimators"": 987, ""num_leaves"": 9}",1d48d1c9,r4,0.6181587301587302,,0.399674785000002,0.014331995000006259,,,,0.8495948704767878,0.7332155477031802,0.8415529905561385,0.6181587301587302,,,,,,,,,,
lightgbm,rel-f1,driver-dnf,BINARY_CLASSIFICATION,0,30,roc_auc,cpu,False,"{""bagging_fraction"": 0.8270964398017, ""bagging_freq"": 1, ""cat_l2"": 0.0497402357678, ""cat_smooth"": 0.0022655846367, ""extra_trees"": true, ""feature_fraction"": 0.8805464511878, ""lambda_l1"": 0.5374194921261, ""lambda_l2"": 1.4738626624402, ""learning_rate"": 0.009732329389, ""max_cat_to_onehot"": 78, ""min_data_in_leaf"": 4, ""min_data_per_group"": 24, ""n_estimators"": 285, ""num_leaves"": 44}",4f68409e,r5,0.6179138321995465,,0.2595536759999959,0.009702740999998127,,,,0.8396104252475098,0.7756183745583038,0.8718466195761857,0.6179138321995465,,,,,,,,,,
lightgbm,rel-f1,driver-dnf,BINARY_CLASSIFICATION,0,30,roc_auc,cpu,True,"{""bagging_fraction"": 0.7951605226208, ""bagging_freq"": 1, ""cat_l2"": 0.2087627025057, ""cat_smooth"": 0.0018992120999, ""extra_trees"": true, ""feature_fraction"": 0.5907899076364, ""lambda_l1"": 0.2654629519904, ""lambda_l2"": 0.6372060480074, ""learning_rate"": 0.0086558049456, ""max_cat_to_onehot"": 44, ""min_data_in_leaf"": 11, ""min_data_per_group"": 11, ""n_estimators"": 164, ""num_leaves"": 56}",3c57d7d3,r6,0.6266757369614513,0.7302981505880055,0.1268732220000004,0.010414714999996022,0.1351440509999975,0.008900448000005667,,0.8525896532144847,0.7791519434628975,0.8758689175769613,0.6266757369614513,0.8555894874775443,0.7051282051282052,0.8270676691729323,0.7302981505880055,,,,,,
lightgbm,rel-f1,driver-dnf,BINARY_CLASSIFICATION,0,30,roc_auc,cpu,False,"{""bagging_fraction"": 0.9335036446078, ""bagging_freq"": 1, ""cat_l2"": 0.2830562687557, ""cat_smooth"": 0.1802171314263, ""extra_trees"": true, ""feature_fraction"": 0.6485577967088, ""lambda_l1"": 0.5232957286614, ""lambda_l2"": 1.3348540188894, ""learning_rate"": 0.0289761662926, ""max_cat_to_onehot"": 15, ""min_data_in_leaf"": 11, ""min_data_per_group"": 55, ""n_estimators"": 701, ""num_leaves"": 20}",134c98bb,r7,0.6186122448979592,,0.3595101460000052,0.013573289999996518,,,,0.8488079654546654,0.7296819787985865,0.8301886792452831,0.6186122448979592,,,,,,,,,,
lightgbm,rel-f1,driver-dnf,BINARY_CLASSIFICATION,0,30,roc_auc,cpu,False,"{""bagging_fraction"": 0.9848713160352, ""bagging_freq"": 1, ""cat_l2"": 1.6905546285477, ""cat_smooth"": 0.001258746648, ""extra_trees"": true, ""feature_fraction"": 0.4384884978093, ""lambda_l1"": 0.0940311167074, ""lambda_l2"": 0.2636825450225, ""learning_rate"": 0.0053104402291, ""max_cat_to_onehot"": 51, ""min_data_in_leaf"": 10, ""min_data_per_group"": 31, ""n_estimators"": 285, ""num_leaves"": 164}",42517afb,r8,0.6128072562358277,,0.12685743500000513,0.009109506000001488,,,,0.8425120778219573,0.7791519434628975,0.8758689175769613,0.6128072562358277,,,,,,,,,,
lightgbm,rel-f1,driver-dnf,BINARY_CLASSIFICATION,0,30,roc_auc,cpu,False,"{""bagging_fraction"": 0.898758060085, ""bagging_freq"": 1, ""cat_l2"": 0.964011246959, ""cat_smooth"": 0.1616421454928, ""extra_trees"": false, ""feature_fraction"": 0.815483271622, ""lambda_l1"": 0.5759889009066, ""lambda_l2"": 1.4326827755167, ""learning_rate"": 0.0599026240177, ""max_cat_to_onehot"": 91, ""min_data_in_leaf"": 2, ""min_data_per_group"": 6, ""n_estimators"": 702, ""num_leaves"": 39}",b7f5d391,r9,0.6213424036281179,,0.7423688869999978,0.01470624400000986,,,,0.835953445315012,0.6643109540636042,0.7688564476885644,0.6213424036281179,,,,,,,,,,
lightgbm,rel-f1,driver-position,REGRESSION,0,30,mae,cpu,False,{},bf21a9e8,default,3.9839355119508135,3.845641155301299,1.2400260849999967,0.008790274999995518,0.09743632399998603,0.008178961000012919,,,,,,,,,,-0.1870353241508178,3.9839355119508135,5.051055158687695,0.1850917858794222,3.845641155301299,4.703533088405591
lightgbm,rel-f1,driver-position,REGRESSION,0,30,mae,cpu,False,"{""bagging_fraction"": 0.8646440511782, ""bagging_freq"": 1, ""cat_l2"": 0.2396763788772, ""cat_smooth"": 9.0912832806515, ""extra_trees"": true, ""feature_fraction"": 0.9742930953718, ""lambda_l1"": 0.5205254318032, ""lambda_l2"": 1.5172553870823, ""learning_rate"": 0.0095655183906, ""max_cat_to_onehot"": 21, ""min_data_in_leaf"": 1, ""min_data_per_group"": 38, ""n_estimators"": 885, ""num_leaves"": 13}",9ddece77,r1,3.747027003864772,,0.4552962000000065,0.014828228999988369,,,,,,,,,,,,-0.010275201958348967,3.747027003864772,4.659830676928703,,,
lightgbm,rel-f1,driver-position,REGRESSION,0,30,mae,cpu,False,"{""bagging_fraction"": 0.7040714906836, ""bagging_freq"": 1, ""cat_l2"": 0.1059359109832, ""cat_smooth"": 79.0557829290776, ""extra_trees"": true, ""feature_fraction"": 0.7399608725239, ""lambda_l1"": 0.9293032679565, ""lambda_l2"": 0.5788832452851, ""learning_rate"": 0.0050708289337, ""max_cat_to_onehot"": 15, ""min_data_in_leaf"": 53, ""min_data_per_group"": 48, ""n_estimators"": 398, ""num_leaves"": 14}",85d4ebc9,r10,3.8248654665368114,,0.1443313120000056,0.009673770999995668,,,,,,,,,,,,0.009804267530371558,3.8248654665368114,4.613290624009028,,,
lightgbm,rel-f1,driver-position,REGRESSION,0,30,mae,cpu,False,"{""bagging_fraction"": 0.8819179642384, ""bagging_freq"": 1, ""cat_l2"": 0.2028071332361, ""cat_smooth"": 0.9002514016925, ""extra_trees"": true, ""feature_fraction"": 0.9904253448185, ""lambda_l1"": 0.3523764300344, ""lambda_l2"": 1.0166800656129, ""learning_rate"": 0.0076046378471, ""max_cat_to_onehot"": 9, ""min_data_in_leaf"": 51, ""min_data_per_group"": 4, ""n_estimators"": 309, ""num_leaves"": 50}",eb5d77d2,r11,3.754878056262719,,0.28053597999999624,0.010767911000002073,,,,,,,,,,,,-0.01580898879089232,3.754878056262719,4.6725753699299695,,,
lightgbm,rel-f1,driver-position,REGRESSION,0,30,mae,cpu,False,"{""bagging_fraction"": 0.7057579594928, ""bagging_freq"": 1, ""cat_l2"": 0.0652607238611, ""cat_smooth"": 0.7440913299852, ""extra_trees"": true, ""feature_fraction"": 0.5562045565524, ""lambda_l1"": 0.4693022490728, ""lambda_l2"": 0.3337783413457, ""learning_rate"": 0.005523232486, ""max_cat_to_onehot"": 20, ""min_data_in_leaf"": 22, ""min_data_per_group"": 3, ""n_estimators"": 298, ""num_leaves"": 194}",97b0d170,r12,3.770534225346552,,0.3003244780000074,0.010744310999996287,,,,,,,,,,,,-0.03288443897570614,3.770534225346552,4.711684012164303,,,
lightgbm,rel-f1,driver-position,REGRESSION,0,30,mae,cpu,False,"{""bagging_fraction"": 0.7904724450024, ""bagging_freq"": 1, ""cat_l2"": 0.0112585288934, ""cat_smooth"": 1.8450328342775, ""extra_trees"": false, ""feature_fraction"": 0.7222135128255, ""lambda_l1"": 0.8411560157726, ""lambda_l2"": 1.5581241341161, ""learning_rate"": 0.0949138303247, ""max_cat_to_onehot"": 8, ""min_data_in_leaf"": 4, ""min_data_per_group"": 12, ""n_estimators"": 523, ""num_leaves"": 6}",b0f88568,r13,3.7656911716272896,,0.25976674000000344,0.009764847999989001,,,,,,,,,,,,-0.04755776358581976,3.7656911716272896,4.745033463255249,,,
lightgbm,rel-f1,driver-position,REGRESSION,0,30,mae,cpu,False,"{""bagging_fraction"": 0.8980520612478, ""bagging_freq"": 1, ""cat_l2"": 0.0298619738506, ""cat_smooth"": 1.8218656600978, ""extra_trees"": false, ""feature_fraction"": 0.6687557031224, ""lambda_l1"": 0.9046572794351, ""lambda_l2"": 1.7298800978754, ""learning_rate"": 0.0152979229147, ""max_cat_to_onehot"": 14, ""min_data_in_leaf"": 7, ""min_data_per_group"": 61, ""n_estimators"": 223, ""num_leaves"": 45}",c9bdab03,r14,3.768524874960452,,0.31750038899998856,0.010294291000008116,,,,,,,,,,,,-0.03140610470654237,3.768524874960452,4.708310963923432,,,
lightgbm,rel-f1,driver-position,REGRESSION,0,30,mae,cpu,False,"{""bagging_fraction"": 0.7870232821631, ""bagging_freq"": 1, ""cat_l2"": 0.1520732736224, ""cat_smooth"": 0.143579414226, ""extra_trees"": false, ""feature_fraction"": 0.4597414534665, ""lambda_l1"": 0.0376556278898, ""lambda_l2"": 0.8228523078385, ""learning_rate"": 0.0175995134195, ""max_cat_to_onehot"": 55, ""min_data_in_leaf"": 4, ""min_data_per_group"": 81, ""n_estimators"": 58, ""num_leaves"": 107}",5c4e94f9,r15,3.7123206450084605,,0.11635715500000288,0.008586913000002028,,,,,,,,,,,,0.02257712114264554,3.7123206450084605,4.583439887333769,,,
lightgbm,rel-f1,driver-position,REGRESSION,0,30,mae,cpu,False,"{""bagging_fraction"": 0.9252532736885, ""bagging_freq"": 1, ""cat_l2"": 0.0185425303217, ""cat_smooth"": 0.0026697944708, ""extra_trees"": true, ""feature_fraction"": 0.4403497788779, ""lambda_l1"": 0.990339913502, ""lambda_l2"": 1.5167814698069, ""learning_rate"": 0.032907451476, ""max_cat_to_onehot"": 89, ""min_data_in_leaf"": 2, ""min_data_per_group"": 10, ""n_estimators"": 665, ""num_leaves"": 12}",66abad1a,r16,3.698607730374255,,0.2525644839999899,0.01090256499999498,,,,,,,,,,,,0.03196880560867088,3.698607730374255,4.561366470801124,,,
lightgbm,rel-f1,driver-position,REGRESSION,0,30,mae,cpu,False,"{""bagging_fraction"": 0.9893469303368, ""bagging_freq"": 1, ""cat_l2"": 0.1517170923124, ""cat_smooth"": 0.0019146599966, ""extra_trees"": true, ""feature_fraction"": 0.8076356640991, ""lambda_l1"": 0.2169752947, ""lambda_l2"": 0.6401022999299, ""learning_rate"": 0.0682833284969, ""max_cat_to_onehot"": 45, ""min_data_in_leaf"": 2, ""min_data_per_group"": 8, ""n_estimators"": 71, ""num_leaves"": 27}",e3bf995d,r17,3.721701795743765,,0.06903769400000215,0.008566768999997976,,,,,,,,,,,,-0.011239852998371713,3.721701795743765,4.66205484217814,,,
lightgbm,rel-f1,driver-position,REGRESSION,0,30,mae,cpu,False,"{""bagging_fraction"": 0.8662727305253, ""bagging_freq"": 1, ""cat_l2"": 0.0750558998512, ""cat_smooth"": 0.2749087238468, ""extra_trees"": true, ""feature_fraction"": 0.6722181067336, ""lambda_l1"": 0.6631118952798, ""lambda_l2"": 0.7669894419544, ""learning_rate"": 0.011346355764, ""max_cat_to_onehot"": 13, ""min_data_in_leaf"": 8, ""min_data_per_group"": 12, ""n_estimators"": 235, ""num_leaves"": 4}",d16f6217,r18,3.816814280212362,,0.09921620499999051,0.00880026699999803,,,,,,,,,,,,-0.026265409327379308,3.816814280212362,4.696562814064856,,,
lightgbm,rel-f1,driver-position,REGRESSION,0,30,mae,cpu,False,"{""bagging_fraction"": 0.7637171496671, ""bagging_freq"": 1, ""cat_l2"": 1.6733394870119, ""cat_smooth"": 25.4110617183616, ""extra_trees"": true, ""feature_fraction"": 0.7219475266652, ""lambda_l1"": 0.2633960444995, ""lambda_l2"": 1.1766753953959, ""learning_rate"": 0.0546075727721, ""max_cat_to_onehot"": 88, ""min_data_in_leaf"": 1, ""min_data_per_group"": 5, ""n_estimators"": 74, ""num_leaves"": 3}",3c940a82,r19,4.359464625681567,,0.032580723999998895,0.008059094999993022,,,,,,,,,,,,-0.44671305958308016,4.359464625681567,5.576240425670177,,,
lightgbm,rel-f1,driver-position,REGRESSION,0,30,mae,cpu,False,"{""bagging_fraction"": 0.9145568099117, ""bagging_freq"": 1, ""cat_l2"": 0.0688015432043, ""cat_smooth"": 0.4410365667971, ""extra_trees"": false, ""feature_fraction"": 0.4842104682476, ""lambda_l1"": 0.6789116421659, ""lambda_l2"": 0.2119046236149, ""learning_rate"": 0.007497093098, ""max_cat_to_onehot"": 78, ""min_data_in_leaf"": 57, ""min_data_per_group"": 21, ""n_estimators"": 353, ""num_leaves"": 17}",a3464b9d,r2,3.7738531853355264,,0.269415242000008,0.009553926999998907,,,,,,,,,,,,-0.051446302917234954,3.7738531853355264,4.7538320989090455,,,
lightgbm,rel-f1,driver-position,REGRESSION,0,30,mae,cpu,False,"{""bagging_fraction"": 0.766732967316, ""bagging_freq"": 1, ""cat_l2"": 0.2949769749976, ""cat_smooth"": 76.211749790676, ""extra_trees"": false, ""feature_fraction"": 0.9380027758242, ""lambda_l1"": 0.0207489343658, ""lambda_l2"": 1.6621138056269, ""learning_rate"": 0.0087194268009, ""max_cat_to_onehot"": 51, ""min_data_in_leaf"": 2, ""min_data_per_group"": 20, ""n_estimators"": 428, ""num_leaves"": 19}",8d3659ac,r20,3.8463446911130443,,0.2339384659999979,0.010798012000009294,,,,,,,,,,,,0.021468840611242657,3.8463446911130443,4.586037687204307,,,
lightgbm,rel-f1,driver-position,REGRESSION,0,30,mae,cpu,False,"{""bagging_fraction"": 0.806683821355, ""bagging_freq"": 1, ""cat_l2"": 0.0082421437739, ""cat_smooth"": 0.0160008811562, ""extra_trees"": false, ""feature_fraction"": 0.5089787202952, ""lambda_l1"": 0.2184810145264, ""lambda_l2"": 0.9723705046664, ""learning_rate"": 0.0507096180332, ""max_cat_to_onehot"": 54, ""min_data_in_leaf"": 3, ""min_data_per_group"": 18, ""n_estimators"": 165, ""num_leaves"": 161}",a6d8d71e,r21,3.8075637802811926,,0.41745926499999086,0.0100477699999999,,,,,,,,,,,,-0.046328527968097166,3.8075637802811926,4.742248663966479,,,
lightgbm,rel-f1,driver-position,REGRESSION,0,30,mae,cpu,False,"{""bagging_fraction"": 0.9821295835758, ""bagging_freq"": 1, ""cat_l2"": 0.1367124095637, ""cat_smooth"": 0.0031729973642, ""extra_trees"": true, ""feature_fraction"": 0.7074360779775, ""lambda_l1"": 0.4552232983118, ""lambda_l2"": 1.417125445225, ""learning_rate"": 0.0925784167972, ""max_cat_to_onehot"": 8, ""min_data_in_leaf"": 5, ""min_data_per_group"": 7, ""n_estimators"": 123, ""num_leaves"": 2}",38aedfa8,r22,3.7790152639273398,,0.055559668000000784,0.007366466999997101,,,,,,,,,,,,0.011530668644998299,3.7790152639273398,4.6092672454426316,,,
lightgbm,rel-f1,driver-position,REGRESSION,0,30,mae,cpu,False,"{""bagging_fraction"": 0.9295975761421, ""bagging_freq"": 1, ""cat_l2"": 0.1658867884192, ""cat_smooth"": 0.0012082259188, ""extra_trees"": false, ""feature_fraction"": 0.7482682823129, ""lambda_l1"": 0.8788818548033, ""lambda_l2"": 0.9963306369924, ""learning_rate"": 0.0662004421712, ""max_cat_to_onehot"": 15, ""min_data_in_leaf"": 1, ""min_data_per_group"": 44, ""n_estimators"": 510, ""num_leaves"": 23}",3e9b950f,r23,3.866114572809497,,0.5090682669999893,0.012811374999998293,,,,,,,,,,,,-0.10445785134420893,3.866114572809497,4.872197258293525,,,
lightgbm,rel-f1,driver-position,REGRESSION,0,30,mae,cpu,False,"{""bagging_fraction"": 0.9245990859552, ""bagging_freq"": 1, ""cat_l2"": 1.592158021275, ""cat_smooth"": 44.4269586841343, ""extra_trees"": false, ""feature_fraction"": 0.872525293573, ""lambda_l1"": 0.492319014681, ""lambda_l2"": 1.6891157039359, ""learning_rate"": 0.0517998481756, ""max_cat_to_onehot"": 22, ""min_data_in_leaf"": 59, ""min_data_per_group"": 10, ""n_estimators"": 802, ""num_leaves"": 8}",0d0b00fe,r24,3.989447348442467,,0.2722724700000043,0.011692819999993276,,,,,,,,,,,,-0.06610998229054155,3.989447348442467,4.7868662666488415,,,
lightgbm,rel-f1,driver-position,REGRESSION,0,30,mae,cpu,False,"{""bagging_fraction"": 0.9711159219238, ""bagging_freq"": 1, ""cat_l2"": 0.0287842816393, ""cat_smooth"": 2.2365712242177, ""extra_trees"": false, ""feature_fraction"": 0.7638852760411, ""lambda_l1"": 0.7155896013433, ""lambda_l2"": 0.3887650116637, ""learning_rate"": 0.0956151137114, ""max_cat_to_onehot"": 23, ""min_data_in_leaf"": 5, ""min_data_per_group"": 8, ""n_estimators"": 132, ""num_leaves"": 117}",311db951,r25,3.9196511155080995,,0.3141129370000044,0.009864491000001863,,,,,,,,,,,,-0.1285910794700278,3.9196511155080995,4.925140183232559,,,
lightgbm,rel-f1,driver-position,REGRESSION,0,30,mae,cpu,False,"{""bagging_fraction"": 0.7751868160582, ""bagging_freq"": 1, ""cat_l2"": 0.7205179793324, ""cat_smooth"": 0.2412048314858, ""extra_trees"": false, ""feature_fraction"": 0.5086905770421, ""lambda_l1"": 0.7774298210926, ""lambda_l2"": 0.7417685131559, ""learning_rate"": 0.006296404929, ""max_cat_to_onehot"": 41, ""min_data_in_leaf"": 17, ""min_data_per_group"": 4, ""n_estimators"": 197, ""num_leaves"": 50}",e3b85f93,r26,3.7243421120551443,,0.26558210900000745,0.009898685999999657,,,,,,,,,,,,-0.0065056922156019326,3.7243421120551443,4.651129239684243,,,
lightgbm,rel-f1,driver-position,REGRESSION,0,30,mae,cpu,False,"{""bagging_fraction"": 0.9032235488416, ""bagging_freq"": 1, ""cat_l2"": 0.0484438463597, ""cat_smooth"": 0.2752154717585, ""extra_trees"": false, ""feature_fraction"": 0.8731273073839, ""lambda_l1"": 0.2594966220889, ""lambda_l2"": 0.3941888549433, ""learning_rate"": 0.0236586574252, ""max_cat_to_onehot"": 8, ""min_data_in_leaf"": 3, ""min_data_per_group"": 69, ""n_estimators"": 438, ""num_leaves"": 9}",d90cbc4e,r27,3.7045319978508733,,0.30647310300000186,0.010220772000010925,,,,,,,,,,,,0.015224429342689305,3.7045319978508733,4.600647116874807,,,
lightgbm,rel-f1,driver-position,REGRESSION,0,30,mae,cpu,False,"{""bagging_fraction"": 0.943127227378, ""bagging_freq"": 1, ""cat_l2"": 0.0089165711882, ""cat_smooth"": 0.196142976357, ""extra_trees"": false, ""feature_fraction"": 0.4341088458599, ""lambda_l1"": 0.3738757566188, ""lambda_l2"": 0.9197657819236, ""learning_rate"": 0.0125354274243, ""max_cat_to_onehot"": 23, ""min_data_in_leaf"": 1, ""min_data_per_group"": 16, ""n_estimators"": 165, ""num_leaves"": 65}",10f688c8,r28,3.716155113189535,,0.2508467019999898,0.009727320000010309,,,,,,,,,,,,-0.0020128087634003755,3.716155113189535,4.640736673520455,,,
lightgbm,rel-f1,driver-position,REGRESSION,0,30,mae,cpu,True,"{""bagging_fraction"": 0.8296444149774, ""bagging_freq"": 1, ""cat_l2"": 0.0231985345244, ""cat_smooth"": 0.419723324168, ""extra_trees"": true, ""feature_fraction"": 0.818198345035, ""lambda_l1"": 0.5876408752329, ""lambda_l2"": 0.0893201412781, ""learning_rate"": 0.0282078967013, ""max_cat_to_onehot"": 29, ""min_data_in_leaf"": 5, ""min_data_per_group"": 12, ""n_estimators"": 750, ""num_leaves"": 37}",fb774425,r29,3.632045817754262,4.105829011280734,0.483906441000002,0.015079713999995192,0.5357767790000025,0.019806491000011306,,,,,,,,,,0.06558808307035169,3.632045817754262,4.481459478746175,0.08193871136776953,4.105829011280734,4.992357684100748
lightgbm,rel-f1,driver-position,REGRESSION,0,30,mae,cpu,False,"{""bagging_fraction"": 0.8808290128215, ""bagging_freq"": 1, ""cat_l2"": 1.0457234595842, ""cat_smooth"": 0.6921859910209, ""extra_trees"": true, ""feature_fraction"": 0.9220523550151, ""lambda_l1"": 0.7206605914604, ""lambda_l2"": 0.9472534786514, ""learning_rate"": 0.0132034424949, ""max_cat_to_onehot"": 25, ""min_data_in_leaf"": 15, ""min_data_per_group"": 7, ""n_estimators"": 335, ""num_leaves"": 35}",7ae6364f,r3,3.7363823436489283,,0.2887947419999932,0.010690021000002048,,,,,,,,,,,,-0.01640377273727789,3.7363823436489283,4.673943130083507,,,
lightgbm,rel-f1,driver-position,REGRESSION,0,30,mae,cpu,False,"{""bagging_fraction"": 0.9256403562964, ""bagging_freq"": 1, ""cat_l2"": 0.173468569422, ""cat_smooth"": 0.1622096133057, ""extra_trees"": true, ""feature_fraction"": 0.8672172375647, ""lambda_l1"": 0.2728946202342, ""lambda_l2"": 1.5996117895528, ""learning_rate"": 0.0885567275464, ""max_cat_to_onehot"": 31, ""min_data_in_leaf"": 54, ""min_data_per_group"": 63, ""n_estimators"": 395, ""num_leaves"": 6}",a691dd6f,r30,3.6741857277002175,,0.13825713999999323,0.00874792899999477,,,,,,,,,,,,0.08321791423290315,3.6741857277002175,4.438981641023247,,,
lightgbm,rel-f1,driver-position,REGRESSION,0,30,mae,cpu,False,"{""bagging_fraction"": 0.8634649548991, ""bagging_freq"": 1, ""cat_l2"": 1.6087120636028, ""cat_smooth"": 42.4603130176821, ""extra_trees"": false, ""feature_fraction"": 0.6841648271642, ""lambda_l1"": 0.5820615900959, ""lambda_l2"": 0.3727460534192, ""learning_rate"": 0.0078289135266, ""max_cat_to_onehot"": 37, ""min_data_in_leaf"": 2, ""min_data_per_group"": 2, ""n_estimators"": 987, ""num_leaves"": 9}",1d48d1c9,r4,3.9351249162787156,,0.34597230200000695,0.012261720000012133,,,,,,,,,,,,-0.029383863755941597,3.9351249162787156,4.703692991034832,,,
lightgbm,rel-f1,driver-position,REGRESSION,0,30,mae,cpu,False,"{""bagging_fraction"": 0.8270964398017, ""bagging_freq"": 1, ""cat_l2"": 0.0497402357678, ""cat_smooth"": 0.0022655846367, ""extra_trees"": true, ""feature_fraction"": 0.8805464511878, ""lambda_l1"": 0.5374194921261, ""lambda_l2"": 1.4738626624402, ""learning_rate"": 0.009732329389, ""max_cat_to_onehot"": 78, ""min_data_in_leaf"": 4, ""min_data_per_group"": 24, ""n_estimators"": 285, ""num_leaves"": 44}",4f68409e,r5,3.7363197242776733,,0.14360135100000093,0.008777741000002948,,,,,,,,,,,,0.03485589887184959,3.7363197242776733,4.554559394668416,,,
lightgbm,rel-f1,driver-position,REGRESSION,0,30,mae,cpu,False,"{""bagging_fraction"": 0.7951605226208, ""bagging_freq"": 1, ""cat_l2"": 0.2087627025057, ""cat_smooth"": 0.0018992120999, ""extra_trees"": true, ""feature_fraction"": 0.5907899076364, ""lambda_l1"": 0.2654629519904, ""lambda_l2"": 0.6372060480074, ""learning_rate"": 0.0086558049456, ""max_cat_to_onehot"": 44, ""min_data_in_leaf"": 11, ""min_data_per_group"": 11, ""n_estimators"": 164, ""num_leaves"": 56}",3c57d7d3,r6,3.8317321637303445,,0.09474639100000104,0.007925253999999882,,,,,,,,,,,,-0.03879021533073623,3.8317321637303445,4.725134931036623,,,
lightgbm,rel-f1,driver-position,REGRESSION,0,30,mae,cpu,False,"{""bagging_fraction"": 0.9335036446078, ""bagging_freq"": 1, ""cat_l2"": 0.2830562687557, ""cat_smooth"": 0.1802171314263, ""extra_trees"": true, ""feature_fraction"": 0.6485577967088, ""lambda_l1"": 0.5232957286614, ""lambda_l2"": 1.3348540188894, ""learning_rate"": 0.0289761662926, ""max_cat_to_onehot"": 15, ""min_data_in_leaf"": 11, ""min_data_per_group"": 55, ""n_estimators"": 701, ""num_leaves"": 20}",134c98bb,r7,3.7017816546932374,,0.2873994640000035,0.011352293999991048,,,,,,,,,,,,0.06846416441210434,3.7017816546932374,4.474557289767817,,,
lightgbm,rel-f1,driver-position,REGRESSION,0,30,mae,cpu,False,"{""bagging_fraction"": 0.9848713160352, ""bagging_freq"": 1, ""cat_l2"": 1.6905546285477, ""cat_smooth"": 0.001258746648, ""extra_trees"": true, ""feature_fraction"": 0.4384884978093, ""lambda_l1"": 0.0940311167074, ""lambda_l2"": 0.2636825450225, ""learning_rate"": 0.0053104402291, ""max_cat_to_onehot"": 51, ""min_data_in_leaf"": 10, ""min_data_per_group"": 31, ""n_estimators"": 285, ""num_leaves"": 164}",42517afb,r8,3.891986158133232,,0.10994329700000094,0.008322624999991035,,,,,,,,,,,,-0.06746455714039112,3.891986158133232,4.789906342443357,,,
lightgbm,rel-f1,driver-position,REGRESSION,0,30,mae,cpu,False,"{""bagging_fraction"": 0.898758060085, ""bagging_freq"": 1, ""cat_l2"": 0.964011246959, ""cat_smooth"": 0.1616421454928, ""extra_trees"": false, ""feature_fraction"": 0.815483271622, ""lambda_l1"": 0.5759889009066, ""lambda_l2"": 1.4326827755167, ""learning_rate"": 0.0599026240177, ""max_cat_to_onehot"": 91, ""min_data_in_leaf"": 2, ""min_data_per_group"": 6, ""n_estimators"": 702, ""num_leaves"": 39}",b7f5d391,r9,3.8624661495359622,,0.9357750490000001,0.01824247800000478,,,,,,,,,,,,-0.0923065066493558,3.8624661495359622,4.8453209535612185,,,
lightgbm,rel-f1,driver-top3,BINARY_CLASSIFICATION,0,30,roc_auc,cpu,False,{},bf21a9e8,default,0.632061779935855,0.6562238712374582,0.4464434019999999,0.008451262999997766,0.04719997800000897,0.007292441000004146,,0.33345529283559866,0.7091836734693877,0.3241106719367589,0.632061779935855,0.3816039328204091,0.7355371900826446,0.2781954887218045,0.6562238712374582,,,,,,
lightgbm,rel-f1,driver-top3,BINARY_CLASSIFICATION,0,30,roc_auc,cpu,False,"{""bagging_fraction"": 0.8646440511782, ""bagging_freq"": 1, ""cat_l2"": 0.2396763788772, ""cat_smooth"": 9.0912832806515, ""extra_trees"": true, ""feature_fraction"": 0.9742930953718, ""lambda_l1"": 0.5205254318032, ""lambda_l2"": 1.5172553870823, ""learning_rate"": 0.0095655183906, ""max_cat_to_onehot"": 21, ""min_data_in_leaf"": 1, ""min_data_per_group"": 38, ""n_estimators"": 885, ""num_leaves"": 13}",9ddece77,r1,0.6737112755549981,,0.15986176500000226,0.013791341000001012,,,,0.3386031387327215,0.7585034013605442,0.1839080459770115,0.6737112755549981,,,,,,,,,,
lightgbm,rel-f1,driver-top3,BINARY_CLASSIFICATION,0,30,roc_auc,cpu,False,"{""bagging_fraction"": 0.7040714906836, ""bagging_freq"": 1, ""cat_l2"": 0.1059359109832, ""cat_smooth"": 79.0557829290776, ""extra_trees"": true, ""feature_fraction"": 0.7399608725239, ""lambda_l1"": 0.9293032679565, ""lambda_l2"": 0.5788832452851, ""learning_rate"": 0.0050708289337, ""max_cat_to_onehot"": 15, ""min_data_in_leaf"": 53, ""min_data_per_group"": 48, ""n_estimators"": 398, ""num_leaves"": 14}",85d4ebc9,r10,0.4214850119152138,,0.05024488399999427,0.008444385000004218,,,,0.23305902450857574,0.8078231292517006,0.16296296296296298,0.4214850119152138,,,,,,,,,,
lightgbm,rel-f1,driver-top3,BINARY_CLASSIFICATION,0,30,roc_auc,cpu,False,"{""bagging_fraction"": 0.8819179642384, ""bagging_freq"": 1, ""cat_l2"": 0.2028071332361, ""cat_smooth"": 0.9002514016925, ""extra_trees"": true, ""feature_fraction"": 0.9904253448185, ""lambda_l1"": 0.3523764300344, ""lambda_l2"": 1.0166800656129, ""learning_rate"": 0.0076046378471, ""max_cat_to_onehot"": 9, ""min_data_in_leaf"": 51, ""min_data_per_group"": 4, ""n_estimators"": 309, ""num_leaves"": 50}",eb5d77d2,r11,0.6013689057712637,,0.053964606000008075,0.008031521999996016,,,,0.3191033339218798,0.79421768707483,0.17687074829931973,0.6013689057712637,,,,,,,,,,
lightgbm,rel-f1,driver-top3,BINARY_CLASSIFICATION,0,30,roc_auc,cpu,False,"{""bagging_fraction"": 0.7057579594928, ""bagging_freq"": 1, ""cat_l2"": 0.0652607238611, ""cat_smooth"": 0.7440913299852, ""extra_trees"": true, ""feature_fraction"": 0.5562045565524, ""lambda_l1"": 0.4693022490728, ""lambda_l2"": 0.3337783413457, ""learning_rate"": 0.005523232486, ""max_cat_to_onehot"": 20, ""min_data_in_leaf"": 22, ""min_data_per_group"": 3, ""n_estimators"": 298, ""num_leaves"": 194}",97b0d170,r12,0.6003296841124509,,0.0619585330000092,0.008327139000002148,,,,0.31879206878999783,0.79421768707483,0.17687074829931973,0.6003296841124509,,,,,,,,,,
lightgbm,rel-f1,driver-top3,BINARY_CLASSIFICATION,0,30,roc_auc,cpu,False,"{""bagging_fraction"": 0.7904724450024, ""bagging_freq"": 1, ""cat_l2"": 0.0112585288934, ""cat_smooth"": 1.8450328342775, ""extra_trees"": false, ""feature_fraction"": 0.7222135128255, ""lambda_l1"": 0.8411560157726, ""lambda_l2"": 1.5581241341161, ""learning_rate"": 0.0949138303247, ""max_cat_to_onehot"": 8, ""min_data_in_leaf"": 4, ""min_data_per_group"": 12, ""n_estimators"": 523, ""num_leaves"": 6}",b0f88568,r13,0.659430936553726,,0.06936329200000557,0.008963297999997621,,,,0.34708980201122913,0.7193877551020408,0.34782608695652173,0.659430936553726,,,,,,,,,,
lightgbm,rel-f1,driver-top3,BINARY_CLASSIFICATION,0,30,roc_auc,cpu,False,"{""bagging_fraction"": 0.8980520612478, ""bagging_freq"": 1, ""cat_l2"": 0.0298619738506, ""cat_smooth"": 1.8218656600978, ""extra_trees"": false, ""feature_fraction"": 0.6687557031224, ""lambda_l1"": 0.9046572794351, ""lambda_l2"": 1.7298800978754, ""learning_rate"": 0.0152979229147, ""max_cat_to_onehot"": 14, ""min_data_in_leaf"": 7, ""min_data_per_group"": 61, ""n_estimators"": 223, ""num_leaves"": 45}",c9bdab03,r14,0.6510006987869775,,0.06399556799999573,0.007869364000001156,,,,0.3585681089705284,0.7585034013605442,0.1839080459770115,0.6510006987869775,,,,,,,,,,
lightgbm,rel-f1,driver-top3,BINARY_CLASSIFICATION,0,30,roc_auc,cpu,False,"{""bagging_fraction"": 0.7870232821631, ""bagging_freq"": 1, ""cat_l2"": 0.1520732736224, ""cat_smooth"": 0.143579414226, ""extra_trees"": false, ""feature_fraction"": 0.4597414534665, ""lambda_l1"": 0.0376556278898, ""lambda_l2"": 0.8228523078385, ""learning_rate"": 0.0175995134195, ""max_cat_to_onehot"": 55, ""min_data_in_leaf"": 4, ""min_data_per_group"": 81, ""n_estimators"": 58, ""num_leaves"": 107}",5c4e94f9,r15,0.6003655193420652,,0.028272318999995605,0.007173123999990594,,,,0.3416448492233851,0.79421768707483,0.17687074829931973,0.6003655193420652,,,,,,,,,,
lightgbm,rel-f1,driver-top3,BINARY_CLASSIFICATION,0,30,roc_auc,cpu,False,"{""bagging_fraction"": 0.9252532736885, ""bagging_freq"": 1, ""cat_l2"": 0.0185425303217, ""cat_smooth"": 0.0026697944708, ""extra_trees"": true, ""feature_fraction"": 0.4403497788779, ""lambda_l1"": 0.990339913502, ""lambda_l2"": 1.5167814698069, ""learning_rate"": 0.032907451476, ""max_cat_to_onehot"": 89, ""min_data_in_leaf"": 2, ""min_data_per_group"": 10, ""n_estimators"": 665, ""num_leaves"": 12}",66abad1a,r16,0.5253175897224561,,0.06627705300000741,0.010162815000001046,,,,0.2777770327921027,0.79421768707483,0.17687074829931973,0.5253175897224561,,,,,,,,,,
lightgbm,rel-f1,driver-top3,BINARY_CLASSIFICATION,0,30,roc_auc,cpu,False,"{""bagging_fraction"": 0.9893469303368, ""bagging_freq"": 1, ""cat_l2"": 0.1517170923124, ""cat_smooth"": 0.0019146599966, ""extra_trees"": true, ""feature_fraction"": 0.8076356640991, ""lambda_l1"": 0.2169752947, ""lambda_l2"": 0.6401022999299, ""learning_rate"": 0.0682833284969, ""max_cat_to_onehot"": 45, ""min_data_in_leaf"": 2, ""min_data_per_group"": 8, ""n_estimators"": 71, ""num_leaves"": 27}",e3bf995d,r17,0.603187543674186,,0.023144250999990845,0.007142170999998143,,,,0.3157578648106937,0.7585034013605442,0.1839080459770115,0.603187543674186,,,,,,,,,,
lightgbm,rel-f1,driver-top3,BINARY_CLASSIFICATION,0,30,roc_auc,cpu,False,"{""bagging_fraction"": 0.8662727305253, ""bagging_freq"": 1, ""cat_l2"": 0.0750558998512, ""cat_smooth"": 0.2749087238468, ""extra_trees"": true, ""feature_fraction"": 0.6722181067336, ""lambda_l1"": 0.6631118952798, ""lambda_l2"": 0.7669894419544, ""learning_rate"": 0.011346355764, ""max_cat_to_onehot"": 13, ""min_data_in_leaf"": 8, ""min_data_per_group"": 12, ""n_estimators"": 235, ""num_leaves"": 4}",d16f6217,r18,0.602784397341026,,0.03246365200000412,0.00768095699999094,,,,0.31996459530907856,0.79421768707483,0.17687074829931973,0.602784397341026,,,,,,,,,,
lightgbm,rel-f1,driver-top3,BINARY_CLASSIFICATION,0,30,roc_auc,cpu,False,"{""bagging_fraction"": 0.7637171496671, ""bagging_freq"": 1, ""cat_l2"": 1.6733394870119, ""cat_smooth"": 25.4110617183616, ""extra_trees"": true, ""feature_fraction"": 0.7219475266652, ""lambda_l1"": 0.2633960444995, ""lambda_l2"": 1.1766753953959, ""learning_rate"": 0.0546075727721, ""max_cat_to_onehot"": 88, ""min_data_in_leaf"": 1, ""min_data_per_group"": 5, ""n_estimators"": 74, ""num_leaves"": 3}",3c940a82,r19,0.46759599362132914,,0.01454697600000543,0.0070885049999986904,,,,0.24706743434730283,0.8078231292517006,0.16296296296296298,0.46759599362132914,,,,,,,,,,
lightgbm,rel-f1,driver-top3,BINARY_CLASSIFICATION,0,30,roc_auc,cpu,False,"{""bagging_fraction"": 0.9145568099117, ""bagging_freq"": 1, ""cat_l2"": 0.0688015432043, ""cat_smooth"": 0.4410365667971, ""extra_trees"": false, ""feature_fraction"": 0.4842104682476, ""lambda_l1"": 0.6789116421659, ""lambda_l2"": 0.2119046236149, ""learning_rate"": 0.007497093098, ""max_cat_to_onehot"": 78, ""min_data_in_leaf"": 57, ""min_data_per_group"": 21, ""n_estimators"": 353, ""num_leaves"": 17}",a3464b9d,r2,0.48967049506369703,,0.06726012500000422,0.00969090299999209,,,,0.26211490748954147,0.8078231292517006,0.16296296296296298,0.48967049506369703,,,,,,,,,,
lightgbm,rel-f1,driver-top3,BINARY_CLASSIFICATION,0,30,roc_auc,cpu,False,"{""bagging_fraction"": 0.766732967316, ""bagging_freq"": 1, ""cat_l2"": 0.2949769749976, ""cat_smooth"": 76.211749790676, ""extra_trees"": false, ""feature_fraction"": 0.9380027758242, ""lambda_l1"": 0.0207489343658, ""lambda_l2"": 1.6621138056269, ""learning_rate"": 0.0087194268009, ""max_cat_to_onehot"": 51, ""min_data_in_leaf"": 2, ""min_data_per_group"": 20, ""n_estimators"": 428, ""num_leaves"": 19}",8d3659ac,r20,0.5372328035691889,,0.1189790779999953,0.01086265600000047,,,,0.2949435157064117,0.7227891156462585,0.18090452261306533,0.5372328035691889,,,,,,,,,,
lightgbm,rel-f1,driver-top3,BINARY_CLASSIFICATION,0,30,roc_auc,cpu,False,"{""bagging_fraction"": 0.806683821355, ""bagging_freq"": 1, ""cat_l2"": 0.0082421437739, ""cat_smooth"": 0.0160008811562, ""extra_trees"": false, ""feature_fraction"": 0.5089787202952, ""lambda_l1"": 0.2184810145264, ""lambda_l2"": 0.9723705046664, ""learning_rate"": 0.0507096180332, ""max_cat_to_onehot"": 54, ""min_data_in_leaf"": 3, ""min_data_per_group"": 18, ""n_estimators"": 165, ""num_leaves"": 161}",a6d8d71e,r21,0.6371324649262691,,0.07601058699999896,0.00780876199999625,,,,0.3442527282877992,0.7448979591836735,0.336283185840708,0.6371324649262691,,,,,,,,,,
lightgbm,rel-f1,driver-top3,BINARY_CLASSIFICATION,0,30,roc_auc,cpu,False,"{""bagging_fraction"": 0.9821295835758, ""bagging_freq"": 1, ""cat_l2"": 0.1367124095637, ""cat_smooth"": 0.0031729973642, ""extra_trees"": true, ""feature_fraction"": 0.7074360779775, ""lambda_l1"": 0.4552232983118, ""lambda_l2"": 1.417125445225, ""learning_rate"": 0.0925784167972, ""max_cat_to_onehot"": 8, ""min_data_in_leaf"": 5, ""min_data_per_group"": 7, ""n_estimators"": 123, ""num_leaves"": 2}",38aedfa8,r22,0.6065650140653276,,0.01574905200000387,0.00720500799999968,,,,0.3200301909723753,0.7482993197278912,0.14942528735632185,0.6065650140653276,,,,,,,,,,
lightgbm,rel-f1,driver-top3,BINARY_CLASSIFICATION,0,30,roc_auc,cpu,False,"{""bagging_fraction"": 0.9295975761421, ""bagging_freq"": 1, ""cat_l2"": 0.1658867884192, ""cat_smooth"": 0.0012082259188, ""extra_trees"": false, ""feature_fraction"": 0.7482682823129, ""lambda_l1"": 0.8788818548033, ""lambda_l2"": 0.9963306369924, ""learning_rate"": 0.0662004421712, ""max_cat_to_onehot"": 15, ""min_data_in_leaf"": 1, ""min_data_per_group"": 44, ""n_estimators"": 510, ""num_leaves"": 23}",3e9b950f,r23,0.6433050832273208,,0.12081288600001017,0.009685584000010294,,,,0.3498438635096379,0.7448979591836735,0.336283185840708,0.6433050832273208,,,,,,,,,,
lightgbm,rel-f1,driver-top3,BINARY_CLASSIFICATION,0,30,roc_auc,cpu,False,"{""bagging_fraction"": 0.9245990859552, ""bagging_freq"": 1, ""cat_l2"": 1.592158021275, ""cat_smooth"": 44.4269586841343, ""extra_trees"": false, ""feature_fraction"": 0.872525293573, ""lambda_l1"": 0.492319014681, ""lambda_l2"": 1.6891157039359, ""learning_rate"": 0.0517998481756, ""max_cat_to_onehot"": 22, ""min_data_in_leaf"": 59, ""min_data_per_group"": 10, ""n_estimators"": 802, ""num_leaves"": 8}",0d0b00fe,r24,0.624186988228127,,0.11463758600000062,0.011367134000010992,,,,0.3347662531625361,0.7448979591836735,0.336283185840708,0.624186988228127,,,,,,,,,,
lightgbm,rel-f1,driver-top3,BINARY_CLASSIFICATION,0,30,roc_auc,cpu,True,"{""bagging_fraction"": 0.9711159219238, ""bagging_freq"": 1, ""cat_l2"": 0.0287842816393, ""cat_smooth"": 2.2365712242177, ""extra_trees"": false, ""feature_fraction"": 0.7638852760411, ""lambda_l1"": 0.7155896013433, ""lambda_l2"": 0.3887650116637, ""learning_rate"": 0.0956151137114, ""max_cat_to_onehot"": 23, ""min_data_in_leaf"": 5, ""min_data_per_group"": 8, ""n_estimators"": 132, ""num_leaves"": 117}",311db951,r25,0.6798480586264357,0.738888743729097,0.05691901600000904,0.007555392000000438,0.13915499100001227,0.008271530000001803,,0.3597871360815695,0.7448979591836735,0.336283185840708,0.6798480586264357,0.40863462694692854,0.7355371900826446,0.2781954887218045,0.738888743729097,,,,,,
lightgbm,rel-f1,driver-top3,BINARY_CLASSIFICATION,0,30,roc_auc,cpu,False,"{""bagging_fraction"": 0.7751868160582, ""bagging_freq"": 1, ""cat_l2"": 0.7205179793324, ""cat_smooth"": 0.2412048314858, ""extra_trees"": false, ""feature_fraction"": 0.5086905770421, ""lambda_l1"": 0.7774298210926, ""lambda_l2"": 0.7417685131559, ""learning_rate"": 0.006296404929, ""max_cat_to_onehot"": 41, ""min_data_in_leaf"": 17, ""min_data_per_group"": 4, ""n_estimators"": 197, ""num_leaves"": 50}",e3b85f93,r26,0.590896059916504,,0.051968575000003625,0.0077261969999966595,,,,0.31100495279478646,0.79421768707483,0.17687074829931973,0.590896059916504,,,,,,,,,,
lightgbm,rel-f1,driver-top3,BINARY_CLASSIFICATION,0,30,roc_auc,cpu,False,"{""bagging_fraction"": 0.9032235488416, ""bagging_freq"": 1, ""cat_l2"": 0.0484438463597, ""cat_smooth"": 0.2752154717585, ""extra_trees"": false, ""feature_fraction"": 0.8731273073839, ""lambda_l1"": 0.2594966220889, ""lambda_l2"": 0.3941888549433, ""learning_rate"": 0.0236586574252, ""max_cat_to_onehot"": 8, ""min_data_in_leaf"": 3, ""min_data_per_group"": 69, ""n_estimators"": 438, ""num_leaves"": 9}",d90cbc4e,r27,0.6401874182508824,,0.07638927400000739,0.008663161000001196,,,,0.33655210976158834,0.7448979591836735,0.336283185840708,0.6401874182508824,,,,,,,,,,
lightgbm,rel-f1,driver-top3,BINARY_CLASSIFICATION,0,30,roc_auc,cpu,False,"{""bagging_fraction"": 0.943127227378, ""bagging_freq"": 1, ""cat_l2"": 0.0089165711882, ""cat_smooth"": 0.196142976357, ""extra_trees"": false, ""feature_fraction"": 0.4341088458599, ""lambda_l1"": 0.3738757566188, ""lambda_l2"": 0.9197657819236, ""learning_rate"": 0.0125354274243, ""max_cat_to_onehot"": 23, ""min_data_in_leaf"": 1, ""min_data_per_group"": 16, ""n_estimators"": 165, ""num_leaves"": 65}",10f688c8,r28,0.6089390980272706,,0.06495855800000072,0.007611758000010127,,,,0.33666420327273605,0.79421768707483,0.17687074829931973,0.6089390980272706,,,,,,,,,,
lightgbm,rel-f1,driver-top3,BINARY_CLASSIFICATION,0,30,roc_auc,cpu,False,"{""bagging_fraction"": 0.8296444149774, ""bagging_freq"": 1, ""cat_l2"": 0.0231985345244, ""cat_smooth"": 0.419723324168, ""extra_trees"": true, ""feature_fraction"": 0.818198345035, ""lambda_l1"": 0.5876408752329, ""lambda_l2"": 0.0893201412781, ""learning_rate"": 0.0282078967013, ""max_cat_to_onehot"": 29, ""min_data_in_leaf"": 5, ""min_data_per_group"": 12, ""n_estimators"": 750, ""num_leaves"": 37}",fb774425,r29,0.58663166759241,,0.11308520699999747,0.010899352999999223,,,,0.31235878460234096,0.7227891156462585,0.18090452261306533,0.58663166759241,,,,,,,,,,
lightgbm,rel-f1,driver-top3,BINARY_CLASSIFICATION,0,30,roc_auc,cpu,False,"{""bagging_fraction"": 0.8808290128215, ""bagging_freq"": 1, ""cat_l2"": 1.0457234595842, ""cat_smooth"": 0.6921859910209, ""extra_trees"": true, ""feature_fraction"": 0.9220523550151, ""lambda_l1"": 0.7206605914604, ""lambda_l2"": 0.9472534786514, ""learning_rate"": 0.0132034424949, ""max_cat_to_onehot"": 25, ""min_data_in_leaf"": 15, ""min_data_per_group"": 7, ""n_estimators"": 335, ""num_leaves"": 35}",7ae6364f,r3,0.5960384153661464,,0.055311903000003326,0.008416528000012136,,,,0.314145150088653,0.79421768707483,0.17687074829931973,0.5960384153661464,,,,,,,,,,
lightgbm,rel-f1,driver-top3,BINARY_CLASSIFICATION,0,30,roc_auc,cpu,False,"{""bagging_fraction"": 0.9256403562964, ""bagging_freq"": 1, ""cat_l2"": 0.173468569422, ""cat_smooth"": 0.1622096133057, ""extra_trees"": true, ""feature_fraction"": 0.8672172375647, ""lambda_l1"": 0.2728946202342, ""lambda_l2"": 1.5996117895528, ""learning_rate"": 0.0885567275464, ""max_cat_to_onehot"": 31, ""min_data_in_leaf"": 54, ""min_data_per_group"": 63, ""n_estimators"": 395, ""num_leaves"": 6}",a691dd6f,r30,0.6236942538209312,,0.046948923000002196,0.008413838999999257,,,,0.3367921623332034,0.7227891156462585,0.18090452261306533,0.6236942538209312,,,,,,,,,,
lightgbm,rel-f1,driver-top3,BINARY_CLASSIFICATION,0,30,roc_auc,cpu,False,"{""bagging_fraction"": 0.8634649548991, ""bagging_freq"": 1, ""cat_l2"": 1.6087120636028, ""cat_smooth"": 42.4603130176821, ""extra_trees"": false, ""feature_fraction"": 0.6841648271642, ""lambda_l1"": 0.5820615900959, ""lambda_l2"": 0.3727460534192, ""learning_rate"": 0.0078289135266, ""max_cat_to_onehot"": 37, ""min_data_in_leaf"": 2, ""min_data_per_group"": 2, ""n_estimators"": 987, ""num_leaves"": 9}",1d48d1c9,r4,0.6025335507337264,,0.15759643299999482,0.013540809000005538,,,,0.32202705967122597,0.7227891156462585,0.18090452261306533,0.6025335507337264,,,,,,,,,,
lightgbm,rel-f1,driver-top3,BINARY_CLASSIFICATION,0,30,roc_auc,cpu,False,"{""bagging_fraction"": 0.8270964398017, ""bagging_freq"": 1, ""cat_l2"": 0.0497402357678, ""cat_smooth"": 0.0022655846367, ""extra_trees"": true, ""feature_fraction"": 0.8805464511878, ""lambda_l1"": 0.5374194921261, ""lambda_l2"": 1.4738626624402, ""learning_rate"": 0.009732329389, ""max_cat_to_onehot"": 78, ""min_data_in_leaf"": 4, ""min_data_per_group"": 24, ""n_estimators"": 285, ""num_leaves"": 44}",4f68409e,r5,0.4720126856712834,,0.04499810400000115,0.00863945799999044,,,,0.2587533669670393,0.8078231292517006,0.16296296296296298,0.4720126856712834,,,,,,,,,,
lightgbm,rel-f1,driver-top3,BINARY_CLASSIFICATION,0,30,roc_auc,cpu,False,"{""bagging_fraction"": 0.7951605226208, ""bagging_freq"": 1, ""cat_l2"": 0.2087627025057, ""cat_smooth"": 0.0018992120999, ""extra_trees"": true, ""feature_fraction"": 0.5907899076364, ""lambda_l1"": 0.2654629519904, ""lambda_l2"": 0.6372060480074, ""learning_rate"": 0.0086558049456, ""max_cat_to_onehot"": 44, ""min_data_in_leaf"": 11, ""min_data_per_group"": 11, ""n_estimators"": 164, ""num_leaves"": 56}",3c57d7d3,r6,0.5991739979573919,,0.03533953900000597,0.008855224000001272,,,,0.3185749486245965,0.79421768707483,0.17687074829931973,0.5991739979573919,,,,,,,,,,
lightgbm,rel-f1,driver-top3,BINARY_CLASSIFICATION,0,30,roc_auc,cpu,False,"{""bagging_fraction"": 0.9335036446078, ""bagging_freq"": 1, ""cat_l2"": 0.2830562687557, ""cat_smooth"": 0.1802171314263, ""extra_trees"": true, ""feature_fraction"": 0.6485577967088, ""lambda_l1"": 0.5232957286614, ""lambda_l2"": 1.3348540188894, ""learning_rate"": 0.0289761662926, ""max_cat_to_onehot"": 15, ""min_data_in_leaf"": 11, ""min_data_per_group"": 55, ""n_estimators"": 701, ""num_leaves"": 20}",134c98bb,r7,0.6216068516959022,,0.08860286899999892,0.010681933999990179,,,,0.324240155796371,0.7585034013605442,0.1839080459770115,0.6216068516959022,,,,,,,,,,
lightgbm,rel-f1,driver-top3,BINARY_CLASSIFICATION,0,30,roc_auc,cpu,False,"{""bagging_fraction"": 0.9848713160352, ""bagging_freq"": 1, ""cat_l2"": 1.6905546285477, ""cat_smooth"": 0.001258746648, ""extra_trees"": true, ""feature_fraction"": 0.4384884978093, ""lambda_l1"": 0.0940311167074, ""lambda_l2"": 0.2636825450225, ""learning_rate"": 0.0053104402291, ""max_cat_to_onehot"": 51, ""min_data_in_leaf"": 10, ""min_data_per_group"": 31, ""n_estimators"": 285, ""num_leaves"": 164}",42517afb,r8,0.595196287470212,,0.04244551500001137,0.008028299999992328,,,,0.3095632039558194,0.79421768707483,0.17687074829931973,0.595196287470212,,,,,,,,,,
lightgbm,rel-f1,driver-top3,BINARY_CLASSIFICATION,0,30,roc_auc,cpu,False,"{""bagging_fraction"": 0.898758060085, ""bagging_freq"": 1, ""cat_l2"": 0.964011246959, ""cat_smooth"": 0.1616421454928, ""extra_trees"": false, ""feature_fraction"": 0.815483271622, ""lambda_l1"": 0.5759889009066, ""lambda_l2"": 1.4326827755167, ""learning_rate"": 0.0599026240177, ""max_cat_to_onehot"": 91, ""min_data_in_leaf"": 2, ""min_data_per_group"": 6, ""n_estimators"": 702, ""num_leaves"": 39}",b7f5d391,r9,0.5778699539517299,,0.3000398909999973,0.016010977999997067,,,,0.3206821322204937,0.7091836734693877,0.3241106719367589,0.5778699539517299,,,,,,,,,,
lightgbm,rel-hm,item-sales,REGRESSION,0,30,mae,cpu,False,{},bf21a9e8,default,0.08540253661412989,0.07505138120963753,33.961040356,0.3208712759999912,38.78225707999991,0.27876646799995797,,,,,,,,,,-0.011751310984920993,0.08540253661412989,0.6661706903646718,-0.00674150859527467,0.07505138120963753,0.58466852586293
lightgbm,rel-hm,item-sales,REGRESSION,0,30,mae,cpu,False,"{""bagging_fraction"": 0.8646440511782, ""bagging_freq"": 1, ""cat_l2"": 0.2396763788772, ""cat_smooth"": 9.0912832806515, ""extra_trees"": true, ""feature_fraction"": 0.9742930953718, ""lambda_l1"": 0.5205254318032, ""lambda_l2"": 1.5172553870823, ""learning_rate"": 0.0095655183906, ""max_cat_to_onehot"": 21, ""min_data_in_leaf"": 1, ""min_data_per_group"": 38, ""n_estimators"": 885, ""num_leaves"": 13}",9ddece77,r1,0.08545646159474063,,169.19736708599999,1.6887168320000114,,,,,,,,,,,,-0.01551588769874579,0.08545646159474063,0.6674089008497934,,,
lightgbm,rel-hm,item-sales,REGRESSION,0,30,mae,cpu,False,"{""bagging_fraction"": 0.7040714906836, ""bagging_freq"": 1, ""cat_l2"": 0.1059359109832, ""cat_smooth"": 79.0557829290776, ""extra_trees"": true, ""feature_fraction"": 0.7399608725239, ""lambda_l1"": 0.9293032679565, ""lambda_l2"": 0.5788832452851, ""learning_rate"": 0.0050708289337, ""max_cat_to_onehot"": 15, ""min_data_in_leaf"": 53, ""min_data_per_group"": 48, ""n_estimators"": 398, ""num_leaves"": 14}",85d4ebc9,r10,0.08556944287954231,,74.29042212299987,0.914832535999949,,,,,,,,,,,,-0.015891088913340345,0.08556944287954231,0.6675321827736094,,,
lightgbm,rel-hm,item-sales,REGRESSION,0,30,mae,cpu,False,"{""bagging_fraction"": 0.8819179642384, ""bagging_freq"": 1, ""cat_l2"": 0.2028071332361, ""cat_smooth"": 0.9002514016925, ""extra_trees"": true, ""feature_fraction"": 0.9904253448185, ""lambda_l1"": 0.3523764300344, ""lambda_l2"": 1.0166800656129, ""learning_rate"": 0.0076046378471, ""max_cat_to_onehot"": 9, ""min_data_in_leaf"": 51, ""min_data_per_group"": 4, ""n_estimators"": 309, ""num_leaves"": 50}",eb5d77d2,r11,0.08516808515879383,,99.47383575399999,1.0918979479999962,,,,,,,,,,,,-0.014890640387012155,0.08516808515879383,0.667203409297396,,,
lightgbm,rel-hm,item-sales,REGRESSION,0,30,mae,cpu,False,"{""bagging_fraction"": 0.7057579594928, ""bagging_freq"": 1, ""cat_l2"": 0.0652607238611, ""cat_smooth"": 0.7440913299852, ""extra_trees"": true, ""feature_fraction"": 0.5562045565524, ""lambda_l1"": 0.4693022490728, ""lambda_l2"": 0.3337783413457, ""learning_rate"": 0.005523232486, ""max_cat_to_onehot"": 20, ""min_data_in_leaf"": 22, ""min_data_per_group"": 3, ""n_estimators"": 298, ""num_leaves"": 194}",97b0d170,r12,0.08522150078602551,,136.50931795399993,3.0689335130000472,,,,,,,,,,,,-0.014440983490169534,0.08522150078602551,0.6670555875317458,,,
lightgbm,rel-hm,item-sales,REGRESSION,0,30,mae,cpu,False,"{""bagging_fraction"": 0.7904724450024, ""bagging_freq"": 1, ""cat_l2"": 0.0112585288934, ""cat_smooth"": 1.8450328342775, ""extra_trees"": false, ""feature_fraction"": 0.7222135128255, ""lambda_l1"": 0.8411560157726, ""lambda_l2"": 1.5581241341161, ""learning_rate"": 0.0949138303247, ""max_cat_to_onehot"": 8, ""min_data_in_leaf"": 4, ""min_data_per_group"": 12, ""n_estimators"": 523, ""num_leaves"": 6}",b0f88568,r13,0.08559101954972172,,81.0693834000001,0.4675910850000946,,,,,,,,,,,,-0.01614047493720916,0.08559101954972172,0.667614112314713,,,
lightgbm,rel-hm,item-sales,REGRESSION,0,30,mae,cpu,True,"{""bagging_fraction"": 0.8980520612478, ""bagging_freq"": 1, ""cat_l2"": 0.0298619738506, ""cat_smooth"": 1.8218656600978, ""extra_trees"": false, ""feature_fraction"": 0.6687557031224, ""lambda_l1"": 0.9046572794351, ""lambda_l2"": 1.7298800978754, ""learning_rate"": 0.0152979229147, ""max_cat_to_onehot"": 14, ""min_data_in_leaf"": 7, ""min_data_per_group"": 61, ""n_estimators"": 223, ""num_leaves"": 45}",c9bdab03,r14,0.08469426711343372,0.07529516611068118,85.034189427,1.063917181999841,93.14491556999974,1.216661452000153,,,,,,,,,,-0.01119362048682726,0.08469426711343372,0.6659870640770325,-0.009752551284679,0.07529516611068118,0.5855422096774541
lightgbm,rel-hm,item-sales,REGRESSION,0,30,mae,cpu,False,"{""bagging_fraction"": 0.7870232821631, ""bagging_freq"": 1, ""cat_l2"": 0.1520732736224, ""cat_smooth"": 0.143579414226, ""extra_trees"": false, ""feature_fraction"": 0.4597414534665, ""lambda_l1"": 0.0376556278898, ""lambda_l2"": 0.8228523078385, ""learning_rate"": 0.0175995134195, ""max_cat_to_onehot"": 55, ""min_data_in_leaf"": 4, ""min_data_per_group"": 81, ""n_estimators"": 58, ""num_leaves"": 107}",5c4e94f9,r15,0.08530309833760286,,38.86541007899996,0.531703245000017,,,,,,,,,,,,-0.0144092049384692,0.08530309833760286,0.6670451393012244,,,
lightgbm,rel-hm,item-sales,REGRESSION,0,30,mae,cpu,False,"{""bagging_fraction"": 0.9252532736885, ""bagging_freq"": 1, ""cat_l2"": 0.0185425303217, ""cat_smooth"": 0.0026697944708, ""extra_trees"": true, ""feature_fraction"": 0.4403497788779, ""lambda_l1"": 0.990339913502, ""lambda_l2"": 1.5167814698069, ""learning_rate"": 0.032907451476, ""max_cat_to_onehot"": 89, ""min_data_in_leaf"": 2, ""min_data_per_group"": 10, ""n_estimators"": 665, ""num_leaves"": 12}",66abad1a,r16,0.08490037563470833,,103.53570108600002,1.3088857889999872,,,,,,,,,,,,-0.011917462266770817,0.08490037563470833,0.6662253878822773,,,
lightgbm,rel-hm,item-sales,REGRESSION,0,30,mae,cpu,False,"{""bagging_fraction"": 0.9893469303368, ""bagging_freq"": 1, ""cat_l2"": 0.1517170923124, ""cat_smooth"": 0.0019146599966, ""extra_trees"": true, ""feature_fraction"": 0.8076356640991, ""lambda_l1"": 0.2169752947, ""lambda_l2"": 0.6401022999299, ""learning_rate"": 0.0682833284969, ""max_cat_to_onehot"": 45, ""min_data_in_leaf"": 2, ""min_data_per_group"": 8, ""n_estimators"": 71, ""num_leaves"": 27}",e3bf995d,r17,0.0851044845903313,,28.269083330000058,0.3068673040002068,,,,,,,,,,,,-0.012611636683807825,0.0851044845903313,0.6664538636967846,,,
lightgbm,rel-hm,item-sales,REGRESSION,0,30,mae,cpu,False,"{""bagging_fraction"": 0.8662727305253, ""bagging_freq"": 1, ""cat_l2"": 0.0750558998512, ""cat_smooth"": 0.2749087238468, ""extra_trees"": true, ""feature_fraction"": 0.6722181067336, ""lambda_l1"": 0.6631118952798, ""lambda_l2"": 0.7669894419544, ""learning_rate"": 0.011346355764, ""max_cat_to_onehot"": 13, ""min_data_in_leaf"": 8, ""min_data_per_group"": 12, ""n_estimators"": 235, ""num_leaves"": 4}",d16f6217,r18,0.08568896769291524,,38.94080825600008,0.33020051899984537,,,,,,,,,,,,-0.01670986088661297,0.08568896769291524,0.6678011321553611,,,
lightgbm,rel-hm,item-sales,REGRESSION,0,30,mae,cpu,False,"{""bagging_fraction"": 0.7637171496671, ""bagging_freq"": 1, ""cat_l2"": 1.6733394870119, ""cat_smooth"": 25.4110617183616, ""extra_trees"": true, ""feature_fraction"": 0.7219475266652, ""lambda_l1"": 0.2633960444995, ""lambda_l2"": 1.1766753953959, ""learning_rate"": 0.0546075727721, ""max_cat_to_onehot"": 88, ""min_data_in_leaf"": 1, ""min_data_per_group"": 5, ""n_estimators"": 74, ""num_leaves"": 3}",3c940a82,r19,0.08568722545971923,,20.362084717000016,0.21017598100002033,,,,,,,,,,,,-0.016726594790234417,0.08568722545971923,0.6678066277614491,,,
lightgbm,rel-hm,item-sales,REGRESSION,0,30,mae,cpu,False,"{""bagging_fraction"": 0.9145568099117, ""bagging_freq"": 1, ""cat_l2"": 0.0688015432043, ""cat_smooth"": 0.4410365667971, ""extra_trees"": false, ""feature_fraction"": 0.4842104682476, ""lambda_l1"": 0.6789116421659, ""lambda_l2"": 0.2119046236149, ""learning_rate"": 0.007497093098, ""max_cat_to_onehot"": 78, ""min_data_in_leaf"": 57, ""min_data_per_group"": 21, ""n_estimators"": 353, ""num_leaves"": 17}",a3464b9d,r2,0.0854954117256442,,66.60591076500003,0.7510705400000006,,,,,,,,,,,,-0.015639916306683155,0.0854954117256442,0.6674496561302213,,,
lightgbm,rel-hm,item-sales,REGRESSION,0,30,mae,cpu,False,"{""bagging_fraction"": 0.766732967316, ""bagging_freq"": 1, ""cat_l2"": 0.2949769749976, ""cat_smooth"": 76.211749790676, ""extra_trees"": false, ""feature_fraction"": 0.9380027758242, ""lambda_l1"": 0.0207489343658, ""lambda_l2"": 1.6621138056269, ""learning_rate"": 0.0087194268009, ""max_cat_to_onehot"": 51, ""min_data_in_leaf"": 2, ""min_data_per_group"": 20, ""n_estimators"": 428, ""num_leaves"": 19}",8d3659ac,r20,0.08526184701617673,,91.39423343900012,0.8321344359997056,,,,,,,,,,,,-0.014462904706631141,0.08526184701617673,0.6670627947479216,,,
lightgbm,rel-hm,item-sales,REGRESSION,0,30,mae,cpu,False,"{""bagging_fraction"": 0.806683821355, ""bagging_freq"": 1, ""cat_l2"": 0.0082421437739, ""cat_smooth"": 0.0160008811562, ""extra_trees"": false, ""feature_fraction"": 0.5089787202952, ""lambda_l1"": 0.2184810145264, ""lambda_l2"": 0.9723705046664, ""learning_rate"": 0.0507096180332, ""max_cat_to_onehot"": 54, ""min_data_in_leaf"": 3, ""min_data_per_group"": 18, ""n_estimators"": 165, ""num_leaves"": 161}",a6d8d71e,r21,0.08472783293628451,,140.5186794450001,4.682312085999911,,,,,,,,,,,,-0.009099333725336889,0.08472783293628451,0.6652970425077829,,,
lightgbm,rel-hm,item-sales,REGRESSION,0,30,mae,cpu,False,"{""bagging_fraction"": 0.9821295835758, ""bagging_freq"": 1, ""cat_l2"": 0.1367124095637, ""cat_smooth"": 0.0031729973642, ""extra_trees"": true, ""feature_fraction"": 0.7074360779775, ""lambda_l1"": 0.4552232983118, ""lambda_l2"": 1.417125445225, ""learning_rate"": 0.0925784167972, ""max_cat_to_onehot"": 8, ""min_data_in_leaf"": 5, ""min_data_per_group"": 7, ""n_estimators"": 123, ""num_leaves"": 2}",38aedfa8,r22,0.08569022180582607,,23.396103438999944,0.20851238700015529,,,,,,,,,,,,-0.016740378289115343,0.08569022180582607,0.6678111543867765,,,
lightgbm,rel-hm,item-sales,REGRESSION,0,30,mae,cpu,False,"{""bagging_fraction"": 0.9295975761421, ""bagging_freq"": 1, ""cat_l2"": 0.1658867884192, ""cat_smooth"": 0.0012082259188, ""extra_trees"": false, ""feature_fraction"": 0.7482682823129, ""lambda_l1"": 0.8788818548033, ""lambda_l2"": 0.9963306369924, ""learning_rate"": 0.0662004421712, ""max_cat_to_onehot"": 15, ""min_data_in_leaf"": 1, ""min_data_per_group"": 44, ""n_estimators"": 510, ""num_leaves"": 23}",3e9b950f,r23,0.08486218870285574,,125.03883688799988,1.553030122999644,,,,,,,,,,,,-0.009500191624742804,0.08486218870285574,0.6654291717670784,,,
lightgbm,rel-hm,item-sales,REGRESSION,0,30,mae,cpu,False,"{""bagging_fraction"": 0.9245990859552, ""bagging_freq"": 1, ""cat_l2"": 1.592158021275, ""cat_smooth"": 44.4269586841343, ""extra_trees"": false, ""feature_fraction"": 0.872525293573, ""lambda_l1"": 0.492319014681, ""lambda_l2"": 1.6891157039359, ""learning_rate"": 0.0517998481756, ""max_cat_to_onehot"": 22, ""min_data_in_leaf"": 59, ""min_data_per_group"": 10, ""n_estimators"": 802, ""num_leaves"": 8}",0d0b00fe,r24,0.08546507169770262,,130.78963922499997,0.7898141880000367,,,,,,,,,,,,-0.014944992596450657,0.08546507169770262,0.6672212750124213,,,
lightgbm,rel-hm,item-sales,REGRESSION,0,30,mae,cpu,False,"{""bagging_fraction"": 0.9711159219238, ""bagging_freq"": 1, ""cat_l2"": 0.0287842816393, ""cat_smooth"": 2.2365712242177, ""extra_trees"": false, ""feature_fraction"": 0.7638852760411, ""lambda_l1"": 0.7155896013433, ""lambda_l2"": 0.3887650116637, ""learning_rate"": 0.0956151137114, ""max_cat_to_onehot"": 23, ""min_data_in_leaf"": 5, ""min_data_per_group"": 8, ""n_estimators"": 132, ""num_leaves"": 117}",311db951,r25,0.0849432220327258,,97.55714451099993,1.40178088499988,,,,,,,,,,,,-0.006653184810131441,0.0849432220327258,0.6644901828495636,,,
lightgbm,rel-hm,item-sales,REGRESSION,0,30,mae,cpu,False,"{""bagging_fraction"": 0.7751868160582, ""bagging_freq"": 1, ""cat_l2"": 0.7205179793324, ""cat_smooth"": 0.2412048314858, ""extra_trees"": false, ""feature_fraction"": 0.5086905770421, ""lambda_l1"": 0.7774298210926, ""lambda_l2"": 0.7417685131559, ""learning_rate"": 0.006296404929, ""max_cat_to_onehot"": 41, ""min_data_in_leaf"": 17, ""min_data_per_group"": 4, ""n_estimators"": 197, ""num_leaves"": 50}",e3b85f93,r26,0.08531460728750163,,78.29158215299958,1.2340340249998007,,,,,,,,,,,,-0.014559276545464517,0.08531460728750163,0.6670944787755786,,,
lightgbm,rel-hm,item-sales,REGRESSION,0,30,mae,cpu,False,"{""bagging_fraction"": 0.9032235488416, ""bagging_freq"": 1, ""cat_l2"": 0.0484438463597, ""cat_smooth"": 0.2752154717585, ""extra_trees"": false, ""feature_fraction"": 0.8731273073839, ""lambda_l1"": 0.2594966220889, ""lambda_l2"": 0.3941888549433, ""learning_rate"": 0.0236586574252, ""max_cat_to_onehot"": 8, ""min_data_in_leaf"": 3, ""min_data_per_group"": 69, ""n_estimators"": 438, ""num_leaves"": 9}",d90cbc4e,r27,0.08558712107173608,,79.9946832820001,0.4339983059999213,,,,,,,,,,,,-0.016087871917933816,0.08558712107173608,0.6675968317450499,,,
lightgbm,rel-hm,item-sales,REGRESSION,0,30,mae,cpu,False,"{""bagging_fraction"": 0.943127227378, ""bagging_freq"": 1, ""cat_l2"": 0.0089165711882, ""cat_smooth"": 0.196142976357, ""extra_trees"": false, ""feature_fraction"": 0.4341088458599, ""lambda_l1"": 0.3738757566188, ""lambda_l2"": 0.9197657819236, ""learning_rate"": 0.0125354274243, ""max_cat_to_onehot"": 23, ""min_data_in_leaf"": 1, ""min_data_per_group"": 16, ""n_estimators"": 165, ""num_leaves"": 65}",10f688c8,r28,0.08509662225190796,,74.48975057200005,1.2543147520000275,,,,,,,,,,,,-0.012763742658506771,0.08509662225190796,0.6665039163548552,,,
lightgbm,rel-hm,item-sales,REGRESSION,0,30,mae,cpu,False,"{""bagging_fraction"": 0.8296444149774, ""bagging_freq"": 1, ""cat_l2"": 0.0231985345244, ""cat_smooth"": 0.419723324168, ""extra_trees"": true, ""feature_fraction"": 0.818198345035, ""lambda_l1"": 0.5876408752329, ""lambda_l2"": 0.0893201412781, ""learning_rate"": 0.0282078967013, ""max_cat_to_onehot"": 29, ""min_data_in_leaf"": 5, ""min_data_per_group"": 12, ""n_estimators"": 750, ""num_leaves"": 37}",fb774425,r29,0.08490539800698695,,206.8276394579998,3.753619690999585,,,,,,,,,,,,-0.012245711686379002,0.08490539800698695,0.6663334354124479,,,
lightgbm,rel-hm,item-sales,REGRESSION,0,30,mae,cpu,False,"{""bagging_fraction"": 0.8808290128215, ""bagging_freq"": 1, ""cat_l2"": 1.0457234595842, ""cat_smooth"": 0.6921859910209, ""extra_trees"": true, ""feature_fraction"": 0.9220523550151, ""lambda_l1"": 0.7206605914604, ""lambda_l2"": 0.9472534786514, ""learning_rate"": 0.0132034424949, ""max_cat_to_onehot"": 25, ""min_data_in_leaf"": 15, ""min_data_per_group"": 7, ""n_estimators"": 335, ""num_leaves"": 35}",7ae6364f,r3,0.08483797985403077,,95.819586915,1.0347804419999989,,,,,,,,,,,,-0.012989958687519287,0.08483797985403077,0.6665783490406165,,,
lightgbm,rel-hm,item-sales,REGRESSION,0,30,mae,cpu,False,"{""bagging_fraction"": 0.9256403562964, ""bagging_freq"": 1, ""cat_l2"": 0.173468569422, ""cat_smooth"": 0.1622096133057, ""extra_trees"": true, ""feature_fraction"": 0.8672172375647, ""lambda_l1"": 0.2728946202342, ""lambda_l2"": 1.5996117895528, ""learning_rate"": 0.0885567275464, ""max_cat_to_onehot"": 31, ""min_data_in_leaf"": 54, ""min_data_per_group"": 63, ""n_estimators"": 395, ""num_leaves"": 6}",a691dd6f,r30,0.08560056501834395,,67.25611135500003,0.575887947999945,,,,,,,,,,,,-0.015884724560055297,0.08560056501834395,0.6675300917929223,,,
lightgbm,rel-hm,item-sales,REGRESSION,0,30,mae,cpu,False,"{""bagging_fraction"": 0.8634649548991, ""bagging_freq"": 1, ""cat_l2"": 1.6087120636028, ""cat_smooth"": 42.4603130176821, ""extra_trees"": false, ""feature_fraction"": 0.6841648271642, ""lambda_l1"": 0.5820615900959, ""lambda_l2"": 0.3727460534192, ""learning_rate"": 0.0078289135266, ""max_cat_to_onehot"": 37, ""min_data_in_leaf"": 2, ""min_data_per_group"": 2, ""n_estimators"": 987, ""num_leaves"": 9}",1d48d1c9,r4,0.08534647124746375,,158.07678600500003,1.4705979059999663,,,,,,,,,,,,-0.014588032680228569,0.08534647124746375,0.6671039325961925,,,
lightgbm,rel-hm,item-sales,REGRESSION,0,30,mae,cpu,False,"{""bagging_fraction"": 0.8270964398017, ""bagging_freq"": 1, ""cat_l2"": 0.0497402357678, ""cat_smooth"": 0.0022655846367, ""extra_trees"": true, ""feature_fraction"": 0.8805464511878, ""lambda_l1"": 0.5374194921261, ""lambda_l2"": 1.4738626624402, ""learning_rate"": 0.009732329389, ""max_cat_to_onehot"": 78, ""min_data_in_leaf"": 4, ""min_data_per_group"": 24, ""n_estimators"": 285, ""num_leaves"": 44}",4f68409e,r5,0.08508924592295761,,94.22518045699996,1.0290798400000085,,,,,,,,,,,,-0.014355782737718314,0.08508924592295761,0.6670275746496295,,,
lightgbm,rel-hm,item-sales,REGRESSION,0,30,mae,cpu,False,"{""bagging_fraction"": 0.7951605226208, ""bagging_freq"": 1, ""cat_l2"": 0.2087627025057, ""cat_smooth"": 0.0018992120999, ""extra_trees"": true, ""feature_fraction"": 0.5907899076364, ""lambda_l1"": 0.2654629519904, ""lambda_l2"": 0.6372060480074, ""learning_rate"": 0.0086558049456, ""max_cat_to_onehot"": 44, ""min_data_in_leaf"": 11, ""min_data_per_group"": 11, ""n_estimators"": 164, ""num_leaves"": 56}",3c57d7d3,r6,0.0851404842913926,,58.55295465200004,0.7043851749999703,,,,,,,,,,,,-0.014473409146961158,0.0851404842913926,0.6670662483503905,,,
lightgbm,rel-hm,item-sales,REGRESSION,0,30,mae,cpu,False,"{""bagging_fraction"": 0.9335036446078, ""bagging_freq"": 1, ""cat_l2"": 0.2830562687557, ""cat_smooth"": 0.1802171314263, ""extra_trees"": true, ""feature_fraction"": 0.6485577967088, ""lambda_l1"": 0.5232957286614, ""lambda_l2"": 1.3348540188894, ""learning_rate"": 0.0289761662926, ""max_cat_to_onehot"": 15, ""min_data_in_leaf"": 11, ""min_data_per_group"": 55, ""n_estimators"": 701, ""num_leaves"": 20}",134c98bb,r7,0.08475434563235566,,143.61309405099996,1.6439552809999896,,,,,,,,,,,,-0.01129359320939205,0.08475434563235566,0.6660199850197096,,,
lightgbm,rel-hm,item-sales,REGRESSION,0,30,mae,cpu,False,"{""bagging_fraction"": 0.9848713160352, ""bagging_freq"": 1, ""cat_l2"": 1.6905546285477, ""cat_smooth"": 0.001258746648, ""extra_trees"": true, ""feature_fraction"": 0.4384884978093, ""lambda_l1"": 0.0940311167074, ""lambda_l2"": 0.2636825450225, ""learning_rate"": 0.0053104402291, ""max_cat_to_onehot"": 51, ""min_data_in_leaf"": 10, ""min_data_per_group"": 31, ""n_estimators"": 285, ""num_leaves"": 164}",42517afb,r8,0.08532290767281403,,138.20881531099997,3.7171672819999912,,,,,,,,,,,,-0.01487521308691031,0.08532290767281403,0.6671983382158768,,,
lightgbm,rel-hm,item-sales,REGRESSION,0,30,mae,cpu,False,"{""bagging_fraction"": 0.898758060085, ""bagging_freq"": 1, ""cat_l2"": 0.964011246959, ""cat_smooth"": 0.1616421454928, ""extra_trees"": false, ""feature_fraction"": 0.815483271622, ""lambda_l1"": 0.5759889009066, ""lambda_l2"": 1.4326827755167, ""learning_rate"": 0.0599026240177, ""max_cat_to_onehot"": 91, ""min_data_in_leaf"": 2, ""min_data_per_group"": 6, ""n_estimators"": 702, ""num_leaves"": 39}",b7f5d391,r9,0.08489695468434565,,229.95673659399995,4.901595256000064,,,,,,,,,,,,-0.00942299703812699,0.08489695468434565,0.6654037292202146,,,
lightgbm,rel-hm,user-churn,BINARY_CLASSIFICATION,0,30,roc_auc,cpu,False,{},bf21a9e8,default,0.5899839721822282,0.5876615381493097,20.517453051999993,0.7758712269999961,19.802245747000143,0.8041006759999618,,0.8543819414328171,0.814723862270756,0.8973928643768627,0.5899839721822282,0.8643640128976983,0.8279718404290982,0.9053901577445261,0.5876615381493097,,,,,,
lightgbm,rel-hm,user-churn,BINARY_CLASSIFICATION,0,30,roc_auc,cpu,False,"{""bagging_fraction"": 0.8646440511782, ""bagging_freq"": 1, ""cat_l2"": 0.2396763788772, ""cat_smooth"": 9.0912832806515, ""extra_trees"": true, ""feature_fraction"": 0.9742930953718, ""lambda_l1"": 0.5205254318032, ""lambda_l2"": 1.5172553870823, ""learning_rate"": 0.0095655183906, ""max_cat_to_onehot"": 21, ""min_data_in_leaf"": 1, ""min_data_per_group"": 38, ""n_estimators"": 885, ""num_leaves"": 13}",9ddece77,r1,0.581384499445316,,79.74958877199998,2.3394806960000096,,,,0.8530042689759936,0.8137703119285229,0.8971868261832132,0.581384499445316,,,,,,,,,,
lightgbm,rel-hm,user-churn,BINARY_CLASSIFICATION,0,30,roc_auc,cpu,False,"{""bagging_fraction"": 0.7040714906836, ""bagging_freq"": 1, ""cat_l2"": 0.1059359109832, ""cat_smooth"": 79.0557829290776, ""extra_trees"": true, ""feature_fraction"": 0.7399608725239, ""lambda_l1"": 0.9293032679565, ""lambda_l2"": 0.5788832452851, ""learning_rate"": 0.0050708289337, ""max_cat_to_onehot"": 15, ""min_data_in_leaf"": 53, ""min_data_per_group"": 48, ""n_estimators"": 398, ""num_leaves"": 14}",85d4ebc9,r10,0.5644059209765869,,30.448180541999932,0.7702808579999783,,,,0.8474575059775001,0.8128428862532002,0.8967559699664212,0.5644059209765869,,,,,,,,,,
lightgbm,rel-hm,user-churn,BINARY_CLASSIFICATION,0,30,roc_auc,cpu,False,"{""bagging_fraction"": 0.8819179642384, ""bagging_freq"": 1, ""cat_l2"": 0.2028071332361, ""cat_smooth"": 0.9002514016925, ""extra_trees"": true, ""feature_fraction"": 0.9904253448185, ""lambda_l1"": 0.3523764300344, ""lambda_l2"": 1.0166800656129, ""learning_rate"": 0.0076046378471, ""max_cat_to_onehot"": 9, ""min_data_in_leaf"": 51, ""min_data_per_group"": 4, ""n_estimators"": 309, ""num_leaves"": 50}",eb5d77d2,r11,0.5807859604939847,,63.02844076200006,1.3575491609999517,,,,0.8505141332010613,0.8137703119285229,0.8971853433044632,0.5807859604939847,,,,,,,,,,
lightgbm,rel-hm,user-churn,BINARY_CLASSIFICATION,0,30,roc_auc,cpu,False,"{""bagging_fraction"": 0.7057579594928, ""bagging_freq"": 1, ""cat_l2"": 0.0652607238611, ""cat_smooth"": 0.7440913299852, ""extra_trees"": true, ""feature_fraction"": 0.5562045565524, ""lambda_l1"": 0.4693022490728, ""lambda_l2"": 0.3337783413457, ""learning_rate"": 0.005523232486, ""max_cat_to_onehot"": 20, ""min_data_in_leaf"": 22, ""min_data_per_group"": 3, ""n_estimators"": 298, ""num_leaves"": 194}",97b0d170,r12,0.5812626604439339,,128.24149548700007,3.523592270999984,,,,0.8500216152582558,0.8137050002612467,0.8971559606564943,0.5812626604439339,,,,,,,,,,
lightgbm,rel-hm,user-churn,BINARY_CLASSIFICATION,0,30,roc_auc,cpu,False,"{""bagging_fraction"": 0.7904724450024, ""bagging_freq"": 1, ""cat_l2"": 0.0112585288934, ""cat_smooth"": 1.8450328342775, ""extra_trees"": false, ""feature_fraction"": 0.7222135128255, ""lambda_l1"": 0.8411560157726, ""lambda_l2"": 1.5581241341161, ""learning_rate"": 0.0949138303247, ""max_cat_to_onehot"": 8, ""min_data_in_leaf"": 4, ""min_data_per_group"": 12, ""n_estimators"": 523, ""num_leaves"": 6}",b0f88568,r13,0.5846750854832368,,33.64303878099997,0.8829154900000731,,,,0.8519848561523762,0.8140315585976279,0.8970965573569059,0.5846750854832368,,,,,,,,,,
lightgbm,rel-hm,user-churn,BINARY_CLASSIFICATION,0,30,roc_auc,cpu,False,"{""bagging_fraction"": 0.8980520612478, ""bagging_freq"": 1, ""cat_l2"": 0.0298619738506, ""cat_smooth"": 1.8218656600978, ""extra_trees"": false, ""feature_fraction"": 0.6687557031224, ""lambda_l1"": 0.9046572794351, ""lambda_l2"": 1.7298800978754, ""learning_rate"": 0.0152979229147, ""max_cat_to_onehot"": 14, ""min_data_in_leaf"": 7, ""min_data_per_group"": 61, ""n_estimators"": 223, ""num_leaves"": 45}",c9bdab03,r14,0.5871224509185753,,42.43991664199996,1.1852901500000144,,,,0.8531285067326111,0.8142797429332777,0.8973518539909899,0.5871224509185753,,,,,,,,,,
lightgbm,rel-hm,user-churn,BINARY_CLASSIFICATION,0,30,roc_auc,cpu,False,"{""bagging_fraction"": 0.7870232821631, ""bagging_freq"": 1, ""cat_l2"": 0.1520732736224, ""cat_smooth"": 0.143579414226, ""extra_trees"": false, ""feature_fraction"": 0.4597414534665, ""lambda_l1"": 0.0376556278898, ""lambda_l2"": 0.8228523078385, ""learning_rate"": 0.0175995134195, ""max_cat_to_onehot"": 55, ""min_data_in_leaf"": 4, ""min_data_per_group"": 81, ""n_estimators"": 58, ""num_leaves"": 107}",5c4e94f9,r15,0.5788629638261256,,16.856289091999997,0.4919141469999886,,,,0.8497438414759013,0.8128036992528346,0.8967365849792118,0.5788629638261256,,,,,,,,,,
lightgbm,rel-hm,user-churn,BINARY_CLASSIFICATION,0,30,roc_auc,cpu,False,"{""bagging_fraction"": 0.9252532736885, ""bagging_freq"": 1, ""cat_l2"": 0.0185425303217, ""cat_smooth"": 0.0026697944708, ""extra_trees"": true, ""feature_fraction"": 0.4403497788779, ""lambda_l1"": 0.990339913502, ""lambda_l2"": 1.5167814698069, ""learning_rate"": 0.032907451476, ""max_cat_to_onehot"": 89, ""min_data_in_leaf"": 2, ""min_data_per_group"": 10, ""n_estimators"": 665, ""num_leaves"": 12}",66abad1a,r16,0.5782769643132035,,48.61276343399993,1.3433390299999246,,,,0.8503735335967452,0.8134960029259627,0.8970405838068591,0.5782769643132035,,,,,,,,,,
lightgbm,rel-hm,user-churn,BINARY_CLASSIFICATION,0,30,roc_auc,cpu,False,"{""bagging_fraction"": 0.9893469303368, ""bagging_freq"": 1, ""cat_l2"": 0.1517170923124, ""cat_smooth"": 0.0019146599966, ""extra_trees"": true, ""feature_fraction"": 0.8076356640991, ""lambda_l1"": 0.2169752947, ""lambda_l2"": 0.6401022999299, ""learning_rate"": 0.0682833284969, ""max_cat_to_onehot"": 45, ""min_data_in_leaf"": 2, ""min_data_per_group"": 8, ""n_estimators"": 71, ""num_leaves"": 27}",e3bf995d,r17,0.574999101622465,,13.435281037000095,0.3614779010001712,,,,0.8485246272026679,0.8133784419248654,0.8969853413032036,0.574999101622465,,,,,,,,,,
lightgbm,rel-hm,user-churn,BINARY_CLASSIFICATION,0,30,roc_auc,cpu,False,"{""bagging_fraction"": 0.8662727305253, ""bagging_freq"": 1, ""cat_l2"": 0.0750558998512, ""cat_smooth"": 0.2749087238468, ""extra_trees"": true, ""feature_fraction"": 0.6722181067336, ""lambda_l1"": 0.6631118952798, ""lambda_l2"": 0.7669894419544, ""learning_rate"": 0.011346355764, ""max_cat_to_onehot"": 13, ""min_data_in_leaf"": 8, ""min_data_per_group"": 12, ""n_estimators"": 235, ""num_leaves"": 4}",d16f6217,r18,0.5609165256302246,,16.964288929000077,0.3533302329999515,,,,0.843018985227977,0.8128036992528346,0.8967365849792118,0.5609165256302246,,,,,,,,,,
lightgbm,rel-hm,user-churn,BINARY_CLASSIFICATION,0,30,roc_auc,cpu,False,"{""bagging_fraction"": 0.7637171496671, ""bagging_freq"": 1, ""cat_l2"": 1.6733394870119, ""cat_smooth"": 25.4110617183616, ""extra_trees"": true, ""feature_fraction"": 0.7219475266652, ""lambda_l1"": 0.2633960444995, ""lambda_l2"": 1.1766753953959, ""learning_rate"": 0.0546075727721, ""max_cat_to_onehot"": 88, ""min_data_in_leaf"": 1, ""min_data_per_group"": 5, ""n_estimators"": 74, ""num_leaves"": 3}",3c940a82,r19,0.5644030479627071,,6.678172499000084,0.29477320099999815,,,,0.8453706330291877,0.8128036992528346,0.8967365849792118,0.5644030479627071,,,,,,,,,,
lightgbm,rel-hm,user-churn,BINARY_CLASSIFICATION,0,30,roc_auc,cpu,False,"{""bagging_fraction"": 0.9145568099117, ""bagging_freq"": 1, ""cat_l2"": 0.0688015432043, ""cat_smooth"": 0.4410365667971, ""extra_trees"": false, ""feature_fraction"": 0.4842104682476, ""lambda_l1"": 0.6789116421659, ""lambda_l2"": 0.2119046236149, ""learning_rate"": 0.007497093098, ""max_cat_to_onehot"": 78, ""min_data_in_leaf"": 57, ""min_data_per_group"": 21, ""n_estimators"": 353, ""num_leaves"": 17}",a3464b9d,r2,0.5736841309072739,,32.855660293,0.6873034450000262,,,,0.8474450957663177,0.8129996342546633,0.8968305443853505,0.5736841309072739,,,,,,,,,,
lightgbm,rel-hm,user-churn,BINARY_CLASSIFICATION,0,30,roc_auc,cpu,False,"{""bagging_fraction"": 0.766732967316, ""bagging_freq"": 1, ""cat_l2"": 0.2949769749976, ""cat_smooth"": 76.211749790676, ""extra_trees"": false, ""feature_fraction"": 0.9380027758242, ""lambda_l1"": 0.0207489343658, ""lambda_l2"": 1.6621138056269, ""learning_rate"": 0.0087194268009, ""max_cat_to_onehot"": 51, ""min_data_in_leaf"": 2, ""min_data_per_group"": 20, ""n_estimators"": 428, ""num_leaves"": 19}",8d3659ac,r20,0.5710295860715346,,37.52005079000014,0.9420574390001093,,,,0.8495845562655484,0.812882073253566,0.8967634531814153,0.5710295860715346,,,,,,,,,,
lightgbm,rel-hm,user-churn,BINARY_CLASSIFICATION,0,30,roc_auc,cpu,False,"{""bagging_fraction"": 0.806683821355, ""bagging_freq"": 1, ""cat_l2"": 0.0082421437739, ""cat_smooth"": 0.0160008811562, ""extra_trees"": false, ""feature_fraction"": 0.5089787202952, ""lambda_l1"": 0.2184810145264, ""lambda_l2"": 0.9723705046664, ""learning_rate"": 0.0507096180332, ""max_cat_to_onehot"": 54, ""min_data_in_leaf"": 3, ""min_data_per_group"": 18, ""n_estimators"": 165, ""num_leaves"": 161}",a6d8d71e,r21,0.5892578235310658,,89.50183740299985,3.904312108999875,,,,0.8539351882776136,0.8135613145932389,0.8964110752258955,0.5892578235310658,,,,,,,,,,
lightgbm,rel-hm,user-churn,BINARY_CLASSIFICATION,0,30,roc_auc,cpu,False,"{""bagging_fraction"": 0.9821295835758, ""bagging_freq"": 1, ""cat_l2"": 0.1367124095637, ""cat_smooth"": 0.0031729973642, ""extra_trees"": true, ""feature_fraction"": 0.7074360779775, ""lambda_l1"": 0.4552232983118, ""lambda_l2"": 1.417125445225, ""learning_rate"": 0.0925784167972, ""max_cat_to_onehot"": 8, ""min_data_in_leaf"": 5, ""min_data_per_group"": 7, ""n_estimators"": 123, ""num_leaves"": 2}",38aedfa8,r22,0.5623324129203875,,7.923215238000012,0.28641779999998107,,,,0.8425010154111243,0.8128036992528346,0.8967365849792118,0.5623324129203875,,,,,,,,,,
lightgbm,rel-hm,user-churn,BINARY_CLASSIFICATION,0,30,roc_auc,cpu,False,"{""bagging_fraction"": 0.9295975761421, ""bagging_freq"": 1, ""cat_l2"": 0.1658867884192, ""cat_smooth"": 0.0012082259188, ""extra_trees"": false, ""feature_fraction"": 0.7482682823129, ""lambda_l1"": 0.8788818548033, ""lambda_l2"": 0.9963306369924, ""learning_rate"": 0.0662004421712, ""max_cat_to_onehot"": 15, ""min_data_in_leaf"": 1, ""min_data_per_group"": 44, ""n_estimators"": 510, ""num_leaves"": 23}",3e9b950f,r23,0.5858279641643663,,72.32734052199999,3.1451396750001095,,,,0.852199725534079,0.8142536182663671,0.89705350032578,0.5858279641643663,,,,,,,,,,
lightgbm,rel-hm,user-churn,BINARY_CLASSIFICATION,0,30,roc_auc,cpu,False,"{""bagging_fraction"": 0.9245990859552, ""bagging_freq"": 1, ""cat_l2"": 1.592158021275, ""cat_smooth"": 44.4269586841343, ""extra_trees"": false, ""feature_fraction"": 0.872525293573, ""lambda_l1"": 0.492319014681, ""lambda_l2"": 1.6891157039359, ""learning_rate"": 0.0517998481756, ""max_cat_to_onehot"": 22, ""min_data_in_leaf"": 59, ""min_data_per_group"": 10, ""n_estimators"": 802, ""num_leaves"": 8}",0d0b00fe,r24,0.5808895667347606,,51.2319523220001,2.0011997620001694,,,,0.8522789407044503,0.8139401222634411,0.8970630745215933,0.5808895667347606,,,,,,,,,,
lightgbm,rel-hm,user-churn,BINARY_CLASSIFICATION,0,30,roc_auc,cpu,True,"{""bagging_fraction"": 0.9711159219238, ""bagging_freq"": 1, ""cat_l2"": 0.0287842816393, ""cat_smooth"": 2.2365712242177, ""extra_trees"": false, ""feature_fraction"": 0.7638852760411, ""lambda_l1"": 0.7155896013433, ""lambda_l2"": 0.3887650116637, ""learning_rate"": 0.0956151137114, ""max_cat_to_onehot"": 23, ""min_data_in_leaf"": 5, ""min_data_per_group"": 8, ""n_estimators"": 132, ""num_leaves"": 117}",311db951,r25,0.5918664792030717,0.5900812778267303,59.179493316999924,2.761529800000062,59.82582185599995,2.6996524189999036,,0.8545221981705706,0.8140838079314489,0.8966698852210275,0.5918664792030717,0.8650191483330469,0.8270600067046597,0.9045084000325784,0.5900812778267303,,,,,,
lightgbm,rel-hm,user-churn,BINARY_CLASSIFICATION,0,30,roc_auc,cpu,False,"{""bagging_fraction"": 0.7751868160582, ""bagging_freq"": 1, ""cat_l2"": 0.7205179793324, ""cat_smooth"": 0.2412048314858, ""extra_trees"": false, ""feature_fraction"": 0.5086905770421, ""lambda_l1"": 0.7774298210926, ""lambda_l2"": 0.7417685131559, ""learning_rate"": 0.006296404929, ""max_cat_to_onehot"": 41, ""min_data_in_leaf"": 17, ""min_data_per_group"": 4, ""n_estimators"": 197, ""num_leaves"": 50}",e3b85f93,r26,0.5771396545189595,,37.259350024000014,0.8885163540001031,,,,0.8489185991003159,0.8129473849208423,0.896807667363263,0.5771396545189595,,,,,,,,,,
lightgbm,rel-hm,user-churn,BINARY_CLASSIFICATION,0,30,roc_auc,cpu,False,"{""bagging_fraction"": 0.9032235488416, ""bagging_freq"": 1, ""cat_l2"": 0.0484438463597, ""cat_smooth"": 0.2752154717585, ""extra_trees"": false, ""feature_fraction"": 0.8731273073839, ""lambda_l1"": 0.2594966220889, ""lambda_l2"": 0.3941888549433, ""learning_rate"": 0.0236586574252, ""max_cat_to_onehot"": 8, ""min_data_in_leaf"": 3, ""min_data_per_group"": 69, ""n_estimators"": 438, ""num_leaves"": 9}",d90cbc4e,r27,0.5813650645493159,,36.70498286899988,1.1303798510000433,,,,0.8497639200062836,0.8137180625947019,0.8971149475871323,0.5813650645493159,,,,,,,,,,
lightgbm,rel-hm,user-churn,BINARY_CLASSIFICATION,0,30,roc_auc,cpu,False,"{""bagging_fraction"": 0.943127227378, ""bagging_freq"": 1, ""cat_l2"": 0.0089165711882, ""cat_smooth"": 0.196142976357, ""extra_trees"": false, ""feature_fraction"": 0.4341088458599, ""lambda_l1"": 0.3738757566188, ""lambda_l2"": 0.9197657819236, ""learning_rate"": 0.0125354274243, ""max_cat_to_onehot"": 23, ""min_data_in_leaf"": 1, ""min_data_per_group"": 16, ""n_estimators"": 165, ""num_leaves"": 65}",10f688c8,r28,0.5785142363472757,,28.874891186000013,0.8241947869998967,,,,0.849600650969832,0.8133261925910444,0.8969772991053728,0.5785142363472757,,,,,,,,,,
lightgbm,rel-hm,user-churn,BINARY_CLASSIFICATION,0,30,roc_auc,cpu,False,"{""bagging_fraction"": 0.8296444149774, ""bagging_freq"": 1, ""cat_l2"": 0.0231985345244, ""cat_smooth"": 0.419723324168, ""extra_trees"": true, ""feature_fraction"": 0.818198345035, ""lambda_l1"": 0.5876408752329, ""lambda_l2"": 0.0893201412781, ""learning_rate"": 0.0282078967013, ""max_cat_to_onehot"": 29, ""min_data_in_leaf"": 5, ""min_data_per_group"": 12, ""n_estimators"": 750, ""num_leaves"": 37}",fb774425,r29,0.5847817710745646,,141.47636352999984,5.455315499000108,,,,0.8521912947319255,0.8143189299336433,0.8972332873057988,0.5847817710745646,,,,,,,,,,
lightgbm,rel-hm,user-churn,BINARY_CLASSIFICATION,0,30,roc_auc,cpu,False,"{""bagging_fraction"": 0.8808290128215, ""bagging_freq"": 1, ""cat_l2"": 1.0457234595842, ""cat_smooth"": 0.6921859910209, ""extra_trees"": true, ""feature_fraction"": 0.9220523550151, ""lambda_l1"": 0.7206605914604, ""lambda_l2"": 0.9472534786514, ""learning_rate"": 0.0132034424949, ""max_cat_to_onehot"": 25, ""min_data_in_leaf"": 15, ""min_data_per_group"": 7, ""n_estimators"": 335, ""num_leaves"": 35}",7ae6364f,r3,0.5811451561947582,,58.62791792499999,1.468445040000006,,,,0.85091511871188,0.8137703119285229,0.8971734787343763,0.5811451561947582,,,,,,,,,,
lightgbm,rel-hm,user-churn,BINARY_CLASSIFICATION,0,30,roc_auc,cpu,False,"{""bagging_fraction"": 0.9256403562964, ""bagging_freq"": 1, ""cat_l2"": 0.173468569422, ""cat_smooth"": 0.1622096133057, ""extra_trees"": true, ""feature_fraction"": 0.8672172375647, ""lambda_l1"": 0.2728946202342, ""lambda_l2"": 1.5996117895528, ""learning_rate"": 0.0885567275464, ""max_cat_to_onehot"": 31, ""min_data_in_leaf"": 54, ""min_data_per_group"": 63, ""n_estimators"": 395, ""num_leaves"": 6}",a691dd6f,r30,0.5746434271018565,,23.859874564000165,0.454633197000021,,,,0.8493011011535974,0.8131825069230367,0.8969076623657464,0.5746434271018565,,,,,,,,,,
lightgbm,rel-hm,user-churn,BINARY_CLASSIFICATION,0,30,roc_auc,cpu,False,"{""bagging_fraction"": 0.8634649548991, ""bagging_freq"": 1, ""cat_l2"": 1.6087120636028, ""cat_smooth"": 42.4603130176821, ""extra_trees"": false, ""feature_fraction"": 0.6841648271642, ""lambda_l1"": 0.5820615900959, ""lambda_l2"": 0.3727460534192, ""learning_rate"": 0.0078289135266, ""max_cat_to_onehot"": 37, ""min_data_in_leaf"": 2, ""min_data_per_group"": 2, ""n_estimators"": 987, ""num_leaves"": 9}",1d48d1c9,r4,0.5793567414998753,,66.23616748900002,2.3785334629999966,,,,0.8515525137496744,0.8138094989288887,0.8971572871572872,0.5793567414998753,,,,,,,,,,
lightgbm,rel-hm,user-churn,BINARY_CLASSIFICATION,0,30,roc_auc,cpu,False,"{""bagging_fraction"": 0.8270964398017, ""bagging_freq"": 1, ""cat_l2"": 0.0497402357678, ""cat_smooth"": 0.0022655846367, ""extra_trees"": true, ""feature_fraction"": 0.8805464511878, ""lambda_l1"": 0.5374194921261, ""lambda_l2"": 1.4738626624402, ""learning_rate"": 0.009732329389, ""max_cat_to_onehot"": 78, ""min_data_in_leaf"": 4, ""min_data_per_group"": 24, ""n_estimators"": 285, ""num_leaves"": 44}",4f68409e,r5,0.5653020360971991,,30.03007856900001,0.6744951960000094,,,,0.8455358207602072,0.8128036992528346,0.8967365849792118,0.5653020360971991,,,,,,,,,,
lightgbm,rel-hm,user-churn,BINARY_CLASSIFICATION,0,30,roc_auc,cpu,False,"{""bagging_fraction"": 0.7951605226208, ""bagging_freq"": 1, ""cat_l2"": 0.2087627025057, ""cat_smooth"": 0.0018992120999, ""extra_trees"": true, ""feature_fraction"": 0.5907899076364, ""lambda_l1"": 0.2654629519904, ""lambda_l2"": 0.6372060480074, ""learning_rate"": 0.0086558049456, ""max_cat_to_onehot"": 44, ""min_data_in_leaf"": 11, ""min_data_per_group"": 11, ""n_estimators"": 164, ""num_leaves"": 56}",3c57d7d3,r6,0.5636089012855363,,18.702116439000008,0.4165714690000186,,,,0.8446610887809687,0.8128036992528346,0.8967365849792118,0.5636089012855363,,,,,,,,,,
lightgbm,rel-hm,user-churn,BINARY_CLASSIFICATION,0,30,roc_auc,cpu,False,"{""bagging_fraction"": 0.9335036446078, ""bagging_freq"": 1, ""cat_l2"": 0.2830562687557, ""cat_smooth"": 0.1802171314263, ""extra_trees"": true, ""feature_fraction"": 0.6485577967088, ""lambda_l1"": 0.5232957286614, ""lambda_l2"": 1.3348540188894, ""learning_rate"": 0.0289761662926, ""max_cat_to_onehot"": 15, ""min_data_in_leaf"": 11, ""min_data_per_group"": 55, ""n_estimators"": 701, ""num_leaves"": 20}",134c98bb,r7,0.573590316126565,,52.678850754999985,1.2039785839999695,,,,0.8492382780106245,0.8129735095877527,0.8968161312174803,0.573590316126565,,,,,,,,,,
lightgbm,rel-hm,user-churn,BINARY_CLASSIFICATION,0,30,roc_auc,cpu,False,"{""bagging_fraction"": 0.9848713160352, ""bagging_freq"": 1, ""cat_l2"": 1.6905546285477, ""cat_smooth"": 0.001258746648, ""extra_trees"": true, ""feature_fraction"": 0.4384884978093, ""lambda_l1"": 0.0940311167074, ""lambda_l2"": 0.2636825450225, ""learning_rate"": 0.0053104402291, ""max_cat_to_onehot"": 51, ""min_data_in_leaf"": 10, ""min_data_per_group"": 31, ""n_estimators"": 285, ""num_leaves"": 164}",42517afb,r8,0.5614969865734541,,21.662750012999993,0.4843146649999994,,,,0.8439449376937125,0.8128036992528346,0.8967365849792118,0.5614969865734541,,,,,,,,,,
lightgbm,rel-hm,user-churn,BINARY_CLASSIFICATION,0,30,roc_auc,cpu,False,"{""bagging_fraction"": 0.898758060085, ""bagging_freq"": 1, ""cat_l2"": 0.964011246959, ""cat_smooth"": 0.1616421454928, ""extra_trees"": false, ""feature_fraction"": 0.815483271622, ""lambda_l1"": 0.5759889009066, ""lambda_l2"": 1.4326827755167, ""learning_rate"": 0.0599026240177, ""max_cat_to_onehot"": 91, ""min_data_in_leaf"": 2, ""min_data_per_group"": 6, ""n_estimators"": 702, ""num_leaves"": 39}",b7f5d391,r9,0.5894561012982978,,161.44737195099998,8.414049353999985,,,,0.8531123483402149,0.8145279272689273,0.8970960190748135,0.5894561012982978,,,,,,,,,,
lightgbm,rel-stack,post-votes,REGRESSION,0,30,mae,cpu,False,{},bf21a9e8,default,0.06015480696680128,0.06641744799657837,24.471321680999992,0.9787172850000161,24.123615490999782,1.0030868600001668,,,,,,,,,,0.1225649957348881,0.06015480696680128,0.3428739043811995,0.09874286719316006,0.06641744799657837,0.3503833985217494
lightgbm,rel-stack,post-votes,REGRESSION,0,30,mae,cpu,False,"{""bagging_fraction"": 0.8646440511782, ""bagging_freq"": 1, ""cat_l2"": 0.2396763788772, ""cat_smooth"": 9.0912832806515, ""extra_trees"": true, ""feature_fraction"": 0.9742930953718, ""lambda_l1"": 0.5205254318032, ""lambda_l2"": 1.5172553870823, ""learning_rate"": 0.0095655183906, ""max_cat_to_onehot"": 21, ""min_data_in_leaf"": 1, ""min_data_per_group"": 38, ""n_estimators"": 885, ""num_leaves"": 13}",9ddece77,r1,0.06024251842187877,,64.865994376,3.3907575499999894,,,,,,,,,,,,0.11674372062871452,0.06024251842187877,0.34400940942401226,,,
lightgbm,rel-stack,post-votes,REGRESSION,0,30,mae,cpu,False,"{""bagging_fraction"": 0.7040714906836, ""bagging_freq"": 1, ""cat_l2"": 0.1059359109832, ""cat_smooth"": 79.0557829290776, ""extra_trees"": true, ""feature_fraction"": 0.7399608725239, ""lambda_l1"": 0.9293032679565, ""lambda_l2"": 0.5788832452851, ""learning_rate"": 0.0050708289337, ""max_cat_to_onehot"": 15, ""min_data_in_leaf"": 53, ""min_data_per_group"": 48, ""n_estimators"": 398, ""num_leaves"": 14}",85d4ebc9,r10,0.061690864180633354,,27.88231142500001,0.9337156110000251,,,,,,,,,,,,-0.028360506810747532,0.061690864180633354,0.3711928905893496,,,
lightgbm,rel-stack,post-votes,REGRESSION,0,30,mae,cpu,False,"{""bagging_fraction"": 0.8819179642384, ""bagging_freq"": 1, ""cat_l2"": 0.2028071332361, ""cat_smooth"": 0.9002514016925, ""extra_trees"": true, ""feature_fraction"": 0.9904253448185, ""lambda_l1"": 0.3523764300344, ""lambda_l2"": 1.0166800656129, ""learning_rate"": 0.0076046378471, ""max_cat_to_onehot"": 9, ""min_data_in_leaf"": 51, ""min_data_per_group"": 4, ""n_estimators"": 309, ""num_leaves"": 50}",eb5d77d2,r11,0.060163110253448636,,69.959659365,6.144814517999976,,,,,,,,,,,,0.12283042607846784,0.060163110253448636,0.3428220395584084,,,
lightgbm,rel-stack,post-votes,REGRESSION,0,30,mae,cpu,False,"{""bagging_fraction"": 0.7057579594928, ""bagging_freq"": 1, ""cat_l2"": 0.0652607238611, ""cat_smooth"": 0.7440913299852, ""extra_trees"": true, ""feature_fraction"": 0.5562045565524, ""lambda_l1"": 0.4693022490728, ""lambda_l2"": 0.3337783413457, ""learning_rate"": 0.005523232486, ""max_cat_to_onehot"": 20, ""min_data_in_leaf"": 22, ""min_data_per_group"": 3, ""n_estimators"": 298, ""num_leaves"": 194}",97b0d170,r12,0.06052070899285601,,154.74687890500002,18.35167569600003,,,,,,,,,,,,0.09775352601105924,0.06052070899285601,0.3476878797044266,,,
lightgbm,rel-stack,post-votes,REGRESSION,0,30,mae,cpu,False,"{""bagging_fraction"": 0.7904724450024, ""bagging_freq"": 1, ""cat_l2"": 0.0112585288934, ""cat_smooth"": 1.8450328342775, ""extra_trees"": false, ""feature_fraction"": 0.7222135128255, ""lambda_l1"": 0.8411560157726, ""lambda_l2"": 1.5581241341161, ""learning_rate"": 0.0949138303247, ""max_cat_to_onehot"": 8, ""min_data_in_leaf"": 4, ""min_data_per_group"": 12, ""n_estimators"": 523, ""num_leaves"": 6}",b0f88568,r13,0.060179106639806565,,36.601380041000084,1.2656617499999356,,,,,,,,,,,,0.14466022848049642,0.060179106639806565,0.33852931930093844,,,
lightgbm,rel-stack,post-votes,REGRESSION,0,30,mae,cpu,False,"{""bagging_fraction"": 0.8980520612478, ""bagging_freq"": 1, ""cat_l2"": 0.0298619738506, ""cat_smooth"": 1.8218656600978, ""extra_trees"": false, ""feature_fraction"": 0.6687557031224, ""lambda_l1"": 0.9046572794351, ""lambda_l2"": 1.7298800978754, ""learning_rate"": 0.0152979229147, ""max_cat_to_onehot"": 14, ""min_data_in_leaf"": 7, ""min_data_per_group"": 61, ""n_estimators"": 223, ""num_leaves"": 45}",c9bdab03,r14,0.06013227783067276,,57.891417735000005,5.502594342000066,,,,,,,,,,,,0.12556306845541665,0.06013227783067276,0.3422876270516238,,,
lightgbm,rel-stack,post-votes,REGRESSION,0,30,mae,cpu,False,"{""bagging_fraction"": 0.7870232821631, ""bagging_freq"": 1, ""cat_l2"": 0.1520732736224, ""cat_smooth"": 0.143579414226, ""extra_trees"": false, ""feature_fraction"": 0.4597414534665, ""lambda_l1"": 0.0376556278898, ""lambda_l2"": 0.8228523078385, ""learning_rate"": 0.0175995134195, ""max_cat_to_onehot"": 55, ""min_data_in_leaf"": 4, ""min_data_per_group"": 81, ""n_estimators"": 58, ""num_leaves"": 107}",5c4e94f9,r15,0.060897413097322994,,33.1337740150002,3.071423106000111,,,,,,,,,,,,0.06933061025374088,0.060897413097322994,0.3531219140009425,,,
lightgbm,rel-stack,post-votes,REGRESSION,0,30,mae,cpu,False,"{""bagging_fraction"": 0.9252532736885, ""bagging_freq"": 1, ""cat_l2"": 0.0185425303217, ""cat_smooth"": 0.0026697944708, ""extra_trees"": true, ""feature_fraction"": 0.4403497788779, ""lambda_l1"": 0.990339913502, ""lambda_l2"": 1.5167814698069, ""learning_rate"": 0.032907451476, ""max_cat_to_onehot"": 89, ""min_data_in_leaf"": 2, ""min_data_per_group"": 10, ""n_estimators"": 665, ""num_leaves"": 12}",66abad1a,r16,0.06003913902271489,,65.65498535000006,4.037370812000063,,,,,,,,,,,,0.14728534547064953,0.06003913902271489,0.3380094311785066,,,
lightgbm,rel-stack,post-votes,REGRESSION,0,30,mae,cpu,False,"{""bagging_fraction"": 0.9893469303368, ""bagging_freq"": 1, ""cat_l2"": 0.1517170923124, ""cat_smooth"": 0.0019146599966, ""extra_trees"": true, ""feature_fraction"": 0.8076356640991, ""lambda_l1"": 0.2169752947, ""lambda_l2"": 0.6401022999299, ""learning_rate"": 0.0682833284969, ""max_cat_to_onehot"": 45, ""min_data_in_leaf"": 2, ""min_data_per_group"": 8, ""n_estimators"": 71, ""num_leaves"": 27}",e3bf995d,r17,0.060028687866401385,,17.59749188899991,0.6363604569999097,,,,,,,,,,,,0.14714666571327284,0.060028687866401385,0.3380369158475877,,,
lightgbm,rel-stack,post-votes,REGRESSION,0,30,mae,cpu,False,"{""bagging_fraction"": 0.8662727305253, ""bagging_freq"": 1, ""cat_l2"": 0.0750558998512, ""cat_smooth"": 0.2749087238468, ""extra_trees"": true, ""feature_fraction"": 0.6722181067336, ""lambda_l1"": 0.6631118952798, ""lambda_l2"": 0.7669894419544, ""learning_rate"": 0.011346355764, ""max_cat_to_onehot"": 13, ""min_data_in_leaf"": 8, ""min_data_per_group"": 12, ""n_estimators"": 235, ""num_leaves"": 4}",d16f6217,r18,0.060414565248422876,,18.54440829300006,0.5071906980001586,,,,,,,,,,,,0.09906488556579707,0.060414565248422876,0.3474351163917827,,,
lightgbm,rel-stack,post-votes,REGRESSION,0,30,mae,cpu,False,"{""bagging_fraction"": 0.7637171496671, ""bagging_freq"": 1, ""cat_l2"": 1.6733394870119, ""cat_smooth"": 25.4110617183616, ""extra_trees"": true, ""feature_fraction"": 0.7219475266652, ""lambda_l1"": 0.2633960444995, ""lambda_l2"": 1.1766753953959, ""learning_rate"": 0.0546075727721, ""max_cat_to_onehot"": 88, ""min_data_in_leaf"": 1, ""min_data_per_group"": 5, ""n_estimators"": 74, ""num_leaves"": 3}",3c940a82,r19,0.06099966036259341,,11.235317878999922,0.3432827599999655,,,,,,,,,,,,0.05194007976056969,0.06099966036259341,0.35640587002996305,,,
lightgbm,rel-stack,post-votes,REGRESSION,0,30,mae,cpu,False,"{""bagging_fraction"": 0.9145568099117, ""bagging_freq"": 1, ""cat_l2"": 0.0688015432043, ""cat_smooth"": 0.4410365667971, ""extra_trees"": false, ""feature_fraction"": 0.4842104682476, ""lambda_l1"": 0.6789116421659, ""lambda_l2"": 0.2119046236149, ""learning_rate"": 0.007497093098, ""max_cat_to_onehot"": 78, ""min_data_in_leaf"": 57, ""min_data_per_group"": 21, ""n_estimators"": 353, ""num_leaves"": 17}",a3464b9d,r2,0.06023830666515699,,46.49810052400002,2.744563840000012,,,,,,,,,,,,0.10906112032727644,0.06023830666515699,0.3455022743646263,,,
lightgbm,rel-stack,post-votes,REGRESSION,0,30,mae,cpu,False,"{""bagging_fraction"": 0.766732967316, ""bagging_freq"": 1, ""cat_l2"": 0.2949769749976, ""cat_smooth"": 76.211749790676, ""extra_trees"": false, ""feature_fraction"": 0.9380027758242, ""lambda_l1"": 0.0207489343658, ""lambda_l2"": 1.6621138056269, ""learning_rate"": 0.0087194268009, ""max_cat_to_onehot"": 51, ""min_data_in_leaf"": 2, ""min_data_per_group"": 20, ""n_estimators"": 428, ""num_leaves"": 19}",8d3659ac,r20,0.06168867776285489,,28.439229187000137,0.6830616989998362,,,,,,,,,,,,-0.028242002294347257,0.06168867776285489,0.3711715025153098,,,
lightgbm,rel-stack,post-votes,REGRESSION,0,30,mae,cpu,False,"{""bagging_fraction"": 0.806683821355, ""bagging_freq"": 1, ""cat_l2"": 0.0082421437739, ""cat_smooth"": 0.0160008811562, ""extra_trees"": false, ""feature_fraction"": 0.5089787202952, ""lambda_l1"": 0.2184810145264, ""lambda_l2"": 0.9723705046664, ""learning_rate"": 0.0507096180332, ""max_cat_to_onehot"": 54, ""min_data_in_leaf"": 3, ""min_data_per_group"": 18, ""n_estimators"": 165, ""num_leaves"": 161}",a6d8d71e,r21,0.06058750443352446,,110.82699089400012,14.245562518000042,,,,,,,,,,,,0.1083748488080778,0.06058750443352446,0.345635315325011,,,
lightgbm,rel-stack,post-votes,REGRESSION,0,30,mae,cpu,False,"{""bagging_fraction"": 0.9821295835758, ""bagging_freq"": 1, ""cat_l2"": 0.1367124095637, ""cat_smooth"": 0.0031729973642, ""extra_trees"": true, ""feature_fraction"": 0.7074360779775, ""lambda_l1"": 0.4552232983118, ""lambda_l2"": 1.417125445225, ""learning_rate"": 0.0925784167972, ""max_cat_to_onehot"": 8, ""min_data_in_leaf"": 5, ""min_data_per_group"": 7, ""n_estimators"": 123, ""num_leaves"": 2}",38aedfa8,r22,0.0605308242058755,,12.080268285000102,0.3548558550000962,,,,,,,,,,,,0.09687870218001271,0.0605308242058755,0.3478563990376649,,,
lightgbm,rel-stack,post-votes,REGRESSION,0,30,mae,cpu,False,"{""bagging_fraction"": 0.9295975761421, ""bagging_freq"": 1, ""cat_l2"": 0.1658867884192, ""cat_smooth"": 0.0012082259188, ""extra_trees"": false, ""feature_fraction"": 0.7482682823129, ""lambda_l1"": 0.8788818548033, ""lambda_l2"": 0.9963306369924, ""learning_rate"": 0.0662004421712, ""max_cat_to_onehot"": 15, ""min_data_in_leaf"": 1, ""min_data_per_group"": 44, ""n_estimators"": 510, ""num_leaves"": 23}",3e9b950f,r23,0.06006883459918926,,75.49159310899995,7.475151081999911,,,,,,,,,,,,0.14378029486628363,0.06006883459918926,0.33870340611686445,,,
lightgbm,rel-stack,post-votes,REGRESSION,0,30,mae,cpu,False,"{""bagging_fraction"": 0.9245990859552, ""bagging_freq"": 1, ""cat_l2"": 1.592158021275, ""cat_smooth"": 44.4269586841343, ""extra_trees"": false, ""feature_fraction"": 0.872525293573, ""lambda_l1"": 0.492319014681, ""lambda_l2"": 1.6891157039359, ""learning_rate"": 0.0517998481756, ""max_cat_to_onehot"": 22, ""min_data_in_leaf"": 59, ""min_data_per_group"": 10, ""n_estimators"": 802, ""num_leaves"": 8}",0d0b00fe,r24,0.06170004400068803,,41.31962596800008,1.3477213710000342,,,,,,,,,,,,-0.028024472784756282,0.06170004400068803,0.3711322388859983,,,
lightgbm,rel-stack,post-votes,REGRESSION,0,30,mae,cpu,False,"{""bagging_fraction"": 0.9711159219238, ""bagging_freq"": 1, ""cat_l2"": 0.0287842816393, ""cat_smooth"": 2.2365712242177, ""extra_trees"": false, ""feature_fraction"": 0.7638852760411, ""lambda_l1"": 0.7155896013433, ""lambda_l2"": 0.3887650116637, ""learning_rate"": 0.0956151137114, ""max_cat_to_onehot"": 23, ""min_data_in_leaf"": 5, ""min_data_per_group"": 8, ""n_estimators"": 132, ""num_leaves"": 117}",311db951,r25,0.06021607882318571,,62.84251263500005,6.042710591000059,,,,,,,,,,,,0.13688215653987368,0.06021607882318571,0.34006505193259157,,,
lightgbm,rel-stack,post-votes,REGRESSION,0,30,mae,cpu,False,"{""bagging_fraction"": 0.7751868160582, ""bagging_freq"": 1, ""cat_l2"": 0.7205179793324, ""cat_smooth"": 0.2412048314858, ""extra_trees"": false, ""feature_fraction"": 0.5086905770421, ""lambda_l1"": 0.7774298210926, ""lambda_l2"": 0.7417685131559, ""learning_rate"": 0.006296404929, ""max_cat_to_onehot"": 41, ""min_data_in_leaf"": 17, ""min_data_per_group"": 4, ""n_estimators"": 197, ""num_leaves"": 50}",e3b85f93,r26,0.060488054280987864,,58.69258112600005,6.269253512999967,,,,,,,,,,,,0.08653123703399945,0.060488054280987864,0.3498434967517462,,,
lightgbm,rel-stack,post-votes,REGRESSION,0,30,mae,cpu,False,"{""bagging_fraction"": 0.9032235488416, ""bagging_freq"": 1, ""cat_l2"": 0.0484438463597, ""cat_smooth"": 0.2752154717585, ""extra_trees"": false, ""feature_fraction"": 0.8731273073839, ""lambda_l1"": 0.2594966220889, ""lambda_l2"": 0.3941888549433, ""learning_rate"": 0.0236586574252, ""max_cat_to_onehot"": 8, ""min_data_in_leaf"": 3, ""min_data_per_group"": 69, ""n_estimators"": 438, ""num_leaves"": 9}",d90cbc4e,r27,0.06007981679387231,,37.57103928300012,1.6660893739999665,,,,,,,,,,,,0.13199870754088805,0.06007981679387231,0.3410257248927797,,,
lightgbm,rel-stack,post-votes,REGRESSION,0,30,mae,cpu,False,"{""bagging_fraction"": 0.943127227378, ""bagging_freq"": 1, ""cat_l2"": 0.0089165711882, ""cat_smooth"": 0.196142976357, ""extra_trees"": false, ""feature_fraction"": 0.4341088458599, ""lambda_l1"": 0.3738757566188, ""lambda_l2"": 0.9197657819236, ""learning_rate"": 0.0125354274243, ""max_cat_to_onehot"": 23, ""min_data_in_leaf"": 1, ""min_data_per_group"": 16, ""n_estimators"": 165, ""num_leaves"": 65}",10f688c8,r28,0.06037650440710234,,53.578619780000054,4.846184684000036,,,,,,,,,,,,0.10711364837461823,0.06037650440710234,0.34587967887154863,,,
lightgbm,rel-stack,post-votes,REGRESSION,0,30,mae,cpu,True,"{""bagging_fraction"": 0.8296444149774, ""bagging_freq"": 1, ""cat_l2"": 0.0231985345244, ""cat_smooth"": 0.419723324168, ""extra_trees"": true, ""feature_fraction"": 0.818198345035, ""lambda_l1"": 0.5876408752329, ""lambda_l2"": 0.0893201412781, ""learning_rate"": 0.0282078967013, ""max_cat_to_onehot"": 29, ""min_data_in_leaf"": 5, ""min_data_per_group"": 12, ""n_estimators"": 750, ""num_leaves"": 37}",fb774425,r29,0.059915633199954875,0.06609887947183342,146.02469529100017,16.15625187700016,145.61884555300003,15.93000797600007,,,,,,,,,,0.1662934749368402,0.059915633199954875,0.33422086209032464,0.1298461605742841,0.06609887947183342,0.3442842723773019
lightgbm,rel-stack,post-votes,REGRESSION,0,30,mae,cpu,False,"{""bagging_fraction"": 0.8808290128215, ""bagging_freq"": 1, ""cat_l2"": 1.0457234595842, ""cat_smooth"": 0.6921859910209, ""extra_trees"": true, ""feature_fraction"": 0.9220523550151, ""lambda_l1"": 0.7206605914604, ""lambda_l2"": 0.9472534786514, ""learning_rate"": 0.0132034424949, ""max_cat_to_onehot"": 25, ""min_data_in_leaf"": 15, ""min_data_per_group"": 7, ""n_estimators"": 335, ""num_leaves"": 35}",7ae6364f,r3,0.05997818711250817,,70.90780257100002,6.506538089999992,,,,,,,,,,,,0.14387374614622017,0.05997818711250817,0.3386849218830037,,,
lightgbm,rel-stack,post-votes,REGRESSION,0,30,mae,cpu,False,"{""bagging_fraction"": 0.9256403562964, ""bagging_freq"": 1, ""cat_l2"": 0.173468569422, ""cat_smooth"": 0.1622096133057, ""extra_trees"": true, ""feature_fraction"": 0.8672172375647, ""lambda_l1"": 0.2728946202342, ""lambda_l2"": 1.5996117895528, ""learning_rate"": 0.0885567275464, ""max_cat_to_onehot"": 31, ""min_data_in_leaf"": 54, ""min_data_per_group"": 63, ""n_estimators"": 395, ""num_leaves"": 6}",a691dd6f,r30,0.06000197167545086,,26.515691018000098,0.6787479760000679,,,,,,,,,,,,0.1693094127316639,0.06000197167545086,0.33361579150867593,,,
lightgbm,rel-stack,post-votes,REGRESSION,0,30,mae,cpu,False,"{""bagging_fraction"": 0.8634649548991, ""bagging_freq"": 1, ""cat_l2"": 1.6087120636028, ""cat_smooth"": 42.4603130176821, ""extra_trees"": false, ""feature_fraction"": 0.6841648271642, ""lambda_l1"": 0.5820615900959, ""lambda_l2"": 0.3727460534192, ""learning_rate"": 0.0078289135266, ""max_cat_to_onehot"": 37, ""min_data_in_leaf"": 2, ""min_data_per_group"": 2, ""n_estimators"": 987, ""num_leaves"": 9}",1d48d1c9,r4,0.06169124174186519,,53.69650177599999,1.85923174200002,,,,,,,,,,,,-0.028306758089868378,0.06169124174186519,0.3711831900010652,,,
lightgbm,rel-stack,post-votes,REGRESSION,0,30,mae,cpu,False,"{""bagging_fraction"": 0.8270964398017, ""bagging_freq"": 1, ""cat_l2"": 0.0497402357678, ""cat_smooth"": 0.0022655846367, ""extra_trees"": true, ""feature_fraction"": 0.8805464511878, ""lambda_l1"": 0.5374194921261, ""lambda_l2"": 1.4738626624402, ""learning_rate"": 0.009732329389, ""max_cat_to_onehot"": 78, ""min_data_in_leaf"": 4, ""min_data_per_group"": 24, ""n_estimators"": 285, ""num_leaves"": 44}",4f68409e,r5,0.06021575730783484,,44.57135086400001,2.6862631920000126,,,,,,,,,,,,0.12247426489429247,0.06021575730783484,0.3428916312972921,,,
lightgbm,rel-stack,post-votes,REGRESSION,0,30,mae,cpu,False,"{""bagging_fraction"": 0.7951605226208, ""bagging_freq"": 1, ""cat_l2"": 0.2087627025057, ""cat_smooth"": 0.0018992120999, ""extra_trees"": true, ""feature_fraction"": 0.5907899076364, ""lambda_l1"": 0.2654629519904, ""lambda_l2"": 0.6372060480074, ""learning_rate"": 0.0086558049456, ""max_cat_to_onehot"": 44, ""min_data_in_leaf"": 11, ""min_data_per_group"": 11, ""n_estimators"": 164, ""num_leaves"": 56}",3c57d7d3,r6,0.060394261912569976,,49.946764876999964,4.093578485000023,,,,,,,,,,,,0.10126221003742164,0.060394261912569976,0.3470111714661522,,,
lightgbm,rel-stack,post-votes,REGRESSION,0,30,mae,cpu,False,"{""bagging_fraction"": 0.9335036446078, ""bagging_freq"": 1, ""cat_l2"": 0.2830562687557, ""cat_smooth"": 0.1802171314263, ""extra_trees"": true, ""feature_fraction"": 0.6485577967088, ""lambda_l1"": 0.5232957286614, ""lambda_l2"": 1.3348540188894, ""learning_rate"": 0.0289761662926, ""max_cat_to_onehot"": 15, ""min_data_in_leaf"": 11, ""min_data_per_group"": 55, ""n_estimators"": 701, ""num_leaves"": 20}",134c98bb,r7,0.060013889793488956,,44.33440989100001,1.298723117999998,,,,,,,,,,,,0.15285628406799512,0.060013889793488956,0.33690348359836625,,,
lightgbm,rel-stack,post-votes,REGRESSION,0,30,mae,cpu,False,"{""bagging_fraction"": 0.9848713160352, ""bagging_freq"": 1, ""cat_l2"": 1.6905546285477, ""cat_smooth"": 0.001258746648, ""extra_trees"": true, ""feature_fraction"": 0.4384884978093, ""lambda_l1"": 0.0940311167074, ""lambda_l2"": 0.2636825450225, ""learning_rate"": 0.0053104402291, ""max_cat_to_onehot"": 51, ""min_data_in_leaf"": 10, ""min_data_per_group"": 31, ""n_estimators"": 285, ""num_leaves"": 164}",42517afb,r8,0.0605659780955069,,42.82018069200001,1.8052897219999977,,,,,,,,,,,,0.09094900791767446,0.0605659780955069,0.34899650468561993,,,
lightgbm,rel-stack,post-votes,REGRESSION,0,30,mae,cpu,False,"{""bagging_fraction"": 0.898758060085, ""bagging_freq"": 1, ""cat_l2"": 0.964011246959, ""cat_smooth"": 0.1616421454928, ""extra_trees"": false, ""feature_fraction"": 0.815483271622, ""lambda_l1"": 0.5759889009066, ""lambda_l2"": 1.4326827755167, ""learning_rate"": 0.0599026240177, ""max_cat_to_onehot"": 91, ""min_data_in_leaf"": 2, ""min_data_per_group"": 6, ""n_estimators"": 702, ""num_leaves"": 39}",b7f5d391,r9,0.06005680457954148,,147.12544226600005,17.25015258399992,,,,,,,,,,,,0.14559337015379703,0.06005680457954148,0.33834460789708043,,,
lightgbm,rel-stack,user-badge,BINARY_CLASSIFICATION,0,30,roc_auc,cpu,False,{},bf21a9e8,default,0.6718965660341187,0.5407354851087066,19.248359416,0.9576829329999867,18.17375645800007,1.0539970929999072,,0.10493476894134598,0.9706869093525412,0.023168103448275863,0.6718965660341187,0.0421169565326065,0.8110706453634086,0.05240311904621609,0.5407354851087066,,,,,,
lightgbm,rel-stack,user-badge,BINARY_CLASSIFICATION,0,30,roc_auc,cpu,False,"{""bagging_fraction"": 0.8646440511782, ""bagging_freq"": 1, ""cat_l2"": 0.2396763788772, ""cat_smooth"": 9.0912832806515, ""extra_trees"": true, ""feature_fraction"": 0.9742930953718, ""lambda_l1"": 0.5205254318032, ""lambda_l2"": 1.5172553870823, ""learning_rate"": 0.0095655183906, ""max_cat_to_onehot"": 21, ""min_data_in_leaf"": 1, ""min_data_per_group"": 38, ""n_estimators"": 885, ""num_leaves"": 13}",9ddece77,r1,0.6548174361138864,,86.87959968800001,6.396001790999975,,,,0.10245039096748745,0.97071116177172,0.021604104779908182,0.6548174361138864,,,,,,,,,,
lightgbm,rel-stack,user-badge,BINARY_CLASSIFICATION,0,30,roc_auc,cpu,False,"{""bagging_fraction"": 0.7040714906836, ""bagging_freq"": 1, ""cat_l2"": 0.1059359109832, ""cat_smooth"": 79.0557829290776, ""extra_trees"": true, ""feature_fraction"": 0.7399608725239, ""lambda_l1"": 0.9293032679565, ""lambda_l2"": 0.5788832452851, ""learning_rate"": 0.0050708289337, ""max_cat_to_onehot"": 15, ""min_data_in_leaf"": 53, ""min_data_per_group"": 48, ""n_estimators"": 398, ""num_leaves"": 14}",85d4ebc9,r10,0.6254597120304977,,28.415930753999987,1.4711359499999617,,,,0.05843812496282689,0.9704888479292476,0.0,0.6254597120304977,,,,,,,,,,
lightgbm,rel-stack,user-badge,BINARY_CLASSIFICATION,0,30,roc_auc,cpu,False,"{""bagging_fraction"": 0.8819179642384, ""bagging_freq"": 1, ""cat_l2"": 0.2028071332361, ""cat_smooth"": 0.9002514016925, ""extra_trees"": true, ""feature_fraction"": 0.9904253448185, ""lambda_l1"": 0.3523764300344, ""lambda_l2"": 1.0166800656129, ""learning_rate"": 0.0076046378471, ""max_cat_to_onehot"": 9, ""min_data_in_leaf"": 51, ""min_data_per_group"": 4, ""n_estimators"": 309, ""num_leaves"": 50}",eb5d77d2,r11,0.651111286661713,,57.57777095200004,2.6071478150000758,,,,0.10896674562156286,0.9707637086799408,0.022699635184434536,0.651111286661713,,,,,,,,,,
lightgbm,rel-stack,user-badge,BINARY_CLASSIFICATION,0,30,roc_auc,cpu,False,"{""bagging_fraction"": 0.7057579594928, ""bagging_freq"": 1, ""cat_l2"": 0.0652607238611, ""cat_smooth"": 0.7440913299852, ""extra_trees"": true, ""feature_fraction"": 0.5562045565524, ""lambda_l1"": 0.4693022490728, ""lambda_l2"": 0.3337783413457, ""learning_rate"": 0.005523232486, ""max_cat_to_onehot"": 20, ""min_data_in_leaf"": 22, ""min_data_per_group"": 3, ""n_estimators"": 298, ""num_leaves"": 194}",97b0d170,r12,0.6588602056105141,,136.34827142899996,11.592078019999917,,,,0.11189481691942729,0.9707313721210358,0.02241123261779398,0.6588602056105141,,,,,,,,,,
lightgbm,rel-stack,user-badge,BINARY_CLASSIFICATION,0,30,roc_auc,cpu,False,"{""bagging_fraction"": 0.7904724450024, ""bagging_freq"": 1, ""cat_l2"": 0.0112585288934, ""cat_smooth"": 1.8450328342775, ""extra_trees"": false, ""feature_fraction"": 0.7222135128255, ""lambda_l1"": 0.8411560157726, ""lambda_l2"": 1.5581241341161, ""learning_rate"": 0.0949138303247, ""max_cat_to_onehot"": 8, ""min_data_in_leaf"": 4, ""min_data_per_group"": 12, ""n_estimators"": 523, ""num_leaves"": 6}",b0f88568,r13,0.6605619441474004,,36.11727539900005,1.6879060080000272,,,,0.10055296060245361,0.9707152038415832,0.02764729566501141,0.6605619441474004,,,,,,,,,,
lightgbm,rel-stack,user-badge,BINARY_CLASSIFICATION,0,30,roc_auc,cpu,False,"{""bagging_fraction"": 0.8980520612478, ""bagging_freq"": 1, ""cat_l2"": 0.0298619738506, ""cat_smooth"": 1.8218656600978, ""extra_trees"": false, ""feature_fraction"": 0.6687557031224, ""lambda_l1"": 0.9046572794351, ""lambda_l2"": 1.7298800978754, ""learning_rate"": 0.0152979229147, ""max_cat_to_onehot"": 14, ""min_data_in_leaf"": 7, ""min_data_per_group"": 61, ""n_estimators"": 223, ""num_leaves"": 45}",c9bdab03,r14,0.6654147221784672,,39.174341669000114,1.4921039459998156,,,,0.1057593109999482,0.9707152038415832,0.02134269890584898,0.6654147221784672,,,,,,,,,,
lightgbm,rel-stack,user-badge,BINARY_CLASSIFICATION,0,30,roc_auc,cpu,False,"{""bagging_fraction"": 0.7870232821631, ""bagging_freq"": 1, ""cat_l2"": 0.1520732736224, ""cat_smooth"": 0.143579414226, ""extra_trees"": false, ""feature_fraction"": 0.4597414534665, ""lambda_l1"": 0.0376556278898, ""lambda_l2"": 0.8228523078385, ""learning_rate"": 0.0175995134195, ""max_cat_to_onehot"": 55, ""min_data_in_leaf"": 4, ""min_data_per_group"": 81, ""n_estimators"": 58, ""num_leaves"": 107}",5c4e94f9,r15,0.6617689227698268,,19.169919198000116,0.7857360180000796,,,,0.10553300162714666,0.9705535210470578,0.005189130137921617,0.6617689227698268,,,,,,,,,,
lightgbm,rel-stack,user-badge,BINARY_CLASSIFICATION,0,30,roc_auc,cpu,False,"{""bagging_fraction"": 0.9252532736885, ""bagging_freq"": 1, ""cat_l2"": 0.0185425303217, ""cat_smooth"": 0.0026697944708, ""extra_trees"": true, ""feature_fraction"": 0.4403497788779, ""lambda_l1"": 0.990339913502, ""lambda_l2"": 1.5167814698069, ""learning_rate"": 0.032907451476, ""max_cat_to_onehot"": 89, ""min_data_in_leaf"": 2, ""min_data_per_group"": 10, ""n_estimators"": 665, ""num_leaves"": 12}",66abad1a,r16,0.6519395578579097,,57.217371031999846,3.632333559000017,,,,0.10502482637208063,0.9707273300511726,0.022408207343412527,0.6519395578579097,,,,,,,,,,
lightgbm,rel-stack,user-badge,BINARY_CLASSIFICATION,0,30,roc_auc,cpu,False,"{""bagging_fraction"": 0.9893469303368, ""bagging_freq"": 1, ""cat_l2"": 0.1517170923124, ""cat_smooth"": 0.0019146599966, ""extra_trees"": true, ""feature_fraction"": 0.8076356640991, ""lambda_l1"": 0.2169752947, ""lambda_l2"": 0.6401022999299, ""learning_rate"": 0.0682833284969, ""max_cat_to_onehot"": 45, ""min_data_in_leaf"": 2, ""min_data_per_group"": 8, ""n_estimators"": 71, ""num_leaves"": 27}",e3bf995d,r17,0.6503371283024857,,10.536020066999981,0.44876599799999894,,,,0.10696149417255602,0.9707313721210358,0.021354237059062035,0.6503371283024857,,,,,,,,,,
lightgbm,rel-stack,user-badge,BINARY_CLASSIFICATION,0,30,roc_auc,cpu,False,"{""bagging_fraction"": 0.8662727305253, ""bagging_freq"": 1, ""cat_l2"": 0.0750558998512, ""cat_smooth"": 0.2749087238468, ""extra_trees"": true, ""feature_fraction"": 0.6722181067336, ""lambda_l1"": 0.6631118952798, ""lambda_l2"": 0.7669894419544, ""learning_rate"": 0.011346355764, ""max_cat_to_onehot"": 13, ""min_data_in_leaf"": 8, ""min_data_per_group"": 12, ""n_estimators"": 235, ""num_leaves"": 4}",d16f6217,r18,0.5969621072036734,,14.487309510999921,0.43818253199992796,,,,0.07853532706569089,0.9704888479292476,0.0,0.5969621072036734,,,,,,,,,,
lightgbm,rel-stack,user-badge,BINARY_CLASSIFICATION,0,30,roc_auc,cpu,False,"{""bagging_fraction"": 0.7637171496671, ""bagging_freq"": 1, ""cat_l2"": 1.6733394870119, ""cat_smooth"": 25.4110617183616, ""extra_trees"": true, ""feature_fraction"": 0.7219475266652, ""lambda_l1"": 0.2633960444995, ""lambda_l2"": 1.1766753953959, ""learning_rate"": 0.0546075727721, ""max_cat_to_onehot"": 88, ""min_data_in_leaf"": 1, ""min_data_per_group"": 5, ""n_estimators"": 74, ""num_leaves"": 3}",3c940a82,r19,0.600240501573704,,6.139384494000069,0.29295498200008296,,,,0.06447467027030175,0.9704888479292476,0.0,0.600240501573704,,,,,,,,,,
lightgbm,rel-stack,user-badge,BINARY_CLASSIFICATION,0,30,roc_auc,cpu,False,"{""bagging_fraction"": 0.9145568099117, ""bagging_freq"": 1, ""cat_l2"": 0.0688015432043, ""cat_smooth"": 0.4410365667971, ""extra_trees"": false, ""feature_fraction"": 0.4842104682476, ""lambda_l1"": 0.6789116421659, ""lambda_l2"": 0.2119046236149, ""learning_rate"": 0.007497093098, ""max_cat_to_onehot"": 78, ""min_data_in_leaf"": 57, ""min_data_per_group"": 21, ""n_estimators"": 353, ""num_leaves"": 17}",a3464b9d,r2,0.6330365260645521,,33.396884279999995,1.3208537429999865,,,,0.09531842009772043,0.9705939417456891,0.008450320294398255,0.6330365260645521,,,,,,,,,,
lightgbm,rel-stack,user-badge,BINARY_CLASSIFICATION,0,30,roc_auc,cpu,False,"{""bagging_fraction"": 0.766732967316, ""bagging_freq"": 1, ""cat_l2"": 0.2949769749976, ""cat_smooth"": 76.211749790676, ""extra_trees"": false, ""feature_fraction"": 0.9380027758242, ""lambda_l1"": 0.0207489343658, ""lambda_l2"": 1.6621138056269, ""learning_rate"": 0.0087194268009, ""max_cat_to_onehot"": 51, ""min_data_in_leaf"": 2, ""min_data_per_group"": 20, ""n_estimators"": 428, ""num_leaves"": 19}",8d3659ac,r20,0.6415454959961946,,36.32547656800011,2.3632582979998915,,,,0.07150344288072776,0.9705777734662366,0.008175500749420903,0.6415454959961946,,,,,,,,,,
lightgbm,rel-stack,user-badge,BINARY_CLASSIFICATION,0,30,roc_auc,cpu,False,"{""bagging_fraction"": 0.806683821355, ""bagging_freq"": 1, ""cat_l2"": 0.0082421437739, ""cat_smooth"": 0.0160008811562, ""extra_trees"": false, ""feature_fraction"": 0.5089787202952, ""lambda_l1"": 0.2184810145264, ""lambda_l2"": 0.9723705046664, ""learning_rate"": 0.0507096180332, ""max_cat_to_onehot"": 54, ""min_data_in_leaf"": 3, ""min_data_per_group"": 18, ""n_estimators"": 165, ""num_leaves"": 161}",a6d8d71e,r21,0.6938196497086787,,77.84743018600011,7.873792208000168,,,,0.10261511467855539,0.9700644305936184,0.04758230452674897,0.6938196497086787,,,,,,,,,,
lightgbm,rel-stack,user-badge,BINARY_CLASSIFICATION,0,30,roc_auc,cpu,False,"{""bagging_fraction"": 0.9821295835758, ""bagging_freq"": 1, ""cat_l2"": 0.1367124095637, ""cat_smooth"": 0.0031729973642, ""extra_trees"": true, ""feature_fraction"": 0.7074360779775, ""lambda_l1"": 0.4552232983118, ""lambda_l2"": 1.417125445225, ""learning_rate"": 0.0925784167972, ""max_cat_to_onehot"": 8, ""min_data_in_leaf"": 5, ""min_data_per_group"": 7, ""n_estimators"": 123, ""num_leaves"": 2}",38aedfa8,r22,0.5975066934622029,,7.609233327000084,0.32074533199988764,,,,0.07537217336700991,0.9704888479292476,0.0,0.5975066934622029,,,,,,,,,,
lightgbm,rel-stack,user-badge,BINARY_CLASSIFICATION,0,30,roc_auc,cpu,False,"{""bagging_fraction"": 0.9295975761421, ""bagging_freq"": 1, ""cat_l2"": 0.1658867884192, ""cat_smooth"": 0.0012082259188, ""extra_trees"": false, ""feature_fraction"": 0.7482682823129, ""lambda_l1"": 0.8788818548033, ""lambda_l2"": 0.9963306369924, ""learning_rate"": 0.0662004421712, ""max_cat_to_onehot"": 15, ""min_data_in_leaf"": 1, ""min_data_per_group"": 44, ""n_estimators"": 510, ""num_leaves"": 23}",3e9b950f,r23,0.6831394664425443,,76.77165573999991,8.799520684000072,,,,0.10061606991007635,0.9706384045141836,0.037370792472833286,0.6831394664425443,,,,,,,,,,
lightgbm,rel-stack,user-badge,BINARY_CLASSIFICATION,0,30,roc_auc,cpu,False,"{""bagging_fraction"": 0.9245990859552, ""bagging_freq"": 1, ""cat_l2"": 1.592158021275, ""cat_smooth"": 44.4269586841343, ""extra_trees"": false, ""feature_fraction"": 0.872525293573, ""lambda_l1"": 0.492319014681, ""lambda_l2"": 1.6891157039359, ""learning_rate"": 0.0517998481756, ""max_cat_to_onehot"": 22, ""min_data_in_leaf"": 59, ""min_data_per_group"": 10, ""n_estimators"": 802, ""num_leaves"": 8}",0d0b00fe,r24,0.6550717482497288,,48.095650204000094,4.6017528449999645,,,,0.09116312296932556,0.970707119701857,0.02239309321462296,0.6550717482497288,,,,,,,,,,
lightgbm,rel-stack,user-badge,BINARY_CLASSIFICATION,0,30,roc_auc,cpu,True,"{""bagging_fraction"": 0.9711159219238, ""bagging_freq"": 1, ""cat_l2"": 0.0287842816393, ""cat_smooth"": 2.2365712242177, ""extra_trees"": false, ""feature_fraction"": 0.7638852760411, ""lambda_l1"": 0.7155896013433, ""lambda_l2"": 0.3887650116637, ""learning_rate"": 0.0956151137114, ""max_cat_to_onehot"": 23, ""min_data_in_leaf"": 5, ""min_data_per_group"": 8, ""n_estimators"": 132, ""num_leaves"": 117}",311db951,r25,0.6960515773302113,0.5379945510254432,56.99540776999993,6.187893884999994,55.68150615499985,6.629903796999997,,0.10574088227272052,0.9701210195717023,0.052307692307692305,0.6960515773302113,0.03796962793906942,0.5319588032581454,0.05456544610297666,0.5379945510254432,,,,,,
lightgbm,rel-stack,user-badge,BINARY_CLASSIFICATION,0,30,roc_auc,cpu,False,"{""bagging_fraction"": 0.7751868160582, ""bagging_freq"": 1, ""cat_l2"": 0.7205179793324, ""cat_smooth"": 0.2412048314858, ""extra_trees"": false, ""feature_fraction"": 0.5086905770421, ""lambda_l1"": 0.7774298210926, ""lambda_l2"": 0.7417685131559, ""learning_rate"": 0.006296404929, ""max_cat_to_onehot"": 41, ""min_data_in_leaf"": 17, ""min_data_per_group"": 4, ""n_estimators"": 197, ""num_leaves"": 50}",e3b85f93,r26,0.643780902613861,,32.33527889800007,1.2503906009999355,,,,0.10055721466295095,0.9705777734662366,0.00655111232428006,0.643780902613861,,,,,,,,,,
lightgbm,rel-stack,user-badge,BINARY_CLASSIFICATION,0,30,roc_auc,cpu,False,"{""bagging_fraction"": 0.9032235488416, ""bagging_freq"": 1, ""cat_l2"": 0.0484438463597, ""cat_smooth"": 0.2752154717585, ""extra_trees"": false, ""feature_fraction"": 0.8731273073839, ""lambda_l1"": 0.2594966220889, ""lambda_l2"": 0.3941888549433, ""learning_rate"": 0.0236586574252, ""max_cat_to_onehot"": 8, ""min_data_in_leaf"": 3, ""min_data_per_group"": 69, ""n_estimators"": 438, ""num_leaves"": 9}",d90cbc4e,r27,0.6493825704308591,,39.21847022400016,1.7419397819999176,,,,0.09924413240399878,0.9706586148634992,0.014927398561541592,0.6493825704308591,,,,,,,,,,
lightgbm,rel-stack,user-badge,BINARY_CLASSIFICATION,0,30,roc_auc,cpu,False,"{""bagging_fraction"": 0.943127227378, ""bagging_freq"": 1, ""cat_l2"": 0.0089165711882, ""cat_smooth"": 0.196142976357, ""extra_trees"": false, ""feature_fraction"": 0.4341088458599, ""lambda_l1"": 0.3738757566188, ""lambda_l2"": 0.9197657819236, ""learning_rate"": 0.0125354274243, ""max_cat_to_onehot"": 23, ""min_data_in_leaf"": 1, ""min_data_per_group"": 16, ""n_estimators"": 165, ""num_leaves"": 65}",10f688c8,r28,0.6643037375507793,,32.79830158499999,1.7313717480001287,,,,0.1050668704524034,0.9706586148634992,0.013588802826470988,0.6643037375507793,,,,,,,,,,
lightgbm,rel-stack,user-badge,BINARY_CLASSIFICATION,0,30,roc_auc,cpu,False,"{""bagging_fraction"": 0.8296444149774, ""bagging_freq"": 1, ""cat_l2"": 0.0231985345244, ""cat_smooth"": 0.419723324168, ""extra_trees"": true, ""feature_fraction"": 0.818198345035, ""lambda_l1"": 0.5876408752329, ""lambda_l2"": 0.0893201412781, ""learning_rate"": 0.0282078967013, ""max_cat_to_onehot"": 29, ""min_data_in_leaf"": 5, ""min_data_per_group"": 12, ""n_estimators"": 750, ""num_leaves"": 37}",fb774425,r29,0.6846680689446524,,140.58251817799987,14.90973923599995,,,,0.11287790614775113,0.97071116177172,0.04507116499736426,0.6846680689446524,,,,,,,,,,
lightgbm,rel-stack,user-badge,BINARY_CLASSIFICATION,0,30,roc_auc,cpu,False,"{""bagging_fraction"": 0.8808290128215, ""bagging_freq"": 1, ""cat_l2"": 1.0457234595842, ""cat_smooth"": 0.6921859910209, ""extra_trees"": true, ""feature_fraction"": 0.9220523550151, ""lambda_l1"": 0.7206605914604, ""lambda_l2"": 0.9472534786514, ""learning_rate"": 0.0132034424949, ""max_cat_to_onehot"": 25, ""min_data_in_leaf"": 15, ""min_data_per_group"": 7, ""n_estimators"": 335, ""num_leaves"": 35}",7ae6364f,r3,0.6574945970864877,,52.01359091699999,2.5624612020000086,,,,0.11011291479578247,0.9707839190292565,0.02535059331175836,0.6574945970864877,,,,,,,,,,
lightgbm,rel-stack,user-badge,BINARY_CLASSIFICATION,0,30,roc_auc,cpu,False,"{""bagging_fraction"": 0.9256403562964, ""bagging_freq"": 1, ""cat_l2"": 0.173468569422, ""cat_smooth"": 0.1622096133057, ""extra_trees"": true, ""feature_fraction"": 0.8672172375647, ""lambda_l1"": 0.2728946202342, ""lambda_l2"": 1.5996117895528, ""learning_rate"": 0.0885567275464, ""max_cat_to_onehot"": 31, ""min_data_in_leaf"": 54, ""min_data_per_group"": 63, ""n_estimators"": 395, ""num_leaves"": 6}",a691dd6f,r30,0.6432443687895245,,25.760408280000092,1.009337209000023,,,,0.10018773346928396,0.9707354141908989,0.02135712354690457,0.6432443687895245,,,,,,,,,,
lightgbm,rel-stack,user-badge,BINARY_CLASSIFICATION,0,30,roc_auc,cpu,False,"{""bagging_fraction"": 0.8634649548991, ""bagging_freq"": 1, ""cat_l2"": 1.6087120636028, ""cat_smooth"": 42.4603130176821, ""extra_trees"": false, ""feature_fraction"": 0.6841648271642, ""lambda_l1"": 0.5820615900959, ""lambda_l2"": 0.3727460534192, ""learning_rate"": 0.0078289135266, ""max_cat_to_onehot"": 37, ""min_data_in_leaf"": 2, ""min_data_per_group"": 2, ""n_estimators"": 987, ""num_leaves"": 9}",1d48d1c9,r4,0.6430698014517539,,65.047726925,5.346963620999986,,,,0.08179173658970737,0.9706545727936362,0.014390442573988596,0.6430698014517539,,,,,,,,,,
lightgbm,rel-stack,user-badge,BINARY_CLASSIFICATION,0,30,roc_auc,cpu,False,"{""bagging_fraction"": 0.8270964398017, ""bagging_freq"": 1, ""cat_l2"": 0.0497402357678, ""cat_smooth"": 0.0022655846367, ""extra_trees"": true, ""feature_fraction"": 0.8805464511878, ""lambda_l1"": 0.5374194921261, ""lambda_l2"": 1.4738626624402, ""learning_rate"": 0.009732329389, ""max_cat_to_onehot"": 78, ""min_data_in_leaf"": 4, ""min_data_per_group"": 24, ""n_estimators"": 285, ""num_leaves"": 44}",4f68409e,r5,0.6362135101360328,,37.13711238900004,1.4412221779999754,,,,0.10267192278148365,0.9706424465840467,0.012508497620666213,0.6362135101360328,,,,,,,,,,
lightgbm,rel-stack,user-badge,BINARY_CLASSIFICATION,0,30,roc_auc,cpu,False,"{""bagging_fraction"": 0.7951605226208, ""bagging_freq"": 1, ""cat_l2"": 0.2087627025057, ""cat_smooth"": 0.0018992120999, ""extra_trees"": true, ""feature_fraction"": 0.5907899076364, ""lambda_l1"": 0.2654629519904, ""lambda_l2"": 0.6372060480074, ""learning_rate"": 0.0086558049456, ""max_cat_to_onehot"": 44, ""min_data_in_leaf"": 11, ""min_data_per_group"": 11, ""n_estimators"": 164, ""num_leaves"": 56}",3c57d7d3,r6,0.6253370589478977,,32.59322186600002,1.6933946160000346,,,,0.09941290511512892,0.9706424465840467,0.012239902080783354,0.6253370589478977,,,,,,,,,,
lightgbm,rel-stack,user-badge,BINARY_CLASSIFICATION,0,30,roc_auc,cpu,False,"{""bagging_fraction"": 0.9335036446078, ""bagging_freq"": 1, ""cat_l2"": 0.2830562687557, ""cat_smooth"": 0.1802171314263, ""extra_trees"": true, ""feature_fraction"": 0.6485577967088, ""lambda_l1"": 0.5232957286614, ""lambda_l2"": 1.3348540188894, ""learning_rate"": 0.0289761662926, ""max_cat_to_onehot"": 15, ""min_data_in_leaf"": 11, ""min_data_per_group"": 55, ""n_estimators"": 701, ""num_leaves"": 20}",134c98bb,r7,0.6598182139548987,,68.20911527299995,5.306217385000082,,,,0.10794783483621911,0.9707677507498039,0.02586206896551724,0.6598182139548987,,,,,,,,,,
lightgbm,rel-stack,user-badge,BINARY_CLASSIFICATION,0,30,roc_auc,cpu,False,"{""bagging_fraction"": 0.9848713160352, ""bagging_freq"": 1, ""cat_l2"": 1.6905546285477, ""cat_smooth"": 0.001258746648, ""extra_trees"": true, ""feature_fraction"": 0.4384884978093, ""lambda_l1"": 0.0940311167074, ""lambda_l2"": 0.2636825450225, ""learning_rate"": 0.0053104402291, ""max_cat_to_onehot"": 51, ""min_data_in_leaf"": 10, ""min_data_per_group"": 31, ""n_estimators"": 285, ""num_leaves"": 164}",42517afb,r8,0.6243580933384537,,55.73602972800006,4.016164952000054,,,,0.09628107760754924,0.9705252265580159,0.0024623803009575923,0.6243580933384537,,,,,,,,,,
lightgbm,rel-stack,user-badge,BINARY_CLASSIFICATION,0,30,roc_auc,cpu,False,"{""bagging_fraction"": 0.898758060085, ""bagging_freq"": 1, ""cat_l2"": 0.964011246959, ""cat_smooth"": 0.1616421454928, ""extra_trees"": false, ""feature_fraction"": 0.815483271622, ""lambda_l1"": 0.5759889009066, ""lambda_l2"": 1.4326827755167, ""learning_rate"": 0.0599026240177, ""max_cat_to_onehot"": 91, ""min_data_in_leaf"": 2, ""min_data_per_group"": 6, ""n_estimators"": 702, ""num_leaves"": 39}",b7f5d391,r9,0.6907406049261592,,167.89935871900002,24.347294208999983,,,,0.10359047673013455,0.9703109968552697,0.04771165564631142,0.6907406049261592,,,,,,,,,,
lightgbm,rel-stack,user-engagement,BINARY_CLASSIFICATION,0,30,roc_auc,cpu,False,{},bf21a9e8,default,0.7676236135985374,0.7805998968886945,16.093376907999996,0.35183098299999926,17.102915060999976,0.3480578080000214,,0.20876610347960778,0.9735974366443344,0.1563663440059568,0.7676236135985374,0.20250327020806047,0.9739496465729489,0.13749060856498874,0.7805998968886945,,,,,,
lightgbm,rel-stack,user-engagement,BINARY_CLASSIFICATION,0,30,roc_auc,cpu,False,"{""bagging_fraction"": 0.8646440511782, ""bagging_freq"": 1, ""cat_l2"": 0.2396763788772, ""cat_smooth"": 9.0912832806515, ""extra_trees"": true, ""feature_fraction"": 0.9742930953718, ""lambda_l1"": 0.5205254318032, ""lambda_l2"": 1.5172553870823, ""learning_rate"": 0.0095655183906, ""max_cat_to_onehot"": 21, ""min_data_in_leaf"": 1, ""min_data_per_group"": 38, ""n_estimators"": 885, ""num_leaves"": 13}",9ddece77,r1,0.7394713994612042,,70.56116372600002,2.2381830669999943,,,,0.19259066656066978,0.9733411010777745,0.12067640276710223,0.7394713994612042,,,,,,,,,,
lightgbm,rel-stack,user-engagement,BINARY_CLASSIFICATION,0,30,roc_auc,cpu,False,"{""bagging_fraction"": 0.7040714906836, ""bagging_freq"": 1, ""cat_l2"": 0.1059359109832, ""cat_smooth"": 79.0557829290776, ""extra_trees"": true, ""feature_fraction"": 0.7399608725239, ""lambda_l1"": 0.9293032679565, ""lambda_l2"": 0.5788832452851, ""learning_rate"": 0.0050708289337, ""max_cat_to_onehot"": 15, ""min_data_in_leaf"": 53, ""min_data_per_group"": 48, ""n_estimators"": 398, ""num_leaves"": 14}",85d4ebc9,r10,0.6448801380310716,,13.609134839000035,0.7204928459999564,,,,0.055243952664385726,0.9719662103116807,0.0,0.6448801380310716,,,,,,,,,,
lightgbm,rel-stack,user-engagement,BINARY_CLASSIFICATION,0,30,roc_auc,cpu,False,"{""bagging_fraction"": 0.8819179642384, ""bagging_freq"": 1, ""cat_l2"": 0.2028071332361, ""cat_smooth"": 0.9002514016925, ""extra_trees"": true, ""feature_fraction"": 0.9904253448185, ""lambda_l1"": 0.3523764300344, ""lambda_l2"": 1.0166800656129, ""learning_rate"": 0.0076046378471, ""max_cat_to_onehot"": 9, ""min_data_in_leaf"": 51, ""min_data_per_group"": 4, ""n_estimators"": 309, ""num_leaves"": 50}",eb5d77d2,r11,0.7586396969451564,,66.871195166,1.1580153520000067,,,,0.21524467651131352,0.9734110107777454,0.11413043478260869,0.7586396969451564,,,,,,,,,,
lightgbm,rel-stack,user-engagement,BINARY_CLASSIFICATION,0,30,roc_auc,cpu,False,"{""bagging_fraction"": 0.7057579594928, ""bagging_freq"": 1, ""cat_l2"": 0.0652607238611, ""cat_smooth"": 0.7440913299852, ""extra_trees"": true, ""feature_fraction"": 0.5562045565524, ""lambda_l1"": 0.4693022490728, ""lambda_l2"": 0.3337783413457, ""learning_rate"": 0.005523232486, ""max_cat_to_onehot"": 20, ""min_data_in_leaf"": 22, ""min_data_per_group"": 3, ""n_estimators"": 298, ""num_leaves"": 194}",97b0d170,r12,0.7619970859482637,,163.04690969800004,5.520620272000087,,,,0.20673522431626767,0.9733644043110982,0.13211845102505695,0.7619970859482637,,,,,,,,,,
lightgbm,rel-stack,user-engagement,BINARY_CLASSIFICATION,0,30,roc_auc,cpu,False,"{""bagging_fraction"": 0.7904724450024, ""bagging_freq"": 1, ""cat_l2"": 0.0112585288934, ""cat_smooth"": 1.8450328342775, ""extra_trees"": false, ""feature_fraction"": 0.7222135128255, ""lambda_l1"": 0.8411560157726, ""lambda_l2"": 1.5581241341161, ""learning_rate"": 0.0949138303247, ""max_cat_to_onehot"": 8, ""min_data_in_leaf"": 4, ""min_data_per_group"": 12, ""n_estimators"": 523, ""num_leaves"": 6}",b0f88568,r13,0.7574459590204611,,23.48859355700006,0.5321286199999804,,,,0.1925637472909249,0.9731663268278473,0.1591821832785688,0.7574459590204611,,,,,,,,,,
lightgbm,rel-stack,user-engagement,BINARY_CLASSIFICATION,0,30,roc_auc,cpu,False,"{""bagging_fraction"": 0.8980520612478, ""bagging_freq"": 1, ""cat_l2"": 0.0298619738506, ""cat_smooth"": 1.8218656600978, ""extra_trees"": false, ""feature_fraction"": 0.6687557031224, ""lambda_l1"": 0.9046572794351, ""lambda_l2"": 1.7298800978754, ""learning_rate"": 0.0152979229147, ""max_cat_to_onehot"": 14, ""min_data_in_leaf"": 7, ""min_data_per_group"": 61, ""n_estimators"": 223, ""num_leaves"": 45}",c9bdab03,r14,0.7682965726694304,,40.58738421099997,0.7153625079999983,,,,0.2118827679471783,0.97350422371104,0.1418867924528302,0.7682965726694304,,,,,,,,,,
lightgbm,rel-stack,user-engagement,BINARY_CLASSIFICATION,0,30,roc_auc,cpu,False,"{""bagging_fraction"": 0.7870232821631, ""bagging_freq"": 1, ""cat_l2"": 0.1520732736224, ""cat_smooth"": 0.143579414226, ""extra_trees"": false, ""feature_fraction"": 0.4597414534665, ""lambda_l1"": 0.0376556278898, ""lambda_l2"": 0.8228523078385, ""learning_rate"": 0.0175995134195, ""max_cat_to_onehot"": 55, ""min_data_in_leaf"": 4, ""min_data_per_group"": 81, ""n_estimators"": 58, ""num_leaves"": 107}",5c4e94f9,r15,0.7688698536607609,,18.106276812000033,0.39563051799996174,,,,0.19653706697170176,0.9726420040780658,0.05016181229773463,0.7688698536607609,,,,,,,,,,
lightgbm,rel-stack,user-engagement,BINARY_CLASSIFICATION,0,30,roc_auc,cpu,False,"{""bagging_fraction"": 0.9252532736885, ""bagging_freq"": 1, ""cat_l2"": 0.0185425303217, ""cat_smooth"": 0.0026697944708, ""extra_trees"": true, ""feature_fraction"": 0.4403497788779, ""lambda_l1"": 0.990339913502, ""lambda_l2"": 1.5167814698069, ""learning_rate"": 0.032907451476, ""max_cat_to_onehot"": 89, ""min_data_in_leaf"": 2, ""min_data_per_group"": 10, ""n_estimators"": 665, ""num_leaves"": 12}",66abad1a,r16,0.7623291784723609,,37.863046200999975,1.0966821609999897,,,,0.20098110737526878,0.9729099912612875,0.09285992976980101,0.7623291784723609,,,,,,,,,,
lightgbm,rel-stack,user-engagement,BINARY_CLASSIFICATION,0,30,roc_auc,cpu,False,"{""bagging_fraction"": 0.9893469303368, ""bagging_freq"": 1, ""cat_l2"": 0.1517170923124, ""cat_smooth"": 0.0019146599966, ""extra_trees"": true, ""feature_fraction"": 0.8076356640991, ""lambda_l1"": 0.2169752947, ""lambda_l2"": 0.6401022999299, ""learning_rate"": 0.0682833284969, ""max_cat_to_onehot"": 45, ""min_data_in_leaf"": 2, ""min_data_per_group"": 8, ""n_estimators"": 71, ""num_leaves"": 27}",e3bf995d,r17,0.7645760432589513,,8.467571328999952,0.2050048449999622,,,,0.2120389567259704,0.9729682493445966,0.08733280881195908,0.7645760432589513,,,,,,,,,,
lightgbm,rel-stack,user-engagement,BINARY_CLASSIFICATION,0,30,roc_auc,cpu,False,"{""bagging_fraction"": 0.8662727305253, ""bagging_freq"": 1, ""cat_l2"": 0.0750558998512, ""cat_smooth"": 0.2749087238468, ""extra_trees"": true, ""feature_fraction"": 0.6722181067336, ""lambda_l1"": 0.6631118952798, ""lambda_l2"": 0.7669894419544, ""learning_rate"": 0.011346355764, ""max_cat_to_onehot"": 13, ""min_data_in_leaf"": 8, ""min_data_per_group"": 12, ""n_estimators"": 235, ""num_leaves"": 4}",d16f6217,r18,0.6773997951053947,,8.116107893000049,0.16842672999996466,,,,0.15765696922349143,0.9719662103116807,0.0,0.6773997951053947,,,,,,,,,,
lightgbm,rel-stack,user-engagement,BINARY_CLASSIFICATION,0,30,roc_auc,cpu,False,"{""bagging_fraction"": 0.7637171496671, ""bagging_freq"": 1, ""cat_l2"": 1.6733394870119, ""cat_smooth"": 25.4110617183616, ""extra_trees"": true, ""feature_fraction"": 0.7219475266652, ""lambda_l1"": 0.2633960444995, ""lambda_l2"": 1.1766753953959, ""learning_rate"": 0.0546075727721, ""max_cat_to_onehot"": 88, ""min_data_in_leaf"": 1, ""min_data_per_group"": 5, ""n_estimators"": 74, ""num_leaves"": 3}",3c940a82,r19,0.5589309800497657,,2.5845860069999844,0.10283021199995801,,,,0.08913198956876951,0.972071074861637,0.007453416149068323,0.5589309800497657,,,,,,,,,,
lightgbm,rel-stack,user-engagement,BINARY_CLASSIFICATION,0,30,roc_auc,cpu,False,"{""bagging_fraction"": 0.9145568099117, ""bagging_freq"": 1, ""cat_l2"": 0.0688015432043, ""cat_smooth"": 0.4410365667971, ""extra_trees"": false, ""feature_fraction"": 0.4842104682476, ""lambda_l1"": 0.6789116421659, ""lambda_l2"": 0.2119046236149, ""learning_rate"": 0.007497093098, ""max_cat_to_onehot"": 78, ""min_data_in_leaf"": 57, ""min_data_per_group"": 21, ""n_estimators"": 353, ""num_leaves"": 17}",a3464b9d,r2,0.7428860861707481,,27.410248353000014,0.5909873419999769,,,,0.19275501044727342,0.9726420040780658,0.04939271255060729,0.7428860861707481,,,,,,,,,,
lightgbm,rel-stack,user-engagement,BINARY_CLASSIFICATION,0,30,roc_auc,cpu,False,"{""bagging_fraction"": 0.766732967316, ""bagging_freq"": 1, ""cat_l2"": 0.2949769749976, ""cat_smooth"": 76.211749790676, ""extra_trees"": false, ""feature_fraction"": 0.9380027758242, ""lambda_l1"": 0.0207489343658, ""lambda_l2"": 1.6621138056269, ""learning_rate"": 0.0087194268009, ""max_cat_to_onehot"": 51, ""min_data_in_leaf"": 2, ""min_data_per_group"": 20, ""n_estimators"": 428, ""num_leaves"": 19}",8d3659ac,r20,0.665466695747993,,19.506186900999978,0.7803124819999994,,,,0.08140564089531405,0.9723041071948733,0.03256003256003256,0.665466695747993,,,,,,,,,,
lightgbm,rel-stack,user-engagement,BINARY_CLASSIFICATION,0,30,roc_auc,cpu,False,"{""bagging_fraction"": 0.806683821355, ""bagging_freq"": 1, ""cat_l2"": 0.0082421437739, ""cat_smooth"": 0.0160008811562, ""extra_trees"": false, ""feature_fraction"": 0.5089787202952, ""lambda_l1"": 0.2184810145264, ""lambda_l2"": 0.9723705046664, ""learning_rate"": 0.0507096180332, ""max_cat_to_onehot"": 54, ""min_data_in_leaf"": 3, ""min_data_per_group"": 18, ""n_estimators"": 165, ""num_leaves"": 161}",a6d8d71e,r21,0.80271167773195,,69.75068153899997,1.5099537970002075,,,,0.23563043719776472,0.9729449461112729,0.2107409925220938,0.80271167773195,,,,,,,,,,
lightgbm,rel-stack,user-engagement,BINARY_CLASSIFICATION,0,30,roc_auc,cpu,False,"{""bagging_fraction"": 0.9821295835758, ""bagging_freq"": 1, ""cat_l2"": 0.1367124095637, ""cat_smooth"": 0.0031729973642, ""extra_trees"": true, ""feature_fraction"": 0.7074360779775, ""lambda_l1"": 0.4552232983118, ""lambda_l2"": 1.417125445225, ""learning_rate"": 0.0925784167972, ""max_cat_to_onehot"": 8, ""min_data_in_leaf"": 5, ""min_data_per_group"": 7, ""n_estimators"": 123, ""num_leaves"": 2}",38aedfa8,r22,0.6805009188708622,,3.3360746630000904,0.10942949600007523,,,,0.14237884483783703,0.9719662103116807,0.0,0.6805009188708622,,,,,,,,,,
lightgbm,rel-stack,user-engagement,BINARY_CLASSIFICATION,0,30,roc_auc,cpu,False,"{""bagging_fraction"": 0.9295975761421, ""bagging_freq"": 1, ""cat_l2"": 0.1658867884192, ""cat_smooth"": 0.0012082259188, ""extra_trees"": false, ""feature_fraction"": 0.7482682823129, ""lambda_l1"": 0.8788818548033, ""lambda_l2"": 0.9963306369924, ""learning_rate"": 0.0662004421712, ""max_cat_to_onehot"": 15, ""min_data_in_leaf"": 1, ""min_data_per_group"": 44, ""n_estimators"": 510, ""num_leaves"": 23}",3e9b950f,r23,0.7925649165824615,,59.91842084199993,1.7214373250001245,,,,0.220551916155736,0.9725138362947859,0.18683212685280937,0.7925649165824615,,,,,,,,,,
lightgbm,rel-stack,user-engagement,BINARY_CLASSIFICATION,0,30,roc_auc,cpu,False,"{""bagging_fraction"": 0.9245990859552, ""bagging_freq"": 1, ""cat_l2"": 1.592158021275, ""cat_smooth"": 44.4269586841343, ""extra_trees"": false, ""feature_fraction"": 0.872525293573, ""lambda_l1"": 0.492319014681, ""lambda_l2"": 1.6891157039359, ""learning_rate"": 0.0517998481756, ""max_cat_to_onehot"": 22, ""min_data_in_leaf"": 59, ""min_data_per_group"": 10, ""n_estimators"": 802, ""num_leaves"": 8}",0d0b00fe,r24,0.7001891282694059,,22.139739341999984,1.2138521580000088,,,,0.12756494835176904,0.9728051267113312,0.08613938919342208,0.7001891282694059,,,,,,,,,,
lightgbm,rel-stack,user-engagement,BINARY_CLASSIFICATION,0,30,roc_auc,cpu,True,"{""bagging_fraction"": 0.9711159219238, ""bagging_freq"": 1, ""cat_l2"": 0.0287842816393, ""cat_smooth"": 2.2365712242177, ""extra_trees"": false, ""feature_fraction"": 0.7638852760411, ""lambda_l1"": 0.7155896013433, ""lambda_l2"": 0.3887650116637, ""learning_rate"": 0.0956151137114, ""max_cat_to_onehot"": 23, ""min_data_in_leaf"": 5, ""min_data_per_group"": 8, ""n_estimators"": 132, ""num_leaves"": 117}",311db951,r25,0.8061396998598658,0.8118359297062251,49.185997742999916,1.0498565540001437,58.227403557000116,1.2871035519999623,,0.23857003302945498,0.9717331779784445,0.23470031545741324,0.8061396998598658,0.2240382081021206,0.9725654378978181,0.20721311475409837,0.8118359297062251,,,,,,
lightgbm,rel-stack,user-engagement,BINARY_CLASSIFICATION,0,30,roc_auc,cpu,False,"{""bagging_fraction"": 0.7751868160582, ""bagging_freq"": 1, ""cat_l2"": 0.7205179793324, ""cat_smooth"": 0.2412048314858, ""extra_trees"": false, ""feature_fraction"": 0.5086905770421, ""lambda_l1"": 0.7774298210926, ""lambda_l2"": 0.7417685131559, ""learning_rate"": 0.006296404929, ""max_cat_to_onehot"": 41, ""min_data_in_leaf"": 17, ""min_data_per_group"": 4, ""n_estimators"": 197, ""num_leaves"": 50}",e3b85f93,r26,0.7578338345985813,,36.960409045000006,0.7635938739999801,,,,0.2015204855259875,0.9727585202446839,0.05877616747181964,0.7578338345985813,,,,,,,,,,
lightgbm,rel-stack,user-engagement,BINARY_CLASSIFICATION,0,30,roc_auc,cpu,False,"{""bagging_fraction"": 0.9032235488416, ""bagging_freq"": 1, ""cat_l2"": 0.0484438463597, ""cat_smooth"": 0.2752154717585, ""extra_trees"": false, ""feature_fraction"": 0.8731273073839, ""lambda_l1"": 0.2594966220889, ""lambda_l2"": 0.3941888549433, ""learning_rate"": 0.0236586574252, ""max_cat_to_onehot"": 8, ""min_data_in_leaf"": 3, ""min_data_per_group"": 69, ""n_estimators"": 438, ""num_leaves"": 9}",d90cbc4e,r27,0.7526023746341878,,26.17421084800003,0.566379635000203,,,,0.19991217300527314,0.9729682493445966,0.08517350157728706,0.7526023746341878,,,,,,,,,,
lightgbm,rel-stack,user-engagement,BINARY_CLASSIFICATION,0,30,roc_auc,cpu,False,"{""bagging_fraction"": 0.943127227378, ""bagging_freq"": 1, ""cat_l2"": 0.0089165711882, ""cat_smooth"": 0.196142976357, ""extra_trees"": false, ""feature_fraction"": 0.4341088458599, ""lambda_l1"": 0.3738757566188, ""lambda_l2"": 0.9197657819236, ""learning_rate"": 0.0125354274243, ""max_cat_to_onehot"": 23, ""min_data_in_leaf"": 1, ""min_data_per_group"": 16, ""n_estimators"": 165, ""num_leaves"": 65}",10f688c8,r28,0.7709921507423536,,33.70400564700003,0.7700282890000381,,,,0.20409160357502154,0.9730265074279056,0.09322365844104974,0.7709921507423536,,,,,,,,,,
lightgbm,rel-stack,user-engagement,BINARY_CLASSIFICATION,0,30,roc_auc,cpu,False,"{""bagging_fraction"": 0.8296444149774, ""bagging_freq"": 1, ""cat_l2"": 0.0231985345244, ""cat_smooth"": 0.419723324168, ""extra_trees"": true, ""feature_fraction"": 0.818198345035, ""lambda_l1"": 0.5876408752329, ""lambda_l2"": 0.0893201412781, ""learning_rate"": 0.0282078967013, ""max_cat_to_onehot"": 29, ""min_data_in_leaf"": 5, ""min_data_per_group"": 12, ""n_estimators"": 750, ""num_leaves"": 37}",fb774425,r29,0.7853358268896582,,134.23329953300004,5.028754715000105,,,,0.23038055792281723,0.9734226623944072,0.1908478183753104,0.7853358268896582,,,,,,,,,,
lightgbm,rel-stack,user-engagement,BINARY_CLASSIFICATION,0,30,roc_auc,cpu,False,"{""bagging_fraction"": 0.8808290128215, ""bagging_freq"": 1, ""cat_l2"": 1.0457234595842, ""cat_smooth"": 0.6921859910209, ""extra_trees"": true, ""feature_fraction"": 0.9220523550151, ""lambda_l1"": 0.7206605914604, ""lambda_l2"": 0.9472534786514, ""learning_rate"": 0.0132034424949, ""max_cat_to_onehot"": 25, ""min_data_in_leaf"": 15, ""min_data_per_group"": 7, ""n_estimators"": 335, ""num_leaves"": 35}",7ae6364f,r3,0.7625703619571848,,52.76143714699998,1.095084208000003,,,,0.21713236791249113,0.9734459656277309,0.12177263969171484,0.7625703619571848,,,,,,,,,,
lightgbm,rel-stack,user-engagement,BINARY_CLASSIFICATION,0,30,roc_auc,cpu,False,"{""bagging_fraction"": 0.9256403562964, ""bagging_freq"": 1, ""cat_l2"": 0.173468569422, ""cat_smooth"": 0.1622096133057, ""extra_trees"": true, ""feature_fraction"": 0.8672172375647, ""lambda_l1"": 0.2728946202342, ""lambda_l2"": 1.5996117895528, ""learning_rate"": 0.0885567275464, ""max_cat_to_onehot"": 31, ""min_data_in_leaf"": 54, ""min_data_per_group"": 63, ""n_estimators"": 395, ""num_leaves"": 6}",a691dd6f,r30,0.7462337470197844,,14.558588350000036,0.37695127100005266,,,,0.17579769866633926,0.972875036411302,0.08129439621152329,0.7462337470197844,,,,,,,,,,
lightgbm,rel-stack,user-engagement,BINARY_CLASSIFICATION,0,30,roc_auc,cpu,False,"{""bagging_fraction"": 0.8634649548991, ""bagging_freq"": 1, ""cat_l2"": 1.6087120636028, ""cat_smooth"": 42.4603130176821, ""extra_trees"": false, ""feature_fraction"": 0.6841648271642, ""lambda_l1"": 0.5820615900959, ""lambda_l2"": 0.3727460534192, ""learning_rate"": 0.0078289135266, ""max_cat_to_onehot"": 37, ""min_data_in_leaf"": 2, ""min_data_per_group"": 2, ""n_estimators"": 987, ""num_leaves"": 9}",1d48d1c9,r4,0.6749897813277377,,29.934935739999958,1.6718810819999703,,,,0.1087096646979914,0.9726769589280513,0.06461906661348225,0.6749897813277377,,,,,,,,,,
lightgbm,rel-stack,user-engagement,BINARY_CLASSIFICATION,0,30,roc_auc,cpu,False,"{""bagging_fraction"": 0.8270964398017, ""bagging_freq"": 1, ""cat_l2"": 0.0497402357678, ""cat_smooth"": 0.0022655846367, ""extra_trees"": true, ""feature_fraction"": 0.8805464511878, ""lambda_l1"": 0.5374194921261, ""lambda_l2"": 1.4738626624402, ""learning_rate"": 0.009732329389, ""max_cat_to_onehot"": 78, ""min_data_in_leaf"": 4, ""min_data_per_group"": 24, ""n_estimators"": 285, ""num_leaves"": 44}",4f68409e,r5,0.7497763047716622,,27.399480891999985,0.72855244699997,,,,0.18967477298371913,0.9722691523448879,0.022988505747126436,0.7497763047716622,,,,,,,,,,
lightgbm,rel-stack,user-engagement,BINARY_CLASSIFICATION,0,30,roc_auc,cpu,False,"{""bagging_fraction"": 0.7951605226208, ""bagging_freq"": 1, ""cat_l2"": 0.2087627025057, ""cat_smooth"": 0.0018992120999, ""extra_trees"": true, ""feature_fraction"": 0.5907899076364, ""lambda_l1"": 0.2654629519904, ""lambda_l2"": 0.6372060480074, ""learning_rate"": 0.0086558049456, ""max_cat_to_onehot"": 44, ""min_data_in_leaf"": 11, ""min_data_per_group"": 11, ""n_estimators"": 164, ""num_leaves"": 56}",3c57d7d3,r6,0.7547132171569024,,28.07689099600003,0.7214467889999696,,,,0.19349282490942366,0.9727934750946694,0.06337745687926194,0.7547132171569024,,,,,,,,,,
lightgbm,rel-stack,user-engagement,BINARY_CLASSIFICATION,0,30,roc_auc,cpu,False,"{""bagging_fraction"": 0.9335036446078, ""bagging_freq"": 1, ""cat_l2"": 0.2830562687557, ""cat_smooth"": 0.1802171314263, ""extra_trees"": true, ""feature_fraction"": 0.6485577967088, ""lambda_l1"": 0.5232957286614, ""lambda_l2"": 1.3348540188894, ""learning_rate"": 0.0289761662926, ""max_cat_to_onehot"": 15, ""min_data_in_leaf"": 11, ""min_data_per_group"": 55, ""n_estimators"": 701, ""num_leaves"": 20}",134c98bb,r7,0.7560615193815172,,37.66946806499999,1.4066461599999798,,,,0.1900967584649705,0.9728633847946403,0.07835377918480411,0.7560615193815172,,,,,,,,,,
lightgbm,rel-stack,user-engagement,BINARY_CLASSIFICATION,0,30,roc_auc,cpu,False,"{""bagging_fraction"": 0.9848713160352, ""bagging_freq"": 1, ""cat_l2"": 1.6905546285477, ""cat_smooth"": 0.001258746648, ""extra_trees"": true, ""feature_fraction"": 0.4384884978093, ""lambda_l1"": 0.0940311167074, ""lambda_l2"": 0.2636825450225, ""learning_rate"": 0.0053104402291, ""max_cat_to_onehot"": 51, ""min_data_in_leaf"": 10, ""min_data_per_group"": 31, ""n_estimators"": 285, ""num_leaves"": 164}",42517afb,r8,0.7394615866061758,,25.223428305000027,1.0037018010000338,,,,0.16701634574893195,0.9720244683949898,0.00414765657403567,0.7394615866061758,,,,,,,,,,
lightgbm,rel-stack,user-engagement,BINARY_CLASSIFICATION,0,30,roc_auc,cpu,False,"{""bagging_fraction"": 0.898758060085, ""bagging_freq"": 1, ""cat_l2"": 0.964011246959, ""cat_smooth"": 0.1616421454928, ""extra_trees"": false, ""feature_fraction"": 0.815483271622, ""lambda_l1"": 0.5759889009066, ""lambda_l2"": 1.4326827755167, ""learning_rate"": 0.0599026240177, ""max_cat_to_onehot"": 91, ""min_data_in_leaf"": 2, ""min_data_per_group"": 6, ""n_estimators"": 702, ""num_leaves"": 39}",b7f5d391,r9,0.8002487233647502,,153.59793218999994,7.752554443000008,,,,0.232405671656012,0.9724788814448004,0.21423819028609448,0.8002487233647502,,,,,,,,,,
lightgbm,rel-trial,site-success,REGRESSION,0,30,mae,cpu,False,{},bf21a9e8,default,0.46436504407792556,0.4454916179025445,1.5764502429999965,0.11437714299999868,1.243754435000028,0.1180850419999615,,,,,,,,,,-0.7117033714396861,0.46436504407792556,0.624976983070419,-0.5706931997488229,0.4454916179025445,0.6031004769805676
lightgbm,rel-trial,site-success,REGRESSION,0,30,mae,cpu,False,"{""bagging_fraction"": 0.8646440511782, ""bagging_freq"": 1, ""cat_l2"": 0.2396763788772, ""cat_smooth"": 9.0912832806515, ""extra_trees"": true, ""feature_fraction"": 0.9742930953718, ""lambda_l1"": 0.5205254318032, ""lambda_l2"": 1.5172553870823, ""learning_rate"": 0.0095655183906, ""max_cat_to_onehot"": 21, ""min_data_in_leaf"": 1, ""min_data_per_group"": 38, ""n_estimators"": 885, ""num_leaves"": 13}",9ddece77,r1,0.4521695702085965,,4.640421622000005,0.40203073100001063,,,,,,,,,,,,-0.6141290957948768,0.4521695702085965,0.6069024675235101,,,
lightgbm,rel-trial,site-success,REGRESSION,0,30,mae,cpu,False,"{""bagging_fraction"": 0.7040714906836, ""bagging_freq"": 1, ""cat_l2"": 0.1059359109832, ""cat_smooth"": 79.0557829290776, ""extra_trees"": true, ""feature_fraction"": 0.7399608725239, ""lambda_l1"": 0.9293032679565, ""lambda_l2"": 0.5788832452851, ""learning_rate"": 0.0050708289337, ""max_cat_to_onehot"": 15, ""min_data_in_leaf"": 53, ""min_data_per_group"": 48, ""n_estimators"": 398, ""num_leaves"": 14}",85d4ebc9,r10,0.4562143262553706,,2.3007425119999994,0.24072790099998542,,,,,,,,,,,,-0.516512973004305,0.4562143262553706,0.5882647632144785,,,
lightgbm,rel-trial,site-success,REGRESSION,0,30,mae,cpu,False,"{""bagging_fraction"": 0.8819179642384, ""bagging_freq"": 1, ""cat_l2"": 0.2028071332361, ""cat_smooth"": 0.9002514016925, ""extra_trees"": true, ""feature_fraction"": 0.9904253448185, ""lambda_l1"": 0.3523764300344, ""lambda_l2"": 1.0166800656129, ""learning_rate"": 0.0076046378471, ""max_cat_to_onehot"": 9, ""min_data_in_leaf"": 51, ""min_data_per_group"": 4, ""n_estimators"": 309, ""num_leaves"": 50}",eb5d77d2,r11,0.45524154573007886,,5.6427881660000025,0.270880223000006,,,,,,,,,,,,-0.6998500919587203,0.45524154573007886,0.6228092896400604,,,
lightgbm,rel-trial,site-success,REGRESSION,0,30,mae,cpu,False,"{""bagging_fraction"": 0.7057579594928, ""bagging_freq"": 1, ""cat_l2"": 0.0652607238611, ""cat_smooth"": 0.7440913299852, ""extra_trees"": true, ""feature_fraction"": 0.5562045565524, ""lambda_l1"": 0.4693022490728, ""lambda_l2"": 0.3337783413457, ""learning_rate"": 0.005523232486, ""max_cat_to_onehot"": 20, ""min_data_in_leaf"": 22, ""min_data_per_group"": 3, ""n_estimators"": 298, ""num_leaves"": 194}",97b0d170,r12,0.45814278258855234,,4.775966968000006,0.2880580339999881,,,,,,,,,,,,-0.7019308349423314,0.45814278258855234,0.6231903555166478,,,
lightgbm,rel-trial,site-success,REGRESSION,0,30,mae,cpu,False,"{""bagging_fraction"": 0.7904724450024, ""bagging_freq"": 1, ""cat_l2"": 0.0112585288934, ""cat_smooth"": 1.8450328342775, ""extra_trees"": false, ""feature_fraction"": 0.7222135128255, ""lambda_l1"": 0.8411560157726, ""lambda_l2"": 1.5581241341161, ""learning_rate"": 0.0949138303247, ""max_cat_to_onehot"": 8, ""min_data_in_leaf"": 4, ""min_data_per_group"": 12, ""n_estimators"": 523, ""num_leaves"": 6}",b0f88568,r13,0.4571229019442117,,3.1304922570000144,0.17670874999998887,,,,,,,,,,,,-0.7956330862687473,0.4571229019442117,0.640115833499074,,,
lightgbm,rel-trial,site-success,REGRESSION,0,30,mae,cpu,False,"{""bagging_fraction"": 0.8980520612478, ""bagging_freq"": 1, ""cat_l2"": 0.0298619738506, ""cat_smooth"": 1.8218656600978, ""extra_trees"": false, ""feature_fraction"": 0.6687557031224, ""lambda_l1"": 0.9046572794351, ""lambda_l2"": 1.7298800978754, ""learning_rate"": 0.0152979229147, ""max_cat_to_onehot"": 14, ""min_data_in_leaf"": 7, ""min_data_per_group"": 61, ""n_estimators"": 223, ""num_leaves"": 45}",c9bdab03,r14,0.45232167991096434,,6.706745347000009,0.3097675089999825,,,,,,,,,,,,-0.6957222700957388,0.45232167991096434,0.6220526322038575,,,
lightgbm,rel-trial,site-success,REGRESSION,0,30,mae,cpu,False,"{""bagging_fraction"": 0.7870232821631, ""bagging_freq"": 1, ""cat_l2"": 0.1520732736224, ""cat_smooth"": 0.143579414226, ""extra_trees"": false, ""feature_fraction"": 0.4597414534665, ""lambda_l1"": 0.0376556278898, ""lambda_l2"": 0.8228523078385, ""learning_rate"": 0.0175995134195, ""max_cat_to_onehot"": 55, ""min_data_in_leaf"": 4, ""min_data_per_group"": 81, ""n_estimators"": 58, ""num_leaves"": 107}",5c4e94f9,r15,0.4608445568956661,,2.065580904000001,0.13630693499999325,,,,,,,,,,,,-0.698463899342592,0.4608445568956661,0.6225552937959191,,,
lightgbm,rel-trial,site-success,REGRESSION,0,30,mae,cpu,False,"{""bagging_fraction"": 0.9252532736885, ""bagging_freq"": 1, ""cat_l2"": 0.0185425303217, ""cat_smooth"": 0.0026697944708, ""extra_trees"": true, ""feature_fraction"": 0.4403497788779, ""lambda_l1"": 0.990339913502, ""lambda_l2"": 1.5167814698069, ""learning_rate"": 0.032907451476, ""max_cat_to_onehot"": 89, ""min_data_in_leaf"": 2, ""min_data_per_group"": 10, ""n_estimators"": 665, ""num_leaves"": 12}",66abad1a,r16,0.4520464497710862,,4.040447215,0.25851629600001047,,,,,,,,,,,,-0.7109422970671324,0.4520464497710862,0.6248380259188966,,,
lightgbm,rel-trial,site-success,REGRESSION,0,30,mae,cpu,False,"{""bagging_fraction"": 0.9893469303368, ""bagging_freq"": 1, ""cat_l2"": 0.1517170923124, ""cat_smooth"": 0.0019146599966, ""extra_trees"": true, ""feature_fraction"": 0.8076356640991, ""lambda_l1"": 0.2169752947, ""lambda_l2"": 0.6401022999299, ""learning_rate"": 0.0682833284969, ""max_cat_to_onehot"": 45, ""min_data_in_leaf"": 2, ""min_data_per_group"": 8, ""n_estimators"": 71, ""num_leaves"": 27}",e3bf995d,r17,0.45396382706665817,,1.0425148879999995,0.11752309099998115,,,,,,,,,,,,-0.6565349079756142,0.45396382706665817,0.6148229441861808,,,
lightgbm,rel-trial,site-success,REGRESSION,0,30,mae,cpu,False,"{""bagging_fraction"": 0.8662727305253, ""bagging_freq"": 1, ""cat_l2"": 0.0750558998512, ""cat_smooth"": 0.2749087238468, ""extra_trees"": true, ""feature_fraction"": 0.6722181067336, ""lambda_l1"": 0.6631118952798, ""lambda_l2"": 0.7669894419544, ""learning_rate"": 0.011346355764, ""max_cat_to_onehot"": 13, ""min_data_in_leaf"": 8, ""min_data_per_group"": 12, ""n_estimators"": 235, ""num_leaves"": 4}",d16f6217,r18,0.4589738836412633,,1.333210121999997,0.12123031100000503,,,,,,,,,,,,-0.7277594256478224,0.4589738836412633,0.6279013339000079,,,
lightgbm,rel-trial,site-success,REGRESSION,0,30,mae,cpu,False,"{""bagging_fraction"": 0.7637171496671, ""bagging_freq"": 1, ""cat_l2"": 1.6733394870119, ""cat_smooth"": 25.4110617183616, ""extra_trees"": true, ""feature_fraction"": 0.7219475266652, ""lambda_l1"": 0.2633960444995, ""lambda_l2"": 1.1766753953959, ""learning_rate"": 0.0546075727721, ""max_cat_to_onehot"": 88, ""min_data_in_leaf"": 1, ""min_data_per_group"": 5, ""n_estimators"": 74, ""num_leaves"": 3}",3c940a82,r19,0.45864227948854414,,0.5468324680000194,0.10171653899999455,,,,,,,,,,,,-0.7224722492077345,0.45864227948854414,0.6269398664753711,,,
lightgbm,rel-trial,site-success,REGRESSION,0,30,mae,cpu,False,"{""bagging_fraction"": 0.9145568099117, ""bagging_freq"": 1, ""cat_l2"": 0.0688015432043, ""cat_smooth"": 0.4410365667971, ""extra_trees"": false, ""feature_fraction"": 0.4842104682476, ""lambda_l1"": 0.6789116421659, ""lambda_l2"": 0.2119046236149, ""learning_rate"": 0.007497093098, ""max_cat_to_onehot"": 78, ""min_data_in_leaf"": 57, ""min_data_per_group"": 21, ""n_estimators"": 353, ""num_leaves"": 17}",a3464b9d,r2,0.4571903622867548,,5.186532464999999,0.29214009700000076,,,,,,,,,,,,-0.7434608401225482,0.4571903622867548,0.6307479806324338,,,
lightgbm,rel-trial,site-success,REGRESSION,0,30,mae,cpu,False,"{""bagging_fraction"": 0.766732967316, ""bagging_freq"": 1, ""cat_l2"": 0.2949769749976, ""cat_smooth"": 76.211749790676, ""extra_trees"": false, ""feature_fraction"": 0.9380027758242, ""lambda_l1"": 0.0207489343658, ""lambda_l2"": 1.6621138056269, ""learning_rate"": 0.0087194268009, ""max_cat_to_onehot"": 51, ""min_data_in_leaf"": 2, ""min_data_per_group"": 20, ""n_estimators"": 428, ""num_leaves"": 19}",8d3659ac,r20,0.45807835477018577,,2.1908525400000087,0.12778984600001309,,,,,,,,,,,,-0.845448716373141,0.45807835477018577,0.648934346197956,,,
lightgbm,rel-trial,site-success,REGRESSION,0,30,mae,cpu,True,"{""bagging_fraction"": 0.806683821355, ""bagging_freq"": 1, ""cat_l2"": 0.0082421437739, ""cat_smooth"": 0.0160008811562, ""extra_trees"": false, ""feature_fraction"": 0.5089787202952, ""lambda_l1"": 0.2184810145264, ""lambda_l2"": 0.9723705046664, ""learning_rate"": 0.0507096180332, ""max_cat_to_onehot"": 54, ""min_data_in_leaf"": 3, ""min_data_per_group"": 18, ""n_estimators"": 165, ""num_leaves"": 161}",a6d8d71e,r21,0.44377068940992354,0.4375060937751241,14.833003228999985,0.6291331979999768,18.078738894999958,0.8169895229999611,,,,,,,,,,-0.5056300652870462,0.44377068940992354,0.5861501890826692,-0.354373757757787,0.4375060937751241,0.5600325315971879
lightgbm,rel-trial,site-success,REGRESSION,0,30,mae,cpu,False,"{""bagging_fraction"": 0.9821295835758, ""bagging_freq"": 1, ""cat_l2"": 0.1367124095637, ""cat_smooth"": 0.0031729973642, ""extra_trees"": true, ""feature_fraction"": 0.7074360779775, ""lambda_l1"": 0.4552232983118, ""lambda_l2"": 1.417125445225, ""learning_rate"": 0.0925784167972, ""max_cat_to_onehot"": 8, ""min_data_in_leaf"": 5, ""min_data_per_group"": 7, ""n_estimators"": 123, ""num_leaves"": 2}",38aedfa8,r22,0.4708354727189792,,0.6953010459999973,0.10613701200000492,,,,,,,,,,,,-0.8683909642013252,0.4708354727189792,0.6529555976878967,,,
lightgbm,rel-trial,site-success,REGRESSION,0,30,mae,cpu,False,"{""bagging_fraction"": 0.9295975761421, ""bagging_freq"": 1, ""cat_l2"": 0.1658867884192, ""cat_smooth"": 0.0012082259188, ""extra_trees"": false, ""feature_fraction"": 0.7482682823129, ""lambda_l1"": 0.8788818548033, ""lambda_l2"": 0.9963306369924, ""learning_rate"": 0.0662004421712, ""max_cat_to_onehot"": 15, ""min_data_in_leaf"": 1, ""min_data_per_group"": 44, ""n_estimators"": 510, ""num_leaves"": 23}",3e9b950f,r23,0.44704645388078834,,11.812225178000006,0.4919445719999942,,,,,,,,,,,,-0.6783648547155847,0.44704645388078834,0.618860777457604,,,
lightgbm,rel-trial,site-success,REGRESSION,0,30,mae,cpu,False,"{""bagging_fraction"": 0.9245990859552, ""bagging_freq"": 1, ""cat_l2"": 1.592158021275, ""cat_smooth"": 44.4269586841343, ""extra_trees"": false, ""feature_fraction"": 0.872525293573, ""lambda_l1"": 0.492319014681, ""lambda_l2"": 1.6891157039359, ""learning_rate"": 0.0517998481756, ""max_cat_to_onehot"": 22, ""min_data_in_leaf"": 59, ""min_data_per_group"": 10, ""n_estimators"": 802, ""num_leaves"": 8}",0d0b00fe,r24,0.4554414428010922,,3.695595178000019,0.2729273699999908,,,,,,,,,,,,-0.7017556292711467,0.4554414428010922,0.623158277451995,,,
lightgbm,rel-trial,site-success,REGRESSION,0,30,mae,cpu,False,"{""bagging_fraction"": 0.9711159219238, ""bagging_freq"": 1, ""cat_l2"": 0.0287842816393, ""cat_smooth"": 2.2365712242177, ""extra_trees"": false, ""feature_fraction"": 0.7638852760411, ""lambda_l1"": 0.7155896013433, ""lambda_l2"": 0.3887650116637, ""learning_rate"": 0.0956151137114, ""max_cat_to_onehot"": 23, ""min_data_in_leaf"": 5, ""min_data_per_group"": 8, ""n_estimators"": 132, ""num_leaves"": 117}",311db951,r25,0.44565091125906525,,9.570527192000014,0.4745245139999952,,,,,,,,,,,,-0.5127352033207517,0.44565091125906525,0.5875315962190367,,,
lightgbm,rel-trial,site-success,REGRESSION,0,30,mae,cpu,False,"{""bagging_fraction"": 0.7751868160582, ""bagging_freq"": 1, ""cat_l2"": 0.7205179793324, ""cat_smooth"": 0.2412048314858, ""extra_trees"": false, ""feature_fraction"": 0.5086905770421, ""lambda_l1"": 0.7774298210926, ""lambda_l2"": 0.7417685131559, ""learning_rate"": 0.006296404929, ""max_cat_to_onehot"": 41, ""min_data_in_leaf"": 17, ""min_data_per_group"": 4, ""n_estimators"": 197, ""num_leaves"": 50}",e3b85f93,r26,0.45950461219465405,,7.239092913999997,0.3165937139999926,,,,,,,,,,,,-0.7311659688868664,0.45950461219465405,0.6285200310755615,,,
lightgbm,rel-trial,site-success,REGRESSION,0,30,mae,cpu,False,"{""bagging_fraction"": 0.9032235488416, ""bagging_freq"": 1, ""cat_l2"": 0.0484438463597, ""cat_smooth"": 0.2752154717585, ""extra_trees"": false, ""feature_fraction"": 0.8731273073839, ""lambda_l1"": 0.2594966220889, ""lambda_l2"": 0.3941888549433, ""learning_rate"": 0.0236586574252, ""max_cat_to_onehot"": 8, ""min_data_in_leaf"": 3, ""min_data_per_group"": 69, ""n_estimators"": 438, ""num_leaves"": 9}",d90cbc4e,r27,0.45791326886357064,,3.4694155180000052,0.23968961400001376,,,,,,,,,,,,-0.8449714681899625,0.45791326886357064,0.6488504308985267,,,
lightgbm,rel-trial,site-success,REGRESSION,0,30,mae,cpu,False,"{""bagging_fraction"": 0.943127227378, ""bagging_freq"": 1, ""cat_l2"": 0.0089165711882, ""cat_smooth"": 0.196142976357, ""extra_trees"": false, ""feature_fraction"": 0.4341088458599, ""lambda_l1"": 0.3738757566188, ""lambda_l2"": 0.9197657819236, ""learning_rate"": 0.0125354274243, ""max_cat_to_onehot"": 23, ""min_data_in_leaf"": 1, ""min_data_per_group"": 16, ""n_estimators"": 165, ""num_leaves"": 65}",10f688c8,r28,0.4545472345382942,,7.781768416000006,0.30750190999998495,,,,,,,,,,,,-0.6862382394508941,0.4545472345382942,0.6203106493265009,,,
lightgbm,rel-trial,site-success,REGRESSION,0,30,mae,cpu,False,"{""bagging_fraction"": 0.8296444149774, ""bagging_freq"": 1, ""cat_l2"": 0.0231985345244, ""cat_smooth"": 0.419723324168, ""extra_trees"": true, ""feature_fraction"": 0.818198345035, ""lambda_l1"": 0.5876408752329, ""lambda_l2"": 0.0893201412781, ""learning_rate"": 0.0282078967013, ""max_cat_to_onehot"": 29, ""min_data_in_leaf"": 5, ""min_data_per_group"": 12, ""n_estimators"": 750, ""num_leaves"": 37}",fb774425,r29,0.45137720984519947,,5.710434272999976,0.40726735199996256,,,,,,,,,,,,-0.6402134106953752,0.45137720984519947,0.6117865845935118,,,
lightgbm,rel-trial,site-success,REGRESSION,0,30,mae,cpu,False,"{""bagging_fraction"": 0.8808290128215, ""bagging_freq"": 1, ""cat_l2"": 1.0457234595842, ""cat_smooth"": 0.6921859910209, ""extra_trees"": true, ""feature_fraction"": 0.9220523550151, ""lambda_l1"": 0.7206605914604, ""lambda_l2"": 0.9472534786514, ""learning_rate"": 0.0132034424949, ""max_cat_to_onehot"": 25, ""min_data_in_leaf"": 15, ""min_data_per_group"": 7, ""n_estimators"": 335, ""num_leaves"": 35}",7ae6364f,r3,0.4528795891069685,,4.148663181999993,0.2634257209999902,,,,,,,,,,,,-0.6254057635348858,0.4528795891069685,0.6090187560908761,,,
lightgbm,rel-trial,site-success,REGRESSION,0,30,mae,cpu,False,"{""bagging_fraction"": 0.9256403562964, ""bagging_freq"": 1, ""cat_l2"": 0.173468569422, ""cat_smooth"": 0.1622096133057, ""extra_trees"": true, ""feature_fraction"": 0.8672172375647, ""lambda_l1"": 0.2728946202342, ""lambda_l2"": 1.5996117895528, ""learning_rate"": 0.0885567275464, ""max_cat_to_onehot"": 31, ""min_data_in_leaf"": 54, ""min_data_per_group"": 63, ""n_estimators"": 395, ""num_leaves"": 6}",a691dd6f,r30,0.45511267712259085,,1.7648480279999603,0.1296255710000196,,,,,,,,,,,,-0.6569716723206471,0.45511267712259085,0.6149039913893329,,,
lightgbm,rel-trial,site-success,REGRESSION,0,30,mae,cpu,False,"{""bagging_fraction"": 0.8634649548991, ""bagging_freq"": 1, ""cat_l2"": 1.6087120636028, ""cat_smooth"": 42.4603130176821, ""extra_trees"": false, ""feature_fraction"": 0.6841648271642, ""lambda_l1"": 0.5820615900959, ""lambda_l2"": 0.3727460534192, ""learning_rate"": 0.0078289135266, ""max_cat_to_onehot"": 37, ""min_data_in_leaf"": 2, ""min_data_per_group"": 2, ""n_estimators"": 987, ""num_leaves"": 9}",1d48d1c9,r4,0.45462466206993485,,4.550272890000002,0.4012274729999916,,,,,,,,,,,,-0.6424683706133674,0.45462466206993485,0.6122069812295979,,,
lightgbm,rel-trial,site-success,REGRESSION,0,30,mae,cpu,False,"{""bagging_fraction"": 0.8270964398017, ""bagging_freq"": 1, ""cat_l2"": 0.0497402357678, ""cat_smooth"": 0.0022655846367, ""extra_trees"": true, ""feature_fraction"": 0.8805464511878, ""lambda_l1"": 0.5374194921261, ""lambda_l2"": 1.4738626624402, ""learning_rate"": 0.009732329389, ""max_cat_to_onehot"": 78, ""min_data_in_leaf"": 4, ""min_data_per_group"": 24, ""n_estimators"": 285, ""num_leaves"": 44}",4f68409e,r5,0.456112098978218,,2.0781495330000013,0.1669238740000054,,,,,,,,,,,,-0.68169505097247,0.456112098978218,0.6194744421602616,,,
lightgbm,rel-trial,site-success,REGRESSION,0,30,mae,cpu,False,"{""bagging_fraction"": 0.7951605226208, ""bagging_freq"": 1, ""cat_l2"": 0.2087627025057, ""cat_smooth"": 0.0018992120999, ""extra_trees"": true, ""feature_fraction"": 0.5907899076364, ""lambda_l1"": 0.2654629519904, ""lambda_l2"": 0.6372060480074, ""learning_rate"": 0.0086558049456, ""max_cat_to_onehot"": 44, ""min_data_in_leaf"": 11, ""min_data_per_group"": 11, ""n_estimators"": 164, ""num_leaves"": 56}",3c57d7d3,r6,0.46084980105736306,,1.5488741209999972,0.14542689799999664,,,,,,,,,,,,-0.7138604091751768,0.46084980105736306,0.6253706478015919,,,
lightgbm,rel-trial,site-success,REGRESSION,0,30,mae,cpu,False,"{""bagging_fraction"": 0.9335036446078, ""bagging_freq"": 1, ""cat_l2"": 0.2830562687557, ""cat_smooth"": 0.1802171314263, ""extra_trees"": true, ""feature_fraction"": 0.6485577967088, ""lambda_l1"": 0.5232957286614, ""lambda_l2"": 1.3348540188894, ""learning_rate"": 0.0289761662926, ""max_cat_to_onehot"": 15, ""min_data_in_leaf"": 11, ""min_data_per_group"": 55, ""n_estimators"": 701, ""num_leaves"": 20}",134c98bb,r7,0.453879430370551,,4.307571695000007,0.2014934149999874,,,,,,,,,,,,-0.6496568775492733,0.453879430370551,0.6135452259927774,,,
lightgbm,rel-trial,site-success,REGRESSION,0,30,mae,cpu,False,"{""bagging_fraction"": 0.9848713160352, ""bagging_freq"": 1, ""cat_l2"": 1.6905546285477, ""cat_smooth"": 0.001258746648, ""extra_trees"": true, ""feature_fraction"": 0.4384884978093, ""lambda_l1"": 0.0940311167074, ""lambda_l2"": 0.2636825450225, ""learning_rate"": 0.0053104402291, ""max_cat_to_onehot"": 51, ""min_data_in_leaf"": 10, ""min_data_per_group"": 31, ""n_estimators"": 285, ""num_leaves"": 164}",42517afb,r8,0.46181386971105187,,1.5733799310000052,0.15127596400000698,,,,,,,,,,,,-0.7559739441548734,0.46181386971105187,0.6330074245683341,,,
lightgbm,rel-trial,site-success,REGRESSION,0,30,mae,cpu,False,"{""bagging_fraction"": 0.898758060085, ""bagging_freq"": 1, ""cat_l2"": 0.964011246959, ""cat_smooth"": 0.1616421454928, ""extra_trees"": false, ""feature_fraction"": 0.815483271622, ""lambda_l1"": 0.5759889009066, ""lambda_l2"": 1.4326827755167, ""learning_rate"": 0.0599026240177, ""max_cat_to_onehot"": 91, ""min_data_in_leaf"": 2, ""min_data_per_group"": 6, ""n_estimators"": 702, ""num_leaves"": 39}",b7f5d391,r9,0.4479402721963421,,23.819343806999996,1.2515483679999875,,,,,,,,,,,,-0.7111630833175979,0.4479402721963421,0.6248783403102233,,,
lightgbm,rel-trial,study-adverse,REGRESSION,0,30,mae,cpu,False,{},bf21a9e8,default,48.83073246317332,45.51214714165657,2.0139446299999975,0.2746278509999911,1.7983913870000094,0.28184215499999254,,,,,,,,,,0.09616853209291054,48.83073246317332,371.83389796776737,0.3019637243548864,45.51214714165657,208.60926478880103
lightgbm,rel-trial,study-adverse,REGRESSION,0,30,mae,cpu,False,"{""bagging_fraction"": 0.8646440511782, ""bagging_freq"": 1, ""cat_l2"": 0.2396763788772, ""cat_smooth"": 9.0912832806515, ""extra_trees"": true, ""feature_fraction"": 0.9742930953718, ""lambda_l1"": 0.5205254318032, ""lambda_l2"": 1.5172553870823, ""learning_rate"": 0.0095655183906, ""max_cat_to_onehot"": 21, ""min_data_in_leaf"": 1, ""min_data_per_group"": 38, ""n_estimators"": 885, ""num_leaves"": 13}",9ddece77,r1,50.79880518054129,,2.6920435849999933,0.32638019299999144,,,,,,,,,,,,0.041402484986776456,50.79880518054129,382.93353416137467,,,
lightgbm,rel-trial,study-adverse,REGRESSION,0,30,mae,cpu,False,"{""bagging_fraction"": 0.7040714906836, ""bagging_freq"": 1, ""cat_l2"": 0.1059359109832, ""cat_smooth"": 79.0557829290776, ""extra_trees"": true, ""feature_fraction"": 0.7399608725239, ""lambda_l1"": 0.9293032679565, ""lambda_l2"": 0.5788832452851, ""learning_rate"": 0.0050708289337, ""max_cat_to_onehot"": 15, ""min_data_in_leaf"": 53, ""min_data_per_group"": 48, ""n_estimators"": 398, ""num_leaves"": 14}",85d4ebc9,r10,53.718308408651076,,2.0325837670000055,0.2901076120000141,,,,,,,,,,,,0.0005349857006649028,53.718308408651076,391.0110662161927,,,
lightgbm,rel-trial,study-adverse,REGRESSION,0,30,mae,cpu,False,"{""bagging_fraction"": 0.8819179642384, ""bagging_freq"": 1, ""cat_l2"": 0.2028071332361, ""cat_smooth"": 0.9002514016925, ""extra_trees"": true, ""feature_fraction"": 0.9904253448185, ""lambda_l1"": 0.3523764300344, ""lambda_l2"": 1.0166800656129, ""learning_rate"": 0.0076046378471, ""max_cat_to_onehot"": 9, ""min_data_in_leaf"": 51, ""min_data_per_group"": 4, ""n_estimators"": 309, ""num_leaves"": 50}",eb5d77d2,r11,52.4563461519741,,2.6528607559999955,0.29360576199999855,,,,,,,,,,,,0.01261566149337967,52.4563461519741,388.64077875284573,,,
lightgbm,rel-trial,study-adverse,REGRESSION,0,30,mae,cpu,False,"{""bagging_fraction"": 0.7057579594928, ""bagging_freq"": 1, ""cat_l2"": 0.0652607238611, ""cat_smooth"": 0.7440913299852, ""extra_trees"": true, ""feature_fraction"": 0.5562045565524, ""lambda_l1"": 0.4693022490728, ""lambda_l2"": 0.3337783413457, ""learning_rate"": 0.005523232486, ""max_cat_to_onehot"": 20, ""min_data_in_leaf"": 22, ""min_data_per_group"": 3, ""n_estimators"": 298, ""num_leaves"": 194}",97b0d170,r12,53.838465202264665,,2.6663625420000017,0.29587221600002067,,,,,,,,,,,,-0.0019536512222941838,53.838465202264665,391.4975662827822,,,
lightgbm,rel-trial,study-adverse,REGRESSION,0,30,mae,cpu,False,"{""bagging_fraction"": 0.7904724450024, ""bagging_freq"": 1, ""cat_l2"": 0.0112585288934, ""cat_smooth"": 1.8450328342775, ""extra_trees"": false, ""feature_fraction"": 0.7222135128255, ""lambda_l1"": 0.8411560157726, ""lambda_l2"": 1.5581241341161, ""learning_rate"": 0.0949138303247, ""max_cat_to_onehot"": 8, ""min_data_in_leaf"": 4, ""min_data_per_group"": 12, ""n_estimators"": 523, ""num_leaves"": 6}",b0f88568,r13,51.63332613636781,,2.250455069999987,0.274138521999987,,,,,,,,,,,,0.030877810412423656,51.63332613636781,385.0299556555741,,,
lightgbm,rel-trial,study-adverse,REGRESSION,0,30,mae,cpu,False,"{""bagging_fraction"": 0.8980520612478, ""bagging_freq"": 1, ""cat_l2"": 0.0298619738506, ""cat_smooth"": 1.8218656600978, ""extra_trees"": false, ""feature_fraction"": 0.6687557031224, ""lambda_l1"": 0.9046572794351, ""lambda_l2"": 1.7298800978754, ""learning_rate"": 0.0152979229147, ""max_cat_to_onehot"": 14, ""min_data_in_leaf"": 7, ""min_data_per_group"": 61, ""n_estimators"": 223, ""num_leaves"": 45}",c9bdab03,r14,50.0637511001824,,2.306760402000009,0.2793070250000085,,,,,,,,,,,,0.044430021113588514,50.0637511001824,382.3283469330268,,,
lightgbm,rel-trial,study-adverse,REGRESSION,0,30,mae,cpu,False,"{""bagging_fraction"": 0.7870232821631, ""bagging_freq"": 1, ""cat_l2"": 0.1520732736224, ""cat_smooth"": 0.143579414226, ""extra_trees"": false, ""feature_fraction"": 0.4597414534665, ""lambda_l1"": 0.0376556278898, ""lambda_l2"": 0.8228523078385, ""learning_rate"": 0.0175995134195, ""max_cat_to_onehot"": 55, ""min_data_in_leaf"": 4, ""min_data_per_group"": 81, ""n_estimators"": 58, ""num_leaves"": 107}",5c4e94f9,r15,53.925389773762994,,1.688891754999986,0.2655468199999973,,,,,,,,,,,,0.0025747707747015847,53.925389773762994,390.611859700243,,,
lightgbm,rel-trial,study-adverse,REGRESSION,0,30,mae,cpu,False,"{""bagging_fraction"": 0.9252532736885, ""bagging_freq"": 1, ""cat_l2"": 0.0185425303217, ""cat_smooth"": 0.0026697944708, ""extra_trees"": true, ""feature_fraction"": 0.4403497788779, ""lambda_l1"": 0.990339913502, ""lambda_l2"": 1.5167814698069, ""learning_rate"": 0.032907451476, ""max_cat_to_onehot"": 89, ""min_data_in_leaf"": 2, ""min_data_per_group"": 10, ""n_estimators"": 665, ""num_leaves"": 12}",66abad1a,r16,51.2651449926177,,2.564787067999987,0.30409171200000173,,,,,,,,,,,,0.04846165529475821,51.2651449926177,381.520955878979,,,
lightgbm,rel-trial,study-adverse,REGRESSION,0,30,mae,cpu,False,"{""bagging_fraction"": 0.9893469303368, ""bagging_freq"": 1, ""cat_l2"": 0.1517170923124, ""cat_smooth"": 0.0019146599966, ""extra_trees"": true, ""feature_fraction"": 0.8076356640991, ""lambda_l1"": 0.2169752947, ""lambda_l2"": 0.6401022999299, ""learning_rate"": 0.0682833284969, ""max_cat_to_onehot"": 45, ""min_data_in_leaf"": 2, ""min_data_per_group"": 8, ""n_estimators"": 71, ""num_leaves"": 27}",e3bf995d,r17,51.224592081188376,,1.5708371280000222,0.2604587630000026,,,,,,,,,,,,0.04188163281247148,51.224592081188376,382.8378189622759,,,
lightgbm,rel-trial,study-adverse,REGRESSION,0,30,mae,cpu,False,"{""bagging_fraction"": 0.8662727305253, ""bagging_freq"": 1, ""cat_l2"": 0.0750558998512, ""cat_smooth"": 0.2749087238468, ""extra_trees"": true, ""feature_fraction"": 0.6722181067336, ""lambda_l1"": 0.6631118952798, ""lambda_l2"": 0.7669894419544, ""learning_rate"": 0.011346355764, ""max_cat_to_onehot"": 13, ""min_data_in_leaf"": 8, ""min_data_per_group"": 12, ""n_estimators"": 235, ""num_leaves"": 4}",d16f6217,r18,54.745755988910446,,1.691563187000014,0.26310976499999583,,,,,,,,,,,,-0.007237473113680171,54.745755988910446,392.52849389655427,,,
lightgbm,rel-trial,study-adverse,REGRESSION,0,30,mae,cpu,False,"{""bagging_fraction"": 0.7637171496671, ""bagging_freq"": 1, ""cat_l2"": 1.6733394870119, ""cat_smooth"": 25.4110617183616, ""extra_trees"": true, ""feature_fraction"": 0.7219475266652, ""lambda_l1"": 0.2633960444995, ""lambda_l2"": 1.1766753953959, ""learning_rate"": 0.0546075727721, ""max_cat_to_onehot"": 88, ""min_data_in_leaf"": 1, ""min_data_per_group"": 5, ""n_estimators"": 74, ""num_leaves"": 3}",3c940a82,r19,54.486181272534054,,1.452155925999989,0.26062896300001626,,,,,,,,,,,,-0.005301483571819476,54.486181272534054,392.1510771539713,,,
lightgbm,rel-trial,study-adverse,REGRESSION,0,30,mae,cpu,False,"{""bagging_fraction"": 0.9145568099117, ""bagging_freq"": 1, ""cat_l2"": 0.0688015432043, ""cat_smooth"": 0.4410365667971, ""extra_trees"": false, ""feature_fraction"": 0.4842104682476, ""lambda_l1"": 0.6789116421659, ""lambda_l2"": 0.2119046236149, ""learning_rate"": 0.007497093098, ""max_cat_to_onehot"": 78, ""min_data_in_leaf"": 57, ""min_data_per_group"": 21, ""n_estimators"": 353, ""num_leaves"": 17}",a3464b9d,r2,53.31419343419551,,2.2988378950000055,0.2803215930000107,,,,,,,,,,,,0.003506310598506368,53.31419343419551,390.4294121890367,,,
lightgbm,rel-trial,study-adverse,REGRESSION,0,30,mae,cpu,False,"{""bagging_fraction"": 0.766732967316, ""bagging_freq"": 1, ""cat_l2"": 0.2949769749976, ""cat_smooth"": 76.211749790676, ""extra_trees"": false, ""feature_fraction"": 0.9380027758242, ""lambda_l1"": 0.0207489343658, ""lambda_l2"": 1.6621138056269, ""learning_rate"": 0.0087194268009, ""max_cat_to_onehot"": 51, ""min_data_in_leaf"": 2, ""min_data_per_group"": 20, ""n_estimators"": 428, ""num_leaves"": 19}",8d3659ac,r20,51.0281834430628,,3.5663113969999927,0.27268140799998264,,,,,,,,,,,,0.0437108506199102,51.0281834430628,382.47219173630884,,,
lightgbm,rel-trial,study-adverse,REGRESSION,0,30,mae,cpu,False,"{""bagging_fraction"": 0.806683821355, ""bagging_freq"": 1, ""cat_l2"": 0.0082421437739, ""cat_smooth"": 0.0160008811562, ""extra_trees"": false, ""feature_fraction"": 0.5089787202952, ""lambda_l1"": 0.2184810145264, ""lambda_l2"": 0.9723705046664, ""learning_rate"": 0.0507096180332, ""max_cat_to_onehot"": 54, ""min_data_in_leaf"": 3, ""min_data_per_group"": 18, ""n_estimators"": 165, ""num_leaves"": 161}",a6d8d71e,r21,47.520357970026545,,2.7829640289999986,0.28654158000000507,,,,,,,,,,,,0.10777013014464365,47.520357970026545,369.4397568218177,,,
lightgbm,rel-trial,study-adverse,REGRESSION,0,30,mae,cpu,False,"{""bagging_fraction"": 0.9821295835758, ""bagging_freq"": 1, ""cat_l2"": 0.1367124095637, ""cat_smooth"": 0.0031729973642, ""extra_trees"": true, ""feature_fraction"": 0.7074360779775, ""lambda_l1"": 0.4552232983118, ""lambda_l2"": 1.417125445225, ""learning_rate"": 0.0925784167972, ""max_cat_to_onehot"": 8, ""min_data_in_leaf"": 5, ""min_data_per_group"": 7, ""n_estimators"": 123, ""num_leaves"": 2}",38aedfa8,r22,54.85690254106188,,1.5169076099999756,0.2619431900000109,,,,,,,,,,,,-0.004256674984219444,54.85690254106188,391.9472431145298,,,
lightgbm,rel-trial,study-adverse,REGRESSION,0,30,mae,cpu,False,"{""bagging_fraction"": 0.9295975761421, ""bagging_freq"": 1, ""cat_l2"": 0.1658867884192, ""cat_smooth"": 0.0012082259188, ""extra_trees"": false, ""feature_fraction"": 0.7482682823129, ""lambda_l1"": 0.8788818548033, ""lambda_l2"": 0.9963306369924, ""learning_rate"": 0.0662004421712, ""max_cat_to_onehot"": 15, ""min_data_in_leaf"": 1, ""min_data_per_group"": 44, ""n_estimators"": 510, ""num_leaves"": 23}",3e9b950f,r23,47.92911396247742,,3.1389639860000216,0.31838514399998985,,,,,,,,,,,,0.11329950478872286,47.92911396247742,368.2932218143519,,,
lightgbm,rel-trial,study-adverse,REGRESSION,0,30,mae,cpu,False,"{""bagging_fraction"": 0.9245990859552, ""bagging_freq"": 1, ""cat_l2"": 1.592158021275, ""cat_smooth"": 44.4269586841343, ""extra_trees"": false, ""feature_fraction"": 0.872525293573, ""lambda_l1"": 0.492319014681, ""lambda_l2"": 1.6891157039359, ""learning_rate"": 0.0517998481756, ""max_cat_to_onehot"": 22, ""min_data_in_leaf"": 59, ""min_data_per_group"": 10, ""n_estimators"": 802, ""num_leaves"": 8}",0d0b00fe,r24,48.7053618698708,,2.424612394999997,0.28731491199999937,,,,,,,,,,,,0.09547576190758078,48.7053618698708,371.97637259158785,,,
lightgbm,rel-trial,study-adverse,REGRESSION,0,30,mae,cpu,False,"{""bagging_fraction"": 0.9711159219238, ""bagging_freq"": 1, ""cat_l2"": 0.0287842816393, ""cat_smooth"": 2.2365712242177, ""extra_trees"": false, ""feature_fraction"": 0.7638852760411, ""lambda_l1"": 0.7155896013433, ""lambda_l2"": 0.3887650116637, ""learning_rate"": 0.0956151137114, ""max_cat_to_onehot"": 23, ""min_data_in_leaf"": 5, ""min_data_per_group"": 8, ""n_estimators"": 132, ""num_leaves"": 117}",311db951,r25,45.77639156150314,,2.2834145570000146,0.27809457899999757,,,,,,,,,,,,0.16426839461440823,45.77639156150314,357.551548926155,,,
lightgbm,rel-trial,study-adverse,REGRESSION,0,30,mae,cpu,False,"{""bagging_fraction"": 0.7751868160582, ""bagging_freq"": 1, ""cat_l2"": 0.7205179793324, ""cat_smooth"": 0.2412048314858, ""extra_trees"": false, ""feature_fraction"": 0.5086905770421, ""lambda_l1"": 0.7774298210926, ""lambda_l2"": 0.7417685131559, ""learning_rate"": 0.006296404929, ""max_cat_to_onehot"": 41, ""min_data_in_leaf"": 17, ""min_data_per_group"": 4, ""n_estimators"": 197, ""num_leaves"": 50}",e3b85f93,r26,53.591521624029546,,2.250101134999994,0.27552031900000884,,,,,,,,,,,,0.0011881531396683576,53.591521624029546,390.8832791335589,,,
lightgbm,rel-trial,study-adverse,REGRESSION,0,30,mae,cpu,False,"{""bagging_fraction"": 0.9032235488416, ""bagging_freq"": 1, ""cat_l2"": 0.0484438463597, ""cat_smooth"": 0.2752154717585, ""extra_trees"": false, ""feature_fraction"": 0.8731273073839, ""lambda_l1"": 0.2594966220889, ""lambda_l2"": 0.3941888549433, ""learning_rate"": 0.0236586574252, ""max_cat_to_onehot"": 8, ""min_data_in_leaf"": 3, ""min_data_per_group"": 69, ""n_estimators"": 438, ""num_leaves"": 9}",d90cbc4e,r27,52.09457864363613,,2.2983807630000115,0.27428410899997857,,,,,,,,,,,,0.030711605091273353,52.09457864363613,385.0629707307611,,,
lightgbm,rel-trial,study-adverse,REGRESSION,0,30,mae,cpu,False,"{""bagging_fraction"": 0.943127227378, ""bagging_freq"": 1, ""cat_l2"": 0.0089165711882, ""cat_smooth"": 0.196142976357, ""extra_trees"": false, ""feature_fraction"": 0.4341088458599, ""lambda_l1"": 0.3738757566188, ""lambda_l2"": 0.9197657819236, ""learning_rate"": 0.0125354274243, ""max_cat_to_onehot"": 23, ""min_data_in_leaf"": 1, ""min_data_per_group"": 16, ""n_estimators"": 165, ""num_leaves"": 65}",10f688c8,r28,52.750360535397114,,2.1950292239999953,0.2752100859999871,,,,,,,,,,,,0.011753233689662523,52.750360535397114,388.81047025129493,,,
lightgbm,rel-trial,study-adverse,REGRESSION,0,30,mae,cpu,False,"{""bagging_fraction"": 0.8296444149774, ""bagging_freq"": 1, ""cat_l2"": 0.0231985345244, ""cat_smooth"": 0.419723324168, ""extra_trees"": true, ""feature_fraction"": 0.818198345035, ""lambda_l1"": 0.5876408752329, ""lambda_l2"": 0.0893201412781, ""learning_rate"": 0.0282078967013, ""max_cat_to_onehot"": 29, ""min_data_in_leaf"": 5, ""min_data_per_group"": 12, ""n_estimators"": 750, ""num_leaves"": 37}",fb774425,r29,48.4641609227964,,3.1601438889999827,0.34718273699999713,,,,,,,,,,,,0.09136123270311358,48.4641609227964,372.8214417592899,,,
lightgbm,rel-trial,study-adverse,REGRESSION,0,30,mae,cpu,False,"{""bagging_fraction"": 0.8808290128215, ""bagging_freq"": 1, ""cat_l2"": 1.0457234595842, ""cat_smooth"": 0.6921859910209, ""extra_trees"": true, ""feature_fraction"": 0.9220523550151, ""lambda_l1"": 0.7206605914604, ""lambda_l2"": 0.9472534786514, ""learning_rate"": 0.0132034424949, ""max_cat_to_onehot"": 25, ""min_data_in_leaf"": 15, ""min_data_per_group"": 7, ""n_estimators"": 335, ""num_leaves"": 35}",7ae6364f,r3,51.20704383044438,,2.4448752019999915,0.290514095000006,,,,,,,,,,,,0.03652007327017737,51.20704383044438,383.9074906635067,,,
lightgbm,rel-trial,study-adverse,REGRESSION,0,30,mae,cpu,False,"{""bagging_fraction"": 0.9256403562964, ""bagging_freq"": 1, ""cat_l2"": 0.173468569422, ""cat_smooth"": 0.1622096133057, ""extra_trees"": true, ""feature_fraction"": 0.8672172375647, ""lambda_l1"": 0.2728946202342, ""lambda_l2"": 1.5996117895528, ""learning_rate"": 0.0885567275464, ""max_cat_to_onehot"": 31, ""min_data_in_leaf"": 54, ""min_data_per_group"": 63, ""n_estimators"": 395, ""num_leaves"": 6}",a691dd6f,r30,50.209680498924754,,1.8862131180000006,0.2688782349999883,,,,,,,,,,,,0.08919294270429368,50.209680498924754,373.2660096908392,,,
lightgbm,rel-trial,study-adverse,REGRESSION,0,30,mae,cpu,False,"{""bagging_fraction"": 0.8634649548991, ""bagging_freq"": 1, ""cat_l2"": 1.6087120636028, ""cat_smooth"": 42.4603130176821, ""extra_trees"": false, ""feature_fraction"": 0.6841648271642, ""lambda_l1"": 0.5820615900959, ""lambda_l2"": 0.3727460534192, ""learning_rate"": 0.0078289135266, ""max_cat_to_onehot"": 37, ""min_data_in_leaf"": 2, ""min_data_per_group"": 2, ""n_estimators"": 987, ""num_leaves"": 9}",1d48d1c9,r4,52.02378424880095,,2.7307741129999954,0.3074935350000061,,,,,,,,,,,,0.022300528550135756,52.02378424880095,386.7300691067546,,,
lightgbm,rel-trial,study-adverse,REGRESSION,0,30,mae,cpu,False,"{""bagging_fraction"": 0.8270964398017, ""bagging_freq"": 1, ""cat_l2"": 0.0497402357678, ""cat_smooth"": 0.0022655846367, ""extra_trees"": true, ""feature_fraction"": 0.8805464511878, ""lambda_l1"": 0.5374194921261, ""lambda_l2"": 1.4738626624402, ""learning_rate"": 0.009732329389, ""max_cat_to_onehot"": 78, ""min_data_in_leaf"": 4, ""min_data_per_group"": 24, ""n_estimators"": 285, ""num_leaves"": 44}",4f68409e,r5,52.375271756667516,,2.109623533000004,0.28433834700000205,,,,,,,,,,,,0.017044039990515736,52.375271756667516,387.7682803507065,,,
lightgbm,rel-trial,study-adverse,REGRESSION,0,30,mae,cpu,False,"{""bagging_fraction"": 0.7951605226208, ""bagging_freq"": 1, ""cat_l2"": 0.2087627025057, ""cat_smooth"": 0.0018992120999, ""extra_trees"": true, ""feature_fraction"": 0.5907899076364, ""lambda_l1"": 0.2654629519904, ""lambda_l2"": 0.6372060480074, ""learning_rate"": 0.0086558049456, ""max_cat_to_onehot"": 44, ""min_data_in_leaf"": 11, ""min_data_per_group"": 11, ""n_estimators"": 164, ""num_leaves"": 56}",3c57d7d3,r6,54.161241470634536,,1.8755148199999923,0.28116662499999734,,,,,,,,,,,,-0.003304856198243389,54.161241470634536,391.76145834651226,,,
lightgbm,rel-trial,study-adverse,REGRESSION,0,30,mae,cpu,False,"{""bagging_fraction"": 0.9335036446078, ""bagging_freq"": 1, ""cat_l2"": 0.2830562687557, ""cat_smooth"": 0.1802171314263, ""extra_trees"": true, ""feature_fraction"": 0.6485577967088, ""lambda_l1"": 0.5232957286614, ""lambda_l2"": 1.3348540188894, ""learning_rate"": 0.0289761662926, ""max_cat_to_onehot"": 15, ""min_data_in_leaf"": 11, ""min_data_per_group"": 55, ""n_estimators"": 701, ""num_leaves"": 20}",134c98bb,r7,50.045070069288194,,2.684260813999998,0.32027430099999776,,,,,,,,,,,,0.0604557465321478,50.045070069288194,379.1088046319556,,,
lightgbm,rel-trial,study-adverse,REGRESSION,0,30,mae,cpu,False,"{""bagging_fraction"": 0.9848713160352, ""bagging_freq"": 1, ""cat_l2"": 1.6905546285477, ""cat_smooth"": 0.001258746648, ""extra_trees"": true, ""feature_fraction"": 0.4384884978093, ""lambda_l1"": 0.0940311167074, ""lambda_l2"": 0.2636825450225, ""learning_rate"": 0.0053104402291, ""max_cat_to_onehot"": 51, ""min_data_in_leaf"": 10, ""min_data_per_group"": 31, ""n_estimators"": 285, ""num_leaves"": 164}",42517afb,r8,54.57685129770525,,2.1763574839999933,0.2882795370000082,,,,,,,,,,,,-0.0065614813646275305,54.57685129770525,392.39675209490105,,,
lightgbm,rel-trial,study-adverse,REGRESSION,0,30,mae,cpu,True,"{""bagging_fraction"": 0.898758060085, ""bagging_freq"": 1, ""cat_l2"": 0.964011246959, ""cat_smooth"": 0.1616421454928, ""extra_trees"": false, ""feature_fraction"": 0.815483271622, ""lambda_l1"": 0.5759889009066, ""lambda_l2"": 1.4326827755167, ""learning_rate"": 0.0599026240177, ""max_cat_to_onehot"": 91, ""min_data_in_leaf"": 2, ""min_data_per_group"": 6, ""n_estimators"": 702, ""num_leaves"": 39}",b7f5d391,r9,45.74844079105842,44.57349499802057,4.761991856999998,0.3912674030000005,5.104828323999982,0.3870020150000073,,,,,,,,,,0.1512905681965513,45.74844079105842,360.31700987129926,0.3322923814085842,44.57349499802057,204.0270555083981
lightgbm,rel-trial,study-outcome,BINARY_CLASSIFICATION,0,30,roc_auc,cpu,False,{},bf21a9e8,default,0.6530944116083435,0.7004951993510347,0.8988334189999989,0.184037687,0.5713435960000197,0.22116696800000568,,0.7194473889278842,0.6239583333333333,0.7118914604948124,0.6530944116083435,0.7552824155109288,0.6412121212121212,0.7148362235067437,0.7004951993510347,,,,,,
lightgbm,rel-trial,study-outcome,BINARY_CLASSIFICATION,0,30,roc_auc,cpu,True,"{""bagging_fraction"": 0.8646440511782, ""bagging_freq"": 1, ""cat_l2"": 0.2396763788772, ""cat_smooth"": 9.0912832806515, ""extra_trees"": true, ""feature_fraction"": 0.9742930953718, ""lambda_l1"": 0.5205254318032, ""lambda_l2"": 1.5172553870823, ""learning_rate"": 0.0095655183906, ""max_cat_to_onehot"": 21, ""min_data_in_leaf"": 1, ""min_data_per_group"": 38, ""n_estimators"": 885, ""num_leaves"": 13}",9ddece77,r1,0.6718780015993638,0.7150182218832104,0.8793022429999979,0.19238832899999636,0.9875317059999986,0.23771768000000293,,0.7346758028356508,0.6364583333333333,0.7389678384442783,0.6718780015993638,0.7626543368141954,0.6654545454545454,0.7477148080438757,0.7150182218832104,,,,,,
lightgbm,rel-trial,study-outcome,BINARY_CLASSIFICATION,0,30,roc_auc,cpu,False,"{""bagging_fraction"": 0.7040714906836, ""bagging_freq"": 1, ""cat_l2"": 0.1059359109832, ""cat_smooth"": 79.0557829290776, ""extra_trees"": true, ""feature_fraction"": 0.7399608725239, ""lambda_l1"": 0.9293032679565, ""lambda_l2"": 0.5788832452851, ""learning_rate"": 0.0050708289337, ""max_cat_to_onehot"": 15, ""min_data_in_leaf"": 53, ""min_data_per_group"": 48, ""n_estimators"": 398, ""num_leaves"": 14}",85d4ebc9,r10,0.6266066235106482,,0.6199896839999894,0.18208901899998864,,,,0.687274534718324,0.5927083333333333,0.7408880053015242,0.6266066235106482,,,,,,,,,,
lightgbm,rel-trial,study-outcome,BINARY_CLASSIFICATION,0,30,roc_auc,cpu,False,"{""bagging_fraction"": 0.8819179642384, ""bagging_freq"": 1, ""cat_l2"": 0.2028071332361, ""cat_smooth"": 0.9002514016925, ""extra_trees"": true, ""feature_fraction"": 0.9904253448185, ""lambda_l1"": 0.3523764300344, ""lambda_l2"": 1.0166800656129, ""learning_rate"": 0.0076046378471, ""max_cat_to_onehot"": 9, ""min_data_in_leaf"": 51, ""min_data_per_group"": 4, ""n_estimators"": 309, ""num_leaves"": 50}",eb5d77d2,r11,0.636680828631293,,0.7198249790000091,0.18006626999999753,,,,0.709855944522062,0.6145833333333334,0.7401685393258427,0.636680828631293,,,,,,,,,,
lightgbm,rel-trial,study-outcome,BINARY_CLASSIFICATION,0,30,roc_auc,cpu,False,"{""bagging_fraction"": 0.7057579594928, ""bagging_freq"": 1, ""cat_l2"": 0.0652607238611, ""cat_smooth"": 0.7440913299852, ""extra_trees"": true, ""feature_fraction"": 0.5562045565524, ""lambda_l1"": 0.4693022490728, ""lambda_l2"": 0.3337783413457, ""learning_rate"": 0.005523232486, ""max_cat_to_onehot"": 20, ""min_data_in_leaf"": 22, ""min_data_per_group"": 3, ""n_estimators"": 298, ""num_leaves"": 194}",97b0d170,r12,0.6471571084574181,,0.7035922150000005,0.17912614600000154,,,,0.723163200851301,0.59375,0.7379032258064516,0.6471571084574181,,,,,,,,,,
lightgbm,rel-trial,study-outcome,BINARY_CLASSIFICATION,0,30,roc_auc,cpu,False,"{""bagging_fraction"": 0.7904724450024, ""bagging_freq"": 1, ""cat_l2"": 0.0112585288934, ""cat_smooth"": 1.8450328342775, ""extra_trees"": false, ""feature_fraction"": 0.7222135128255, ""lambda_l1"": 0.8411560157726, ""lambda_l2"": 1.5581241341161, ""learning_rate"": 0.0949138303247, ""max_cat_to_onehot"": 8, ""min_data_in_leaf"": 4, ""min_data_per_group"": 12, ""n_estimators"": 523, ""num_leaves"": 6}",b0f88568,r13,0.6617769914983538,,0.6409542210000012,0.17796177099999966,,,,0.726660291022951,0.6364583333333333,0.7232355273592387,0.6617769914983538,,,,,,,,,,
lightgbm,rel-trial,study-outcome,BINARY_CLASSIFICATION,0,30,roc_auc,cpu,False,"{""bagging_fraction"": 0.8980520612478, ""bagging_freq"": 1, ""cat_l2"": 0.0298619738506, ""cat_smooth"": 1.8218656600978, ""extra_trees"": false, ""feature_fraction"": 0.6687557031224, ""lambda_l1"": 0.9046572794351, ""lambda_l2"": 1.7298800978754, ""learning_rate"": 0.0152979229147, ""max_cat_to_onehot"": 14, ""min_data_in_leaf"": 7, ""min_data_per_group"": 61, ""n_estimators"": 223, ""num_leaves"": 45}",c9bdab03,r14,0.6629564106344292,,0.8156777459999915,0.17965126100000361,,,,0.7292322932413244,0.6270833333333333,0.7254601226993865,0.6629564106344292,,,,,,,,,,
lightgbm,rel-trial,study-outcome,BINARY_CLASSIFICATION,0,30,roc_auc,cpu,False,"{""bagging_fraction"": 0.7870232821631, ""bagging_freq"": 1, ""cat_l2"": 0.1520732736224, ""cat_smooth"": 0.143579414226, ""extra_trees"": false, ""feature_fraction"": 0.4597414534665, ""lambda_l1"": 0.0376556278898, ""lambda_l2"": 0.8228523078385, ""learning_rate"": 0.0175995134195, ""max_cat_to_onehot"": 55, ""min_data_in_leaf"": 4, ""min_data_per_group"": 81, ""n_estimators"": 58, ""num_leaves"": 107}",5c4e94f9,r15,0.6683397441911374,,0.5257500029999989,0.1777825489999998,,,,0.7452165521675282,0.5958333333333333,0.7406417112299465,0.6683397441911374,,,,,,,,,,
lightgbm,rel-trial,study-outcome,BINARY_CLASSIFICATION,0,30,roc_auc,cpu,False,"{""bagging_fraction"": 0.9252532736885, ""bagging_freq"": 1, ""cat_l2"": 0.0185425303217, ""cat_smooth"": 0.0026697944708, ""extra_trees"": true, ""feature_fraction"": 0.4403497788779, ""lambda_l1"": 0.990339913502, ""lambda_l2"": 1.5167814698069, ""learning_rate"": 0.032907451476, ""max_cat_to_onehot"": 89, ""min_data_in_leaf"": 2, ""min_data_per_group"": 10, ""n_estimators"": 665, ""num_leaves"": 12}",66abad1a,r16,0.651075103087487,,0.7647475569999926,0.18427873199999567,,,,0.7110965827106858,0.6291666666666667,0.7339312406576981,0.651075103087487,,,,,,,,,,
lightgbm,rel-trial,study-outcome,BINARY_CLASSIFICATION,0,30,roc_auc,cpu,False,"{""bagging_fraction"": 0.9893469303368, ""bagging_freq"": 1, ""cat_l2"": 0.1517170923124, ""cat_smooth"": 0.0019146599966, ""extra_trees"": true, ""feature_fraction"": 0.8076356640991, ""lambda_l1"": 0.2169752947, ""lambda_l2"": 0.6401022999299, ""learning_rate"": 0.0682833284969, ""max_cat_to_onehot"": 45, ""min_data_in_leaf"": 2, ""min_data_per_group"": 8, ""n_estimators"": 71, ""num_leaves"": 27}",e3bf995d,r17,0.6453030973154812,,0.452595002999999,0.17350435900000605,,,,0.7091894174850809,0.6229166666666667,0.7338235294117647,0.6453030973154812,,,,,,,,,,
lightgbm,rel-trial,study-outcome,BINARY_CLASSIFICATION,0,30,roc_auc,cpu,False,"{""bagging_fraction"": 0.8662727305253, ""bagging_freq"": 1, ""cat_l2"": 0.0750558998512, ""cat_smooth"": 0.2749087238468, ""extra_trees"": true, ""feature_fraction"": 0.6722181067336, ""lambda_l1"": 0.6631118952798, ""lambda_l2"": 0.7669894419544, ""learning_rate"": 0.011346355764, ""max_cat_to_onehot"": 13, ""min_data_in_leaf"": 8, ""min_data_per_group"": 12, ""n_estimators"": 235, ""num_leaves"": 4}",d16f6217,r18,0.6234883107948124,,0.4758721030000004,0.17441553399999066,,,,0.6940492610662297,0.584375,0.7359364659166115,0.6234883107948124,,,,,,,,,,
lightgbm,rel-trial,study-outcome,BINARY_CLASSIFICATION,0,30,roc_auc,cpu,False,"{""bagging_fraction"": 0.7637171496671, ""bagging_freq"": 1, ""cat_l2"": 1.6733394870119, ""cat_smooth"": 25.4110617183616, ""extra_trees"": true, ""feature_fraction"": 0.7219475266652, ""lambda_l1"": 0.2633960444995, ""lambda_l2"": 1.1766753953959, ""learning_rate"": 0.0546075727721, ""max_cat_to_onehot"": 88, ""min_data_in_leaf"": 1, ""min_data_per_group"": 5, ""n_estimators"": 74, ""num_leaves"": 3}",3c940a82,r19,0.6318872046426227,,0.4031274929999995,0.17325533000000348,,,,0.6989455809061901,0.5916666666666667,0.7307692307692307,0.6318872046426227,,,,,,,,,,
lightgbm,rel-trial,study-outcome,BINARY_CLASSIFICATION,0,30,roc_auc,cpu,False,"{""bagging_fraction"": 0.9145568099117, ""bagging_freq"": 1, ""cat_l2"": 0.0688015432043, ""cat_smooth"": 0.4410365667971, ""extra_trees"": false, ""feature_fraction"": 0.4842104682476, ""lambda_l1"": 0.6789116421659, ""lambda_l2"": 0.2119046236149, ""learning_rate"": 0.007497093098, ""max_cat_to_onehot"": 78, ""min_data_in_leaf"": 57, ""min_data_per_group"": 21, ""n_estimators"": 353, ""num_leaves"": 17}",a3464b9d,r2,0.6580957741948454,,0.7593538050000035,0.18355284500000835,,,,0.7300915658239372,0.61875,0.7340116279069767,0.6580957741948454,,,,,,,,,,
lightgbm,rel-trial,study-outcome,BINARY_CLASSIFICATION,0,30,roc_auc,cpu,False,"{""bagging_fraction"": 0.766732967316, ""bagging_freq"": 1, ""cat_l2"": 0.2949769749976, ""cat_smooth"": 76.211749790676, ""extra_trees"": false, ""feature_fraction"": 0.9380027758242, ""lambda_l1"": 0.0207489343658, ""lambda_l2"": 1.6621138056269, ""learning_rate"": 0.0087194268009, ""max_cat_to_onehot"": 51, ""min_data_in_leaf"": 2, ""min_data_per_group"": 20, ""n_estimators"": 428, ""num_leaves"": 19}",8d3659ac,r20,0.6599944603040578,,0.6852466200000009,0.18003017200000215,,,,0.7175451941861885,0.6354166666666666,0.7437774524158126,0.6599944603040578,,,,,,,,,,
lightgbm,rel-trial,study-outcome,BINARY_CLASSIFICATION,0,30,roc_auc,cpu,False,"{""bagging_fraction"": 0.806683821355, ""bagging_freq"": 1, ""cat_l2"": 0.0082421437739, ""cat_smooth"": 0.0160008811562, ""extra_trees"": false, ""feature_fraction"": 0.5089787202952, ""lambda_l1"": 0.2184810145264, ""lambda_l2"": 0.9723705046664, ""learning_rate"": 0.0507096180332, ""max_cat_to_onehot"": 54, ""min_data_in_leaf"": 3, ""min_data_per_group"": 18, ""n_estimators"": 165, ""num_leaves"": 161}",a6d8d71e,r21,0.6325774328870304,,0.9711158029999893,0.17938786999999934,,,,0.703804311303559,0.6041666666666666,0.6900489396411092,0.6325774328870304,,,,,,,,,,
lightgbm,rel-trial,study-outcome,BINARY_CLASSIFICATION,0,30,roc_auc,cpu,False,"{""bagging_fraction"": 0.9821295835758, ""bagging_freq"": 1, ""cat_l2"": 0.1367124095637, ""cat_smooth"": 0.0031729973642, ""extra_trees"": true, ""feature_fraction"": 0.7074360779775, ""lambda_l1"": 0.4552232983118, ""lambda_l2"": 1.417125445225, ""learning_rate"": 0.0925784167972, ""max_cat_to_onehot"": 8, ""min_data_in_leaf"": 5, ""min_data_per_group"": 7, ""n_estimators"": 123, ""num_leaves"": 2}",38aedfa8,r22,0.6274844866176137,,0.41269571800000904,0.17553127899999765,,,,0.7044606560958433,0.6,0.7366255144032922,0.6274844866176137,,,,,,,,,,
lightgbm,rel-trial,study-outcome,BINARY_CLASSIFICATION,0,30,roc_auc,cpu,False,"{""bagging_fraction"": 0.9295975761421, ""bagging_freq"": 1, ""cat_l2"": 0.1658867884192, ""cat_smooth"": 0.0012082259188, ""extra_trees"": false, ""feature_fraction"": 0.7482682823129, ""lambda_l1"": 0.8788818548033, ""lambda_l2"": 0.9963306369924, ""learning_rate"": 0.0662004421712, ""max_cat_to_onehot"": 15, ""min_data_in_leaf"": 1, ""min_data_per_group"": 44, ""n_estimators"": 510, ""num_leaves"": 23}",3e9b950f,r23,0.6526901031544994,,0.9113395619999949,0.18160838900000442,,,,0.7148533048134673,0.625,0.7068403908794788,0.6526901031544994,,,,,,,,,,
lightgbm,rel-trial,study-outcome,BINARY_CLASSIFICATION,0,30,roc_auc,cpu,False,"{""bagging_fraction"": 0.9245990859552, ""bagging_freq"": 1, ""cat_l2"": 1.592158021275, ""cat_smooth"": 44.4269586841343, ""extra_trees"": false, ""feature_fraction"": 0.872525293573, ""lambda_l1"": 0.492319014681, ""lambda_l2"": 1.6891157039359, ""learning_rate"": 0.0517998481756, ""max_cat_to_onehot"": 22, ""min_data_in_leaf"": 59, ""min_data_per_group"": 10, ""n_estimators"": 802, ""num_leaves"": 8}",0d0b00fe,r24,0.6512225304794965,,0.7028468110000006,0.1797993640000044,,,,0.7143096245247613,0.6291666666666667,0.724031007751938,0.6512225304794965,,,,,,,,,,
lightgbm,rel-trial,study-outcome,BINARY_CLASSIFICATION,0,30,roc_auc,cpu,False,"{""bagging_fraction"": 0.9711159219238, ""bagging_freq"": 1, ""cat_l2"": 0.0287842816393, ""cat_smooth"": 2.2365712242177, ""extra_trees"": false, ""feature_fraction"": 0.7638852760411, ""lambda_l1"": 0.7155896013433, ""lambda_l2"": 0.3887650116637, ""learning_rate"": 0.0956151137114, ""max_cat_to_onehot"": 23, ""min_data_in_leaf"": 5, ""min_data_per_group"": 8, ""n_estimators"": 132, ""num_leaves"": 117}",311db951,r25,0.6235039470333588,,0.7682415019999951,0.177457282000006,,,,0.6980198035560801,0.6041666666666666,0.6915584415584416,0.6235039470333588,,,,,,,,,,
lightgbm,rel-trial,study-outcome,BINARY_CLASSIFICATION,0,30,roc_auc,cpu,False,"{""bagging_fraction"": 0.7751868160582, ""bagging_freq"": 1, ""cat_l2"": 0.7205179793324, ""cat_smooth"": 0.2412048314858, ""extra_trees"": false, ""feature_fraction"": 0.5086905770421, ""lambda_l1"": 0.7774298210926, ""lambda_l2"": 0.7417685131559, ""learning_rate"": 0.006296404929, ""max_cat_to_onehot"": 41, ""min_data_in_leaf"": 17, ""min_data_per_group"": 4, ""n_estimators"": 197, ""num_leaves"": 50}",e3b85f93,r26,0.6616921090605301,,0.7460132989999977,0.17727785699999288,,,,0.7371442429977412,0.5989583333333334,0.7357584076870282,0.6616921090605301,,,,,,,,,,
lightgbm,rel-trial,study-outcome,BINARY_CLASSIFICATION,0,30,roc_auc,cpu,False,"{""bagging_fraction"": 0.9032235488416, ""bagging_freq"": 1, ""cat_l2"": 0.0484438463597, ""cat_smooth"": 0.2752154717585, ""extra_trees"": false, ""feature_fraction"": 0.8731273073839, ""lambda_l1"": 0.2594966220889, ""lambda_l2"": 0.3941888549433, ""learning_rate"": 0.0236586574252, ""max_cat_to_onehot"": 8, ""min_data_in_leaf"": 3, ""min_data_per_group"": 69, ""n_estimators"": 438, ""num_leaves"": 9}",d90cbc4e,r27,0.669152828595553,,0.706126941000008,0.17871487099999683,,,,0.7345036861991987,0.6302083333333334,0.7262914417887433,0.669152828595553,,,,,,,,,,
lightgbm,rel-trial,study-outcome,BINARY_CLASSIFICATION,0,30,roc_auc,cpu,False,"{""bagging_fraction"": 0.943127227378, ""bagging_freq"": 1, ""cat_l2"": 0.0089165711882, ""cat_smooth"": 0.196142976357, ""extra_trees"": false, ""feature_fraction"": 0.4341088458599, ""lambda_l1"": 0.3738757566188, ""lambda_l2"": 0.9197657819236, ""learning_rate"": 0.0125354274243, ""max_cat_to_onehot"": 23, ""min_data_in_leaf"": 1, ""min_data_per_group"": 16, ""n_estimators"": 165, ""num_leaves"": 65}",10f688c8,r28,0.6621835337005616,,0.7177449440000032,0.17896109400001592,,,,0.7384357445113504,0.615625,0.736992159657876,0.6621835337005616,,,,,,,,,,
lightgbm,rel-trial,study-outcome,BINARY_CLASSIFICATION,0,30,roc_auc,cpu,False,"{""bagging_fraction"": 0.8296444149774, ""bagging_freq"": 1, ""cat_l2"": 0.0231985345244, ""cat_smooth"": 0.419723324168, ""extra_trees"": true, ""feature_fraction"": 0.818198345035, ""lambda_l1"": 0.5876408752329, ""lambda_l2"": 0.0893201412781, ""learning_rate"": 0.0282078967013, ""max_cat_to_onehot"": 29, ""min_data_in_leaf"": 5, ""min_data_per_group"": 12, ""n_estimators"": 750, ""num_leaves"": 37}",fb774425,r29,0.6507981182903783,,1.013677539000014,0.19487670500001286,,,,0.7074847236955305,0.6260416666666667,0.7188723570869224,0.6507981182903783,,,,,,,,,,
lightgbm,rel-trial,study-outcome,BINARY_CLASSIFICATION,0,30,roc_auc,cpu,False,"{""bagging_fraction"": 0.8808290128215, ""bagging_freq"": 1, ""cat_l2"": 1.0457234595842, ""cat_smooth"": 0.6921859910209, ""extra_trees"": true, ""feature_fraction"": 0.9220523550151, ""lambda_l1"": 0.7206605914604, ""lambda_l2"": 0.9472534786514, ""learning_rate"": 0.0132034424949, ""max_cat_to_onehot"": 25, ""min_data_in_leaf"": 15, ""min_data_per_group"": 7, ""n_estimators"": 335, ""num_leaves"": 35}",7ae6364f,r3,0.6504250823136272,,0.7200467680000031,0.1813419610000011,,,,0.7180662733278342,0.6229166666666667,0.7342143906020558,0.6504250823136272,,,,,,,,,,
lightgbm,rel-trial,study-outcome,BINARY_CLASSIFICATION,0,30,roc_auc,cpu,False,"{""bagging_fraction"": 0.9256403562964, ""bagging_freq"": 1, ""cat_l2"": 0.173468569422, ""cat_smooth"": 0.1622096133057, ""extra_trees"": true, ""feature_fraction"": 0.8672172375647, ""lambda_l1"": 0.2728946202342, ""lambda_l2"": 1.5996117895528, ""learning_rate"": 0.0885567275464, ""max_cat_to_onehot"": 31, ""min_data_in_leaf"": 54, ""min_data_per_group"": 63, ""n_estimators"": 395, ""num_leaves"": 6}",a691dd6f,r30,0.6496522053797595,,0.5303228620000198,0.17739499699999328,,,,0.7061231326158744,0.6302083333333334,0.7292143401983219,0.6496522053797595,,,,,,,,,,
lightgbm,rel-trial,study-outcome,BINARY_CLASSIFICATION,0,30,roc_auc,cpu,False,"{""bagging_fraction"": 0.8634649548991, ""bagging_freq"": 1, ""cat_l2"": 1.6087120636028, ""cat_smooth"": 42.4603130176821, ""extra_trees"": false, ""feature_fraction"": 0.6841648271642, ""lambda_l1"": 0.5820615900959, ""lambda_l2"": 0.3727460534192, ""learning_rate"": 0.0078289135266, ""max_cat_to_onehot"": 37, ""min_data_in_leaf"": 2, ""min_data_per_group"": 2, ""n_estimators"": 987, ""num_leaves"": 9}",1d48d1c9,r4,0.6678885270216539,,0.8455848220000064,0.18768110300000274,,,,0.7288392856377394,0.634375,0.7409594095940959,0.6678885270216539,,,,,,,,,,
lightgbm,rel-trial,study-outcome,BINARY_CLASSIFICATION,0,30,roc_auc,cpu,False,"{""bagging_fraction"": 0.8270964398017, ""bagging_freq"": 1, ""cat_l2"": 0.0497402357678, ""cat_smooth"": 0.0022655846367, ""extra_trees"": true, ""feature_fraction"": 0.8805464511878, ""lambda_l1"": 0.5374194921261, ""lambda_l2"": 1.4738626624402, ""learning_rate"": 0.009732329389, ""max_cat_to_onehot"": 78, ""min_data_in_leaf"": 4, ""min_data_per_group"": 24, ""n_estimators"": 285, ""num_leaves"": 44}",4f68409e,r5,0.6409606904962943,,0.6741092339999994,0.17891720200000805,,,,0.6972672856239042,0.6114583333333333,0.7397069085833915,0.6409606904962943,,,,,,,,,,
lightgbm,rel-trial,study-outcome,BINARY_CLASSIFICATION,0,30,roc_auc,cpu,False,"{""bagging_fraction"": 0.7951605226208, ""bagging_freq"": 1, ""cat_l2"": 0.2087627025057, ""cat_smooth"": 0.0018992120999, ""extra_trees"": true, ""feature_fraction"": 0.5907899076364, ""lambda_l1"": 0.2654629519904, ""lambda_l2"": 0.6372060480074, ""learning_rate"": 0.0086558049456, ""max_cat_to_onehot"": 44, ""min_data_in_leaf"": 11, ""min_data_per_group"": 11, ""n_estimators"": 164, ""num_leaves"": 56}",3c57d7d3,r6,0.6296422875370244,,0.5288537559999895,0.17655414499999722,,,,0.6928480454460137,0.5854166666666667,0.7381578947368421,0.6296422875370244,,,,,,,,,,
lightgbm,rel-trial,study-outcome,BINARY_CLASSIFICATION,0,30,roc_auc,cpu,False,"{""bagging_fraction"": 0.9335036446078, ""bagging_freq"": 1, ""cat_l2"": 0.2830562687557, ""cat_smooth"": 0.1802171314263, ""extra_trees"": true, ""feature_fraction"": 0.6485577967088, ""lambda_l1"": 0.5232957286614, ""lambda_l2"": 1.3348540188894, ""learning_rate"": 0.0289761662926, ""max_cat_to_onehot"": 15, ""min_data_in_leaf"": 11, ""min_data_per_group"": 55, ""n_estimators"": 701, ""num_leaves"": 20}",134c98bb,r7,0.6500431113434211,,0.8610368920000013,0.19092641299999968,,,,0.708954699251154,0.63125,0.730593607305936,0.6500431113434211,,,,,,,,,,
lightgbm,rel-trial,study-outcome,BINARY_CLASSIFICATION,0,30,roc_auc,cpu,False,"{""bagging_fraction"": 0.9848713160352, ""bagging_freq"": 1, ""cat_l2"": 1.6905546285477, ""cat_smooth"": 0.001258746648, ""extra_trees"": true, ""feature_fraction"": 0.4384884978093, ""lambda_l1"": 0.0940311167074, ""lambda_l2"": 0.2636825450225, ""learning_rate"": 0.0053104402291, ""max_cat_to_onehot"": 51, ""min_data_in_leaf"": 10, ""min_data_per_group"": 31, ""n_estimators"": 285, ""num_leaves"": 164}",42517afb,r8,0.6262179512953506,,0.6245292560000024,0.1802808379999874,,,,0.6885677087793265,0.584375,0.73767258382643,0.6262179512953506,,,,,,,,,,
lightgbm,rel-trial,study-outcome,BINARY_CLASSIFICATION,0,30,roc_auc,cpu,False,"{""bagging_fraction"": 0.898758060085, ""bagging_freq"": 1, ""cat_l2"": 0.964011246959, ""cat_smooth"": 0.1616421454928, ""extra_trees"": false, ""feature_fraction"": 0.815483271622, ""lambda_l1"": 0.5759889009066, ""lambda_l2"": 1.4326827755167, ""learning_rate"": 0.0599026240177, ""max_cat_to_onehot"": 91, ""min_data_in_leaf"": 2, ""min_data_per_group"": 6, ""n_estimators"": 702, ""num_leaves"": 39}",b7f5d391,r9,0.6197691197691197,,1.361316974999994,0.1897545129999969,,,,0.6837929285681148,0.6114583333333333,0.6883876357560568,0.6197691197691197,,,,,,,,,,
rdblearn,rel-amazon,user-churn,BINARY_CLASSIFICATION,0,6,roc_auc,rtx-pro-6000,False,"{""max_depth"": 2, ""tfm"": ""tabpfn-v2""}",61d99e44,default,0.6855459104406352,0.6720006086922891,13.355774347999997,119.519873746,3.2439030420000563,102.54168472000015,,0.7670310852836372,0.6995915000780883,0.7978486500689745,0.6855459104406352,0.7296528904804781,0.6596189095869389,0.7762820249438781,0.6720006086922891,,,,,,
rdblearn,rel-amazon,user-churn,BINARY_CLASSIFICATION,0,6,roc_auc,rtx-pro-6000,False,"{""max_depth"": 2, ""tfm"": ""tabpfn-v2.5""}",31690f4a,r1,0.6865971131925478,,3.162837179999997,115.72483656200001,,,,0.767447483691005,0.6995475753553022,0.7977051453506521,0.6865971131925478,,,,,,,,,,
rdblearn,rel-amazon,user-churn,BINARY_CLASSIFICATION,0,6,roc_auc,rtx-pro-6000,False,"{""max_depth"": 3, ""tfm"": ""tabpfn-v2""}",5281e948,r2,0.685876928597388,,3.6272243469999808,138.436235425,,,,0.7669483326164737,0.6998574886771826,0.7970079439352602,0.685876928597388,,,,,,,,,,
rdblearn,rel-amazon,user-churn,BINARY_CLASSIFICATION,0,6,roc_auc,rtx-pro-6000,False,"{""max_depth"": 3, ""tfm"": ""tabpfn-v2.5""}",20d4cc69,r3,0.6878453855156155,,3.189238940999985,127.25499891100003,,,,0.7689495258743744,0.7002674527565204,0.7987323477457223,0.6878453855156155,,,,,,,,,,
rdblearn,rel-amazon,user-churn,BINARY_CLASSIFICATION,0,6,roc_auc,rtx-pro-6000,False,"{""max_depth"": 4, ""tfm"": ""tabpfn-v2""}",134708b4,r4,0.688196013738439,,7.61061164299997,318.67880466300005,,,,0.76937336672823,0.699725714508824,0.7974797924186389,0.688196013738439,,,,,,,,,,
rdblearn,rel-amazon,user-churn,BINARY_CLASSIFICATION,0,6,roc_auc,rtx-pro-6000,True,"{""max_depth"": 4, ""tfm"": ""tabpfn-v2.5""}",32d90e6c,r5,0.6897708975736314,0.6843749952584703,6.79238159199997,272.38677632400015,10.689043261000052,231.67545683900016,,0.7700662572086365,0.7009458456973294,0.7956662231514922,0.6897708975736314,0.7383665974460399,0.6751182914872756,0.7788928593527629,0.6843749952584703,,,,,,
rdblearn,rel-amazon,user-ltv,REGRESSION,0,6,mae,rtx-pro-6000,False,"{""max_depth"": 2, ""tfm"": ""tabpfn-v2""}",61d99e44,default,12.477008716929248,14.77318520419527,21.742417087000007,130.27349991100002,6.040569419999883,110.21118769300006,,,,,,,,,,0.17091872576506417,12.477008716929248,44.54684344700402,0.13877874892750952,14.77318520419527,51.451390562191214
rdblearn,rel-amazon,user-ltv,REGRESSION,0,6,mae,rtx-pro-6000,False,"{""max_depth"": 2, ""tfm"": ""tabpfn-v2.5""}",31690f4a,r1,12.30576658702521,,3.654520896000008,123.662947471,,,,,,,,,,,,0.19686340139041603,12.30576658702521,43.844294992028445,,,
rdblearn,rel-amazon,user-ltv,REGRESSION,0,6,mae,rtx-pro-6000,False,"{""max_depth"": 3, ""tfm"": ""tabpfn-v2""}",5281e948,r2,12.475347410554624,,6.50217810099997,154.43766643500004,,,,,,,,,,,,0.17063450921165468,12.475347410554624,44.55447832299092,,,
rdblearn,rel-amazon,user-ltv,REGRESSION,0,6,mae,rtx-pro-6000,False,"{""max_depth"": 3, ""tfm"": ""tabpfn-v2.5""}",20d4cc69,r3,12.286801318889646,,3.748729312999899,136.18786135099992,,,,,,,,,,,,0.19856194739631639,12.286801318889646,43.79790751027467,,,
rdblearn,rel-amazon,user-ltv,REGRESSION,0,6,mae,rtx-pro-6000,False,"{""max_depth"": 4, ""tfm"": ""tabpfn-v2""}",134708b4,r4,12.453857650244617,,12.617755092000039,331.889888262,,,,,,,,,,,,0.1719263970842939,12.453857650244617,44.519763940043376,,,
rdblearn,rel-amazon,user-ltv,REGRESSION,0,6,mae,rtx-pro-6000,True,"{""max_depth"": 4, ""tfm"": ""tabpfn-v2.5""}",32d90e6c,r5,12.25790661881121,14.577539990692973,7.624109291999957,297.244029084,12.766381057999979,255.466254595,,,,,,,,,,0.2009510262219505,12.25790661881121,43.73257822515379,0.1670848780273977,14.577539990692973,50.59878883821463
rdblearn,rel-amazon,item-churn,BINARY_CLASSIFICATION,0,6,roc_auc,rtx-pro-6000,False,"{""max_depth"": 2, ""tfm"": ""tabpfn-v2""}",61d99e44,default,0.8127456944355336,0.8132522120910897,11.954842877000004,124.893193018,4.105703791999986,122.12754240100003,,0.714767551706807,0.7329153746151985,0.6571100337420431,0.8127456944355336,0.681704763561503,0.7426067776698912,0.6381587815069416,0.8132522120910897,,,,,,
rdblearn,rel-amazon,item-churn,BINARY_CLASSIFICATION,0,6,roc_auc,rtx-pro-6000,True,"{""max_depth"": 2, ""tfm"": ""tabpfn-v2.5""}",31690f4a,r1,0.816670399770788,0.8195383645280199,3.444883943000036,116.16928743399995,5.470573964999971,107.58656670799996,,0.7194931089812212,0.7362751774167224,0.6627948817594311,0.816670399770788,0.6890531837429132,0.7481449515110105,0.6474329926321266,0.8195383645280199,,,,,,
rdblearn,rel-amazon,item-churn,BINARY_CLASSIFICATION,0,6,roc_auc,rtx-pro-6000,False,"{""max_depth"": 3, ""tfm"": ""tabpfn-v2""}",5281e948,r2,0.8127456944355336,,4.247171664000007,134.212975631,,,,0.714767551706807,0.7329153746151985,0.6571100337420431,0.8127456944355336,,,,,,,,,,
rdblearn,rel-amazon,item-churn,BINARY_CLASSIFICATION,0,6,roc_auc,rtx-pro-6000,False,"{""max_depth"": 3, ""tfm"": ""tabpfn-v2.5""}",20d4cc69,r3,0.816670399770788,,3.294016572999908,113.40922507799996,,,,0.7194931089812212,0.7362751774167224,0.6627948817594311,0.816670399770788,,,,,,,,,,
rdblearn,rel-amazon,item-churn,BINARY_CLASSIFICATION,0,6,roc_auc,rtx-pro-6000,False,"{""max_depth"": 4, ""tfm"": ""tabpfn-v2""}",134708b4,r4,0.8127456944355336,,4.155888935999997,135.43007058599994,,,,0.714767551706807,0.7329153746151985,0.6571100337420431,0.8127456944355336,,,,,,,,,,
rdblearn,rel-amazon,item-churn,BINARY_CLASSIFICATION,0,6,roc_auc,rtx-pro-6000,False,"{""max_depth"": 4, ""tfm"": ""tabpfn-v2.5""}",32d90e6c,r5,0.816670399770788,,3.2054224979999617,112.34140569499993,,,,0.7194931089812212,0.7362751774167224,0.6627948817594311,0.816670399770788,,,,,,,,,,
rdblearn,rel-amazon,item-ltv,REGRESSION,0,6,mae,rtx-pro-6000,False,"{""max_depth"": 2, ""tfm"": ""tabpfn-v2""}",61d99e44,default,44.31917757610025,48.645813983282835,17.78698096400001,123.55430802999999,9.333098615999916,140.02996447600003,,,,,,,,,,0.06617222317205662,44.31917757610025,436.80487511877266,0.0314250256720664,48.645813983282835,654.0861607713703
rdblearn,rel-amazon,item-ltv,REGRESSION,0,6,mae,rtx-pro-6000,True,"{""max_depth"": 2, ""tfm"": ""tabpfn-v2.5""}",31690f4a,r1,43.70298037058649,48.99752716300986,4.532492531999992,118.00794738999997,6.188555564000012,128.07958883800006,,,,,,,,,,0.07611290961696515,43.70298037058649,434.4737397895032,0.03307601168666263,48.99752716300986,653.5284612097211
rdblearn,rel-amazon,item-ltv,REGRESSION,0,6,mae,rtx-pro-6000,False,"{""max_depth"": 3, ""tfm"": ""tabpfn-v2""}",5281e948,r2,44.31917757610025,,9.105868941999972,128.84773189599997,,,,,,,,,,,,0.06617222317205662,44.31917757610025,436.80487511877266,,,
rdblearn,rel-amazon,item-ltv,REGRESSION,0,6,mae,rtx-pro-6000,False,"{""max_depth"": 3, ""tfm"": ""tabpfn-v2.5""}",20d4cc69,r3,43.70298037058649,,4.079303593999953,121.20434170500005,,,,,,,,,,,,0.07611290961696515,43.70298037058649,434.4737397895032,,,
rdblearn,rel-amazon,item-ltv,REGRESSION,0,6,mae,rtx-pro-6000,False,"{""max_depth"": 4, ""tfm"": ""tabpfn-v2""}",134708b4,r4,44.31917757610025,,8.90687626500005,134.42958383300004,,,,,,,,,,,,0.06617222317205662,44.31917757610025,436.80487511877266,,,
rdblearn,rel-amazon,item-ltv,REGRESSION,0,6,mae,rtx-pro-6000,False,"{""max_depth"": 4, ""tfm"": ""tabpfn-v2.5""}",32d90e6c,r5,43.70298037058649,,4.1668353759999945,118.18417892900004,,,,,,,,,,,,0.07611290961696515,43.70298037058649,434.4737397895032,,,
rdblearn,rel-avito,ad-ctr,REGRESSION,0,6,mae,rtx-pro-6000,False,"{""max_depth"": 2, ""tfm"": ""tabpfn-v2""}",61d99e44,default,0.029721780420190656,0.033864634548300535,12.310543339000006,2.308636980000003,0.7107291789999977,0.9770842490000007,,,,,,,,,,0.22848174754295802,0.029721780420190656,0.08713441550253441,0.22563153237209044,0.033864634548300535,0.09658069080777112
rdblearn,rel-avito,ad-ctr,REGRESSION,0,6,mae,rtx-pro-6000,False,"{""max_depth"": 2, ""tfm"": ""tabpfn-v2.5""}",31690f4a,r1,0.029617740348886423,,0.6610424520000038,1.0241287479999954,,,,,,,,,,,,0.20595072226977662,0.029617740348886423,0.08839757420539464,,,
rdblearn,rel-avito,ad-ctr,REGRESSION,0,6,mae,rtx-pro-6000,True,"{""max_depth"": 3, ""tfm"": ""tabpfn-v2""}",5281e948,r2,0.029536231417768247,0.03410319269311571,2.097461772999992,1.6577185289999932,1.9923087809999913,1.7120805289999907,,,,,,,,,,0.2160904708801703,0.029536231417768247,0.0878313567930486,0.22123943543169378,0.03410319269311571,0.09685419882541091
rdblearn,rel-avito,ad-ctr,REGRESSION,0,6,mae,rtx-pro-6000,False,"{""max_depth"": 3, ""tfm"": ""tabpfn-v2.5""}",20d4cc69,r3,0.02976911078554769,,0.7083933419999937,1.6341568880000068,,,,,,,,,,,,0.20048481465253698,0.02976911078554769,0.08870129863814574,,,
rdblearn,rel-avito,ad-ctr,REGRESSION,0,6,mae,rtx-pro-6000,False,"{""max_depth"": 4, ""tfm"": ""tabpfn-v2""}",134708b4,r4,0.030281377753148514,,4.45298894199999,3.454888621000009,,,,,,,,,,,,0.16764851167353523,0.030281377753148514,0.09050446386320568,,,
rdblearn,rel-avito,ad-ctr,REGRESSION,0,6,mae,rtx-pro-6000,False,"{""max_depth"": 4, ""tfm"": ""tabpfn-v2.5""}",32d90e6c,r5,0.030117676982042346,,2.648730019000027,4.519566420000018,,,,,,,,,,,,0.17562185662379426,0.030117676982042346,0.09006993601718029,,,
rdblearn,rel-avito,user-visits,BINARY_CLASSIFICATION,0,6,roc_auc,rtx-pro-6000,True,"{""max_depth"": 2, ""tfm"": ""tabpfn-v2""}",61d99e44,default,0.6892979930856892,0.6596243860043158,19.66381157500001,98.039648837,14.40973327100005,121.40469058500003,,0.9533570626290595,0.9034991160479002,0.949303425917813,0.6892979930856892,0.9174271982047519,0.8505909380276232,0.9192641340113671,0.6596243860043158,,,,,,
rdblearn,rel-avito,user-visits,BINARY_CLASSIFICATION,0,6,roc_auc,rtx-pro-6000,False,"{""max_depth"": 2, ""tfm"": ""tabpfn-v2.5""}",31690f4a,r1,0.6870471131127726,,4.3835473720000095,78.31416670500002,,,,0.9531598333510758,0.9034991160479002,0.949303425917813,0.6870471131127726,,,,,,,,,,
rdblearn,rel-avito,user-visits,BINARY_CLASSIFICATION,0,6,roc_auc,rtx-pro-6000,False,"{""max_depth"": 3, ""tfm"": ""tabpfn-v2""}",5281e948,r2,0.6892979930856892,,13.747072695999975,94.29683854199999,,,,0.9533570626290595,0.9034991160479002,0.949303425917813,0.6892979930856892,,,,,,,,,,
rdblearn,rel-avito,user-visits,BINARY_CLASSIFICATION,0,6,roc_auc,rtx-pro-6000,False,"{""max_depth"": 3, ""tfm"": ""tabpfn-v2.5""}",20d4cc69,r3,0.6870471131127726,,2.996364708000044,75.602478668,,,,0.9531598333510758,0.9034991160479002,0.949303425917813,0.6870471131127726,,,,,,,,,,
rdblearn,rel-avito,user-visits,BINARY_CLASSIFICATION,0,6,roc_auc,rtx-pro-6000,False,"{""max_depth"": 4, ""tfm"": ""tabpfn-v2""}",134708b4,r4,0.6892979930856892,,13.935948447000044,100.75511855600001,,,,0.9533570626290595,0.9034991160479002,0.949303425917813,0.6892979930856892,,,,,,,,,,
rdblearn,rel-avito,user-visits,BINARY_CLASSIFICATION,0,6,roc_auc,rtx-pro-6000,False,"{""max_depth"": 4, ""tfm"": ""tabpfn-v2.5""}",32d90e6c,r5,0.6870471131127726,,3.4979889300000195,80.08662172100003,,,,0.9531598333510758,0.9034991160479002,0.949303425917813,0.6870471131127726,,,,,,,,,,
rdblearn,rel-avito,user-clicks,BINARY_CLASSIFICATION,0,6,roc_auc,rtx-pro-6000,True,"{""max_depth"": 2, ""tfm"": ""tabpfn-v2""}",61d99e44,default,0.6599418375167719,0.6787687477980774,19.771944517999998,74.761803511,11.071468487000061,157.47591647899992,,0.0850425483493289,0.9648302884388424,0.0,0.6599418375167719,0.04338804095845742,0.984582048504042,0.0,0.6787687477980774,,,,,,
rdblearn,rel-avito,user-clicks,BINARY_CLASSIFICATION,0,6,roc_auc,rtx-pro-6000,False,"{""max_depth"": 2, ""tfm"": ""tabpfn-v2.5""}",31690f4a,r1,0.6590717974348348,,3.455956905999983,57.34537829199999,,,,0.07944555037182827,0.9648302884388424,0.0,0.6590717974348348,,,,,,,,,,
rdblearn,rel-avito,user-clicks,BINARY_CLASSIFICATION,0,6,roc_auc,rtx-pro-6000,False,"{""max_depth"": 3, ""tfm"": ""tabpfn-v2""}",5281e948,r2,0.6599418375167719,,10.676733456000022,73.46086953100001,,,,0.0850425483493289,0.9648302884388424,0.0,0.6599418375167719,,,,,,,,,,
rdblearn,rel-avito,user-clicks,BINARY_CLASSIFICATION,0,6,roc_auc,rtx-pro-6000,False,"{""max_depth"": 3, ""tfm"": ""tabpfn-v2.5""}",20d4cc69,r3,0.6590717974348348,,2.742202710000015,58.07909198500005,,,,0.07944555037182827,0.9648302884388424,0.0,0.6590717974348348,,,,,,,,,,
rdblearn,rel-avito,user-clicks,BINARY_CLASSIFICATION,0,6,roc_auc,rtx-pro-6000,False,"{""max_depth"": 4, ""tfm"": ""tabpfn-v2""}",134708b4,r4,0.6599418375167719,,10.662647456000002,73.29468147799997,,,,0.0850425483493289,0.9648302884388424,0.0,0.6599418375167719,,,,,,,,,,
rdblearn,rel-avito,user-clicks,BINARY_CLASSIFICATION,0,6,roc_auc,rtx-pro-6000,False,"{""max_depth"": 4, ""tfm"": ""tabpfn-v2.5""}",32d90e6c,r5,0.6590717974348348,,2.684950630000003,57.32532774899994,,,,0.07944555037182827,0.9648302884388424,0.0,0.6590717974348348,,,,,,,,,,
rdblearn,rel-event,user-attendance,REGRESSION,0,6,mae,rtx-pro-6000,True,"{""max_depth"": 2, ""tfm"": ""tabpfn-v2""}",61d99e44,default,0.23780427159801362,0.2422151568781421,18.184046658,14.332110678999996,8.574038408000035,13.391266039000016,,,,,,,,,,-0.05700722041591022,0.23780427159801362,0.5379819843641278,0.017883532692894777,0.2422151568781421,0.636627251749145
rdblearn,rel-event,user-attendance,REGRESSION,0,6,mae,rtx-pro-6000,False,"{""max_depth"": 2, ""tfm"": ""tabpfn-v2.5""}",31690f4a,r1,0.24193939414815213,,5.734466155999996,14.091070924999997,,,,,,,,,,,,-0.0734237431775675,0.24193939414815213,0.54214362352555,,,
rdblearn,rel-event,user-attendance,REGRESSION,0,6,mae,rtx-pro-6000,False,"{""max_depth"": 3, ""tfm"": ""tabpfn-v2""}",5281e948,r2,0.24893524235970266,,15.301486761999996,14.642487149000004,,,,,,,,,,,,-0.14510602194411404,0.24893524235970266,0.5599530374328175,,,
rdblearn,rel-event,user-attendance,REGRESSION,0,6,mae,rtx-pro-6000,False,"{""max_depth"": 3, ""tfm"": ""tabpfn-v2.5""}",20d4cc69,r3,0.24926941562774932,,10.36519944600002,16.70664197900001,,,,,,,,,,,,-0.14146501705132564,0.24926941562774932,0.5590621090215541,,,
rdblearn,rel-event,user-attendance,REGRESSION,0,6,mae,rtx-pro-6000,False,"{""max_depth"": 4, ""tfm"": ""tabpfn-v2""}",134708b4,r4,0.24827226701275432,,16.688029675999985,14.745012720999995,,,,,,,,,,,,-0.14344717838842191,0.24827226701275432,0.5595473059484305,,,
rdblearn,rel-event,user-attendance,REGRESSION,0,6,mae,rtx-pro-6000,False,"{""max_depth"": 4, ""tfm"": ""tabpfn-v2.5""}",32d90e6c,r5,0.24448389707368914,,10.636853656,16.719803229999997,,,,,,,,,,,,-0.11126640521265663,0.24448389707368914,0.5516172618782831,,,
rdblearn,rel-event,user-repeat,BINARY_CLASSIFICATION,0,6,roc_auc,rtx-pro-6000,False,"{""max_depth"": 2, ""tfm"": ""tabpfn-v2""}",61d99e44,default,0.7384138570269958,0.7441176470588234,62.598912552,7.640556836000002,56.407835508999995,6.070623246999958,,0.7193718313710349,0.6539923954372624,0.689419795221843,0.7384138570269958,0.7282611789548172,0.6707317073170732,0.6772908366533864,0.7441176470588234,,,,,,
rdblearn,rel-event,user-repeat,BINARY_CLASSIFICATION,0,6,roc_auc,rtx-pro-6000,False,"{""max_depth"": 2, ""tfm"": ""tabpfn-v2.5""}",31690f4a,r1,0.7267987486965589,,1.948126755000004,5.170656320999996,,,,0.70791243452557,0.6692015209125475,0.698961937716263,0.7267987486965589,,,,,,,,,,
rdblearn,rel-event,user-repeat,BINARY_CLASSIFICATION,0,6,roc_auc,rtx-pro-6000,True,"{""max_depth"": 3, ""tfm"": ""tabpfn-v2""}",5281e948,r2,0.7450469238790407,0.7440842245989305,71.78305153700003,10.527376757000013,73.96124553699997,10.966295572999968,,0.7529275240569309,0.6692015209125475,0.6836363636363636,0.7450469238790407,0.7322396317974034,0.6747967479674797,0.6638655462184874,0.7440842245989305,,,,,,
rdblearn,rel-event,user-repeat,BINARY_CLASSIFICATION,0,6,roc_auc,rtx-pro-6000,False,"{""max_depth"": 3, ""tfm"": ""tabpfn-v2.5""}",20d4cc69,r3,0.7336925037654964,,4.536945983999999,5.474193844000013,,,,0.7098111360323679,0.6577946768060836,0.6715328467153284,0.7336925037654964,,,,,,,,,,
rdblearn,rel-event,user-repeat,BINARY_CLASSIFICATION,0,6,roc_auc,rtx-pro-6000,False,"{""max_depth"": 4, ""tfm"": ""tabpfn-v2""}",134708b4,r4,0.7448152010195805,,72.277837997,11.310280077000016,,,,0.7508651589593286,0.6692015209125475,0.6903914590747331,0.7448152010195805,,,,,,,,,,
rdblearn,rel-event,user-repeat,BINARY_CLASSIFICATION,0,6,roc_auc,rtx-pro-6000,False,"{""max_depth"": 4, ""tfm"": ""tabpfn-v2.5""}",32d90e6c,r5,0.7321573398215734,,3.0810549550000133,5.482305281000038,,,,0.7131327642483815,0.6692015209125475,0.6742424242424242,0.7321573398215734,,,,,,,,,,
rdblearn,rel-event,user-ignore,BINARY_CLASSIFICATION,0,6,roc_auc,rtx-pro-6000,False,"{""max_depth"": 2, ""tfm"": ""tabpfn-v2""}",61d99e44,default,0.814429542767575,0.9003592276605299,98.829740375,28.327226699999983,86.54437191,26.811275780000074,,0.5815843584287735,0.9082100968893422,0.5522388059701493,0.814429542767575,0.5825242149337196,0.8891726251276814,0.4534005037783375,0.9003592276605299,,,,,,
rdblearn,rel-event,user-ignore,BINARY_CLASSIFICATION,0,6,roc_auc,rtx-pro-6000,False,"{""max_depth"": 2, ""tfm"": ""tabpfn-v2.5""}",31690f4a,r1,0.8264260762107538,,4.5751749480000115,18.69843671999999,,,,0.593028553395227,0.9148393676695563,0.5242165242165242,0.8264260762107538,,,,,,,,,,
rdblearn,rel-event,user-ignore,BINARY_CLASSIFICATION,0,6,roc_auc,rtx-pro-6000,False,"{""max_depth"": 3, ""tfm"": ""tabpfn-v2""}",5281e948,r2,0.8400689566626901,,219.29959673199997,52.83061996099997,,,,0.5895455052449377,0.9138194798572157,0.5564304461942258,0.8400689566626901,,,,,,,,,,
rdblearn,rel-event,user-ignore,BINARY_CLASSIFICATION,0,6,roc_auc,rtx-pro-6000,False,"{""max_depth"": 3, ""tfm"": ""tabpfn-v2.5""}",20d4cc69,r3,0.8346297257247403,,6.212221595000017,21.780446076999965,,,,0.5969774140751044,0.9163691993880673,0.5751295336787565,0.8346297257247403,,,,,,,,,,
rdblearn,rel-event,user-ignore,BINARY_CLASSIFICATION,0,6,roc_auc,rtx-pro-6000,False,"{""max_depth"": 4, ""tfm"": ""tabpfn-v2""}",134708b4,r4,0.837067817192624,,242.20359936800003,56.17603695599996,,,,0.583674878219117,0.9138194798572157,0.536986301369863,0.837067817192624,,,,,,,,,,
rdblearn,rel-event,user-ignore,BINARY_CLASSIFICATION,0,6,roc_auc,rtx-pro-6000,True,"{""max_depth"": 4, ""tfm"": ""tabpfn-v2.5""}",32d90e6c,r5,0.8470234688036635,0.6643512601752386,7.10914518300001,21.85759245400004,7.065671974999987,21.858490124000014,,0.5952875295075025,0.914329423763386,0.5531914893617021,0.8470234688036635,0.4516028337037539,0.8876404494382022,0.4318766066838046,0.6643512601752386,,,,,,
rdblearn,rel-f1,driver-position,REGRESSION,0,6,mae,rtx-pro-6000,False,"{""max_depth"": 2, ""tfm"": ""tabpfn-v2""}",61d99e44,default,3.689538149206178,3.8464918214396424,9.563589414000006,3.7354015319999974,3.0753487860000064,2.929273481000024,,,,,,,,,,0.05096035751414785,3.689538149206178,4.516400704999028,0.21076067089174466,3.8464918214396424,4.628861806213031
rdblearn,rel-f1,driver-position,REGRESSION,0,6,mae,rtx-pro-6000,False,"{""max_depth"": 2, ""tfm"": ""tabpfn-v2.5""}",31690f4a,r1,3.6372508837369257,,1.265958112000007,2.677711689000006,,,,,,,,,,,,0.07235599534539483,3.6372508837369257,4.4652004585721095,,,
rdblearn,rel-f1,driver-position,REGRESSION,0,6,mae,rtx-pro-6000,False,"{""max_depth"": 3, ""tfm"": ""tabpfn-v2""}",5281e948,r2,3.6752187562291434,,4.02409787500001,3.9526538209999984,,,,,,,,,,,,0.05039119922204216,3.6752187562291434,4.517754790492366,,,
rdblearn,rel-f1,driver-position,REGRESSION,0,6,mae,rtx-pro-6000,True,"{""max_depth"": 3, ""tfm"": ""tabpfn-v2.5""}",20d4cc69,r3,3.586315342196641,3.8886493233630537,1.5741658830000063,3.6643111589999933,1.8313116610000009,3.7570073830000013,,,,,,,,,,0.09220561931859661,3.586315342196641,4.417169194076144,0.18868209102032463,3.8886493233630537,4.693160288101866
rdblearn,rel-f1,driver-position,REGRESSION,0,6,mae,rtx-pro-6000,False,"{""max_depth"": 4, ""tfm"": ""tabpfn-v2""}",134708b4,r4,3.7630105080410257,,13.660188085999991,7.87521369000001,,,,,,,,,,,,-0.015613960107029534,3.7630105080410257,4.672126796438717,,,
rdblearn,rel-f1,driver-position,REGRESSION,0,6,mae,rtx-pro-6000,False,"{""max_depth"": 4, ""tfm"": ""tabpfn-v2.5""}",32d90e6c,r5,3.690623561174932,,6.020464898,8.899495369000007,,,,,,,,,,,,0.028637576172092283,3.690623561174932,4.569208112893542,,,
rdblearn,rel-f1,driver-dnf,BINARY_CLASSIFICATION,0,6,roc_auc,rtx-pro-6000,False,"{""max_depth"": 2, ""tfm"": ""tabpfn-v2""}",61d99e44,default,0.6173424036281179,0.7172302737520129,12.257256437999999,6.0910405019999985,2.5526052869999774,4.368732254999998,,0.857563749312077,0.7756183745583038,0.8718466195761857,0.6173424036281179,0.8321809901990634,0.6937321937321937,0.8186440677966101,0.7172302737520129,,,,,,
rdblearn,rel-f1,driver-dnf,BINARY_CLASSIFICATION,0,6,roc_auc,rtx-pro-6000,False,"{""max_depth"": 2, ""tfm"": ""tabpfn-v2.5""}",31690f4a,r1,0.6115646258503401,,1.0247933360000019,3.6940701860000047,,,,0.8417898643268212,0.7756183745583038,0.8718466195761857,0.6115646258503401,,,,,,,,,,
rdblearn,rel-f1,driver-dnf,BINARY_CLASSIFICATION,0,6,roc_auc,rtx-pro-6000,False,"{""max_depth"": 3, ""tfm"": ""tabpfn-v2""}",5281e948,r2,0.6285079365079366,,3.2604974580000032,5.882354445999994,,,,0.8587975499591677,0.7756183745583038,0.8718466195761857,0.6285079365079366,,,,,,,,,,
rdblearn,rel-f1,driver-dnf,BINARY_CLASSIFICATION,0,6,roc_auc,rtx-pro-6000,True,"{""max_depth"": 3, ""tfm"": ""tabpfn-v2.5""}",20d4cc69,r3,0.6328253968253968,0.7145513102034842,0.9220149909999975,5.027715373999996,1.6989532240000074,5.092501964000007,,0.8580287509768478,0.773851590106007,0.8707070707070707,0.6328253968253968,0.8363950334254535,0.6851851851851852,0.810671256454389,0.7145513102034842,,,,,,
rdblearn,rel-f1,driver-dnf,BINARY_CLASSIFICATION,0,6,roc_auc,rtx-pro-6000,False,"{""max_depth"": 4, ""tfm"": ""tabpfn-v2""}",134708b4,r4,0.6193469387755102,,22.926636725999998,21.352672987000005,,,,0.8373644736330539,0.7756183745583038,0.8718466195761857,0.6193469387755102,,,,,,,,,,
rdblearn,rel-f1,driver-dnf,BINARY_CLASSIFICATION,0,6,roc_auc,rtx-pro-6000,False,"{""max_depth"": 4, ""tfm"": ""tabpfn-v2.5""}",32d90e6c,r5,0.6177687074829932,,5.238569386000023,17.333173571999993,,,,0.8442119099880661,0.7438162544169611,0.8497409326424871,0.6177687074829932,,,,,,,,,,
rdblearn,rel-f1,driver-top3,BINARY_CLASSIFICATION,0,6,roc_auc,rtx-pro-6000,False,"{""max_depth"": 2, ""tfm"": ""tabpfn-v2""}",61d99e44,default,0.6986615541739084,0.7921783549331104,7.890871766000004,2.074145505000004,1.4660427139999967,0.5697614350000038,,0.34595870361763337,0.7414965986394558,0.3504273504273504,0.6986615541739084,0.3649463755336167,0.790633608815427,0.5,0.7921783549331104,,,,,,
rdblearn,rel-f1,driver-top3,BINARY_CLASSIFICATION,0,6,roc_auc,rtx-pro-6000,True,"{""max_depth"": 2, ""tfm"": ""tabpfn-v2.5""}",31690f4a,r1,0.7043324792603608,0.7800807378762542,0.36785416300000406,0.44508941000000846,0.26161382799999444,0.4697971650000028,,0.34686987468855324,0.7585034013605442,0.1839080459770115,0.7043324792603608,0.34554684599908814,0.7837465564738292,0.3794466403162055,0.7800807378762542,,,,,,
rdblearn,rel-f1,driver-top3,BINARY_CLASSIFICATION,0,6,roc_auc,rtx-pro-6000,False,"{""max_depth"": 3, ""tfm"": ""tabpfn-v2""}",5281e948,r2,0.7042608088011324,,1.1689585300000118,0.7207627829999979,,,,0.3558681489303423,0.7704081632653061,0.3557692307692308,0.7042608088011324,,,,,,,,,,
rdblearn,rel-f1,driver-top3,BINARY_CLASSIFICATION,0,6,roc_auc,rtx-pro-6000,False,"{""max_depth"": 3, ""tfm"": ""tabpfn-v2.5""}",20d4cc69,r3,0.7029528229202128,,0.3781397909999953,0.5889933300000081,,,,0.35127840499436946,0.7585034013605442,0.1839080459770115,0.7029528229202128,,,,,,,,,,
rdblearn,rel-f1,driver-top3,BINARY_CLASSIFICATION,0,6,roc_auc,rtx-pro-6000,False,"{""max_depth"": 4, ""tfm"": ""tabpfn-v2""}",134708b4,r4,0.6819533783662718,,2.3452651669999938,2.4796164600000026,,,,0.3345277465990937,0.7312925170068028,0.22549019607843138,0.6819533783662718,,,,,,,,,,
rdblearn,rel-f1,driver-top3,BINARY_CLASSIFICATION,0,6,roc_auc,rtx-pro-6000,False,"{""max_depth"": 4, ""tfm"": ""tabpfn-v2.5""}",32d90e6c,r5,0.6933041873465805,,1.388790886999999,2.5512257639999945,,,,0.33365716182733196,0.7585034013605442,0.1839080459770115,0.6933041873465805,,,,,,,,,,
rdblearn,rel-hm,user-churn,BINARY_CLASSIFICATION,0,6,roc_auc,rtx-pro-6000,False,"{""max_depth"": 2, ""tfm"": ""tabpfn-v2""}",61d99e44,default,0.6941137518934404,0.6914418915804571,14.579917810999987,27.792060042999992,2.907772909000073,26.056467870999995,,0.8902259020686222,0.8197920476513925,0.8984258809323968,0.6941137518934404,0.8987810027367895,0.8305866577271204,0.905326907365628,0.6914418915804571,,,,,,
rdblearn,rel-hm,user-churn,BINARY_CLASSIFICATION,0,6,roc_auc,rtx-pro-6000,False,"{""max_depth"": 2, ""tfm"": ""tabpfn-v2.5""}",31690f4a,r1,0.6980247171708753,,2.7395887600000037,25.57464166199999,,,,0.8917922548388696,0.8203929149903338,0.8987336180238551,0.6980247171708753,,,,,,,,,,
rdblearn,rel-hm,user-churn,BINARY_CLASSIFICATION,0,6,roc_auc,rtx-pro-6000,False,"{""max_depth"": 3, ""tfm"": ""tabpfn-v2""}",5281e948,r2,0.6984693110225078,,5.888484804000001,65.01604913099999,,,,0.8931473918646146,0.8195830503161085,0.8987606182982871,0.6984693110225078,,,,,,,,,,
rdblearn,rel-hm,user-churn,BINARY_CLASSIFICATION,0,6,roc_auc,rtx-pro-6000,False,"{""max_depth"": 3, ""tfm"": ""tabpfn-v2.5""}",20d4cc69,r3,0.6980133619255405,,4.620168253999992,57.30822894200003,,,,0.8927000373276485,0.819922670985945,0.8979353128863423,0.6980133619255405,,,,,,,,,,
rdblearn,rel-hm,user-churn,BINARY_CLASSIFICATION,0,6,roc_auc,rtx-pro-6000,False,"{""max_depth"": 4, ""tfm"": ""tabpfn-v2""}",134708b4,r4,0.6993472191745977,,9.180945817999998,100.13248614100002,,,,0.8933898026222262,0.8201969799885052,0.8989371072875683,0.6993472191745977,,,,,,,,,,
rdblearn,rel-hm,user-churn,BINARY_CLASSIFICATION,0,6,roc_auc,rtx-pro-6000,True,"{""max_depth"": 4, ""tfm"": ""tabpfn-v2.5""}",32d90e6c,r5,0.7007281077281522,0.6983516686879048,7.700693962999992,81.63036352900002,12.840249723999989,82.00926258299995,,0.8952294338194295,0.8204582266576101,0.8984040195064282,0.7007281077281522,0.9033790269616342,0.8296480053637277,0.9043720370231018,0.6983516686879048,,,,,,
rdblearn,rel-hm,item-sales,REGRESSION,0,6,mae,rtx-pro-6000,False,"{""max_depth"": 2, ""tfm"": ""tabpfn-v2""}",61d99e44,default,0.07327071487299767,0.0668984367859618,26.845350331999995,105.07442523600001,17.716065923999963,104.76580425099996,,,,,,,,,,0.0690005282555729,0.07327071487299767,0.6390330948856919,0.05791254102517651,0.0668984367859618,0.5655829893178828
rdblearn,rel-hm,item-sales,REGRESSION,0,6,mae,rtx-pro-6000,True,"{""max_depth"": 2, ""tfm"": ""tabpfn-v2.5""}",31690f4a,r1,0.07294771582894065,0.0671315013800245,9.683330735999988,96.71224750700003,12.678961399999935,98.00423478899995,,,,,,,,,,0.08596228043282761,0.07294771582894065,0.6331851082074973,0.07004214788305585,0.0671315013800245,0.5619301837535234
rdblearn,rel-hm,item-sales,REGRESSION,0,6,mae,rtx-pro-6000,False,"{""max_depth"": 3, ""tfm"": ""tabpfn-v2""}",5281e948,r2,0.07327071487299767,,17.508309276000034,104.35409266800002,,,,,,,,,,,,0.0690005282555729,0.07327071487299767,0.6390330948856919,,,
rdblearn,rel-hm,item-sales,REGRESSION,0,6,mae,rtx-pro-6000,False,"{""max_depth"": 3, ""tfm"": ""tabpfn-v2.5""}",20d4cc69,r3,0.07294771582894065,,9.838469082000017,99.71902985100002,,,,,,,,,,,,0.08596228043282761,0.07294771582894065,0.6331851082074973,,,
rdblearn,rel-hm,item-sales,REGRESSION,0,6,mae,rtx-pro-6000,False,"{""max_depth"": 4, ""tfm"": ""tabpfn-v2""}",134708b4,r4,0.07327071487299767,,16.855359091000082,106.08705175500006,,,,,,,,,,,,0.0690005282555729,0.07327071487299767,0.6390330948856919,,,
rdblearn,rel-hm,item-sales,REGRESSION,0,6,mae,rtx-pro-6000,False,"{""max_depth"": 4, ""tfm"": ""tabpfn-v2.5""}",32d90e6c,r5,0.07294771582894065,,9.28684806299998,98.731059845,,,,,,,,,,,,0.08596228043282761,0.07294771582894065,0.6331851082074973,,,
rdblearn,rel-stack,user-engagement,BINARY_CLASSIFICATION,0,6,roc_auc,rtx-pro-6000,True,"{""max_depth"": 2, ""tfm"": ""tabpfn-v2""}",61d99e44,default,0.8972030568037405,0.8586698771242587,15.885795385999998,56.909772157999996,5.529474380000011,57.45149255000001,,0.3920917553217334,0.9751471016603553,0.32370675975880675,0.8972030568037405,0.3569829319622832,0.9739836844911899,0.34476843910806176,0.8586698771242587,,,,,,
rdblearn,rel-stack,user-engagement,BINARY_CLASSIFICATION,0,6,roc_auc,rtx-pro-6000,False,"{""max_depth"": 2, ""tfm"": ""tabpfn-v2.5""}",31690f4a,r1,0.8954718813398977,,2.512429892,51.766303514000015,,,,0.3937289174458496,0.9753917856102534,0.3294192319898445,0.8954718813398977,,,,,,,,,,
rdblearn,rel-stack,user-engagement,BINARY_CLASSIFICATION,0,6,roc_auc,rtx-pro-6000,False,"{""max_depth"": 3, ""tfm"": ""tabpfn-v2""}",5281e948,r2,0.8945751846901884,,17.73060012900001,201.35905270300003,,,,0.3885289296418578,0.9748791144771337,0.29735898271926964,0.8945751846901884,,,,,,,,,,
rdblearn,rel-stack,user-engagement,BINARY_CLASSIFICATION,0,6,roc_auc,rtx-pro-6000,False,"{""max_depth"": 3, ""tfm"": ""tabpfn-v2.5""}",20d4cc69,r3,0.8944471641755766,,12.955503503999978,163.95170236899992,,,,0.3924690169489732,0.9751471016603553,0.31037827352085356,0.8944471641755766,,,,,,,,,,
rdblearn,rel-stack,user-engagement,BINARY_CLASSIFICATION,0,6,roc_auc,rtx-pro-6000,False,"{""max_depth"": 4, ""tfm"": ""tabpfn-v2""}",134708b4,r4,0.8940355349613316,,37.480824393000034,338.39132989099994,,,,0.38598927285458423,0.9750771919603844,0.3194400254533885,0.8940355349613316,,,,,,,,,,
rdblearn,rel-stack,user-engagement,BINARY_CLASSIFICATION,0,6,roc_auc,rtx-pro-6000,False,"{""max_depth"": 4, ""tfm"": ""tabpfn-v2.5""}",32d90e6c,r5,0.89488463216422,,30.92706108599998,256.03770193100013,,,,0.3921550985291574,0.9751471016603553,0.294973544973545,0.89488463216422,,,,,,,,,,
rdblearn,rel-stack,post-votes,REGRESSION,0,6,mae,rtx-pro-6000,True,"{""max_depth"": 2, ""tfm"": ""tabpfn-v2""}",61d99e44,default,0.06152877957023785,0.06771911243119665,46.760445139,363.08999693899995,40.473465289999695,355.0866874080002,,,,,,,,,,0.01312265589385142,0.06152877957023785,0.3636290273516026,0.005025671301344126,0.06771911243119665,0.3681502511815673
rdblearn,rel-stack,post-votes,REGRESSION,0,6,mae,rtx-pro-6000,False,"{""max_depth"": 2, ""tfm"": ""tabpfn-v2.5""}",31690f4a,r1,0.061587411659972065,,33.80974686600007,415.44175155799996,,,,,,,,,,,,0.004672690302941818,0.061587411659972065,0.3651824643273954,,,
rdblearn,rel-stack,post-votes,REGRESSION,0,6,mae,rtx-pro-6000,False,"{""max_depth"": 3, ""tfm"": ""tabpfn-v2""}",5281e948,r2,0.06152877957023785,,38.69844114199998,371.38504808100004,,,,,,,,,,,,0.01312265589385142,0.06152877957023785,0.3636290273516026,,,
rdblearn,rel-stack,post-votes,REGRESSION,0,6,mae,rtx-pro-6000,False,"{""max_depth"": 3, ""tfm"": ""tabpfn-v2.5""}",20d4cc69,r3,0.061587411659972065,,33.77027597899996,421.6655985,,,,,,,,,,,,0.004672690302941818,0.061587411659972065,0.3651824643273954,,,
rdblearn,rel-stack,post-votes,REGRESSION,0,6,mae,rtx-pro-6000,False,"{""max_depth"": 4, ""tfm"": ""tabpfn-v2""}",134708b4,r4,0.06152877957023785,,37.556249237999964,368.78324336700007,,,,,,,,,,,,0.01312265589385142,0.06152877957023785,0.3636290273516026,,,
rdblearn,rel-stack,post-votes,REGRESSION,0,6,mae,rtx-pro-6000,False,"{""max_depth"": 4, ""tfm"": ""tabpfn-v2.5""}",32d90e6c,r5,0.061587411659972065,,33.922491937999894,415.8639887879999,,,,,,,,,,,,0.004672690302941818,0.061587411659972065,0.3651824643273954,,,
rdblearn,rel-stack,user-badge,BINARY_CLASSIFICATION,0,6,roc_auc,rtx-pro-6000,False,"{""max_depth"": 2, ""tfm"": ""tabpfn-v2""}",61d99e44,default,0.8644237916404325,0.8177376957079827,15.385678963000004,162.91057441500004,6.243124179000006,170.38082604200008,,0.3200269661925822,0.9722228959005328,0.15494343334972946,0.8644237916404325,0.265461261851918,0.9739739974937344,0.24385805277525022,0.8177376957079827,,,,,,
rdblearn,rel-stack,user-badge,BINARY_CLASSIFICATION,0,6,roc_auc,rtx-pro-6000,False,"{""max_depth"": 2, ""tfm"": ""tabpfn-v2.5""}",31690f4a,r1,0.8617769202109514,,5.105224824000004,143.14448983300002,,,,0.3196387957127801,0.972198643481354,0.19666004904823076,0.8617769202109514,,,,,,,,,,
rdblearn,rel-stack,user-badge,BINARY_CLASSIFICATION,0,6,roc_auc,rtx-pro-6000,False,"{""max_depth"": 3, ""tfm"": ""tabpfn-v2""}",5281e948,r2,0.8647081639914542,,40.21189836000002,572.031345107,,,,0.32185569879960674,0.9722754428087536,0.17686585073194144,0.8647081639914542,,,,,,,,,,
rdblearn,rel-stack,user-badge,BINARY_CLASSIFICATION,0,6,roc_auc,rtx-pro-6000,False,"{""max_depth"": 3, ""tfm"": ""tabpfn-v2.5""}",20d4cc69,r3,0.8656138479145258,,31.883034270999815,462.23833877699985,,,,0.31998193176269785,0.9721420545032701,0.16783385655638736,0.8656138479145258,,,,,,,,,,
rdblearn,rel-stack,user-badge,BINARY_CLASSIFICATION,0,6,roc_auc,rtx-pro-6000,True,"{""max_depth"": 4, ""tfm"": ""tabpfn-v2""}",134708b4,r4,0.8666131022011029,0.7711471621012824,83.60289658200008,968.513189069,85.44233579999991,1005.4432456530003,,0.3193985780832341,0.9722875690183429,0.19224879255507127,0.8666131022011029,0.2629571383422463,0.9705278822055138,0.3088505325009181,0.7711471621012824,,,,,,
rdblearn,rel-stack,user-badge,BINARY_CLASSIFICATION,0,6,roc_auc,rtx-pro-6000,False,"{""max_depth"": 4, ""tfm"": ""tabpfn-v2.5""}",32d90e6c,r5,0.8638063227375568,,72.67446239999981,774.8468155969999,,,,0.3186274763925433,0.9720895075950493,0.15144437615242778,0.8638063227375568,,,,,,,,,,
rdblearn,rel-trial,study-outcome,BINARY_CLASSIFICATION,0,6,roc_auc,rtx-pro-6000,False,"{""max_depth"": 2, ""tfm"": ""tabpfn-v2""}",61d99e44,default,0.6646920331130857,0.715414744590946,7.728083089000009,4.020136410999996,1.232633017000012,2.662266166000009,,0.733753122196485,0.6447916666666667,0.737490377213241,0.6646920331130857,0.7721981369571764,0.6606060606060606,0.7513321492007105,0.715414744590946,,,,,,
rdblearn,rel-trial,study-outcome,BINARY_CLASSIFICATION,0,6,roc_auc,rtx-pro-6000,False,"{""max_depth"": 2, ""tfm"": ""tabpfn-v2.5""}",31690f4a,r1,0.6646607606359929,,1.3158860820000058,2.8127790829999952,,,,0.7328052501965486,0.640625,0.7331786542923434,0.6646607606359929,,,,,,,,,,
rdblearn,rel-trial,study-outcome,BINARY_CLASSIFICATION,0,6,roc_auc,rtx-pro-6000,False,"{""max_depth"": 3, ""tfm"": ""tabpfn-v2""}",5281e948,r2,0.6647523443189078,,1.655087309999999,2.781429028000005,,,,0.7344959138779822,0.6385416666666667,0.7363636363636363,0.6647523443189078,,,,,,,,,,
rdblearn,rel-trial,study-outcome,BINARY_CLASSIFICATION,0,6,roc_auc,rtx-pro-6000,False,"{""max_depth"": 3, ""tfm"": ""tabpfn-v2.5""}",20d4cc69,r3,0.6668833402579533,,1.121558291999989,2.8541218899999876,,,,0.7352368207454747,0.6375,0.7334360554699538,0.6668833402579533,,,,,,,,,,
rdblearn,rel-trial,study-outcome,BINARY_CLASSIFICATION,0,6,roc_auc,rtx-pro-6000,False,"{""max_depth"": 4, ""tfm"": ""tabpfn-v2""}",134708b4,r4,0.6684715353446004,,3.4621983380000074,5.159622730999999,,,,0.7290638312806026,0.64375,0.7485294117647059,0.6684715353446004,,,,,,,,,,
rdblearn,rel-trial,study-outcome,BINARY_CLASSIFICATION,0,6,roc_auc,rtx-pro-6000,True,"{""max_depth"": 4, ""tfm"": ""tabpfn-v2.5""}",32d90e6c,r5,0.6711520333811356,0.7212051868802442,1.942782975,4.646118969,2.032438119999995,4.649368568,,0.7373898344002742,0.6416666666666667,0.7337461300309598,0.6711520333811356,0.7776235588986868,0.6727272727272727,0.7549909255898367,0.7212051868802442,,,,,,
rdblearn,rel-trial,study-adverse,REGRESSION,0,6,mae,rtx-pro-6000,False,"{""max_depth"": 2, ""tfm"": ""tabpfn-v2""}",61d99e44,default,46.30194950287745,45.01611341827527,12.90354083599999,4.630262689000006,2.739470267999991,3.3233672080000076,,,,,,,,,,0.055522147915714304,46.30194950287745,380.1028619835835,0.15795034332228675,45.01611341827527,229.12023585834905
rdblearn,rel-trial,study-adverse,REGRESSION,0,6,mae,rtx-pro-6000,False,"{""max_depth"": 2, ""tfm"": ""tabpfn-v2.5""}",31690f4a,r1,45.81078882430068,,1.6139934589999996,3.837308519000004,,,,,,,,,,,,0.060649613641101774,45.81078882430068,379.06968964646563,,,
rdblearn,rel-trial,study-adverse,REGRESSION,0,6,mae,rtx-pro-6000,False,"{""max_depth"": 3, ""tfm"": ""tabpfn-v2""}",5281e948,r2,46.388562172120885,,3.1579687440000157,3.6197784389999867,,,,,,,,,,,,0.0556089047871422,46.388562172120885,380.08540403453287,,,
rdblearn,rel-trial,study-adverse,REGRESSION,0,6,mae,rtx-pro-6000,False,"{""max_depth"": 3, ""tfm"": ""tabpfn-v2.5""}",20d4cc69,r3,45.81439512660592,,2.07608163499998,3.881526990999987,,,,,,,,,,,,0.06120539627055466,45.81439512660592,378.957531540027,,,
rdblearn,rel-trial,study-adverse,REGRESSION,0,6,mae,rtx-pro-6000,False,"{""max_depth"": 4, ""tfm"": ""tabpfn-v2""}",134708b4,r4,46.37465023054629,,7.023028019999998,5.595653485000014,,,,,,,,,,,,0.05558215369616737,46.37465023054629,380.090787200083,,,
rdblearn,rel-trial,study-adverse,REGRESSION,0,6,mae,rtx-pro-6000,True,"{""max_depth"": 4, ""tfm"": ""tabpfn-v2.5""}",32d90e6c,r5,45.5799720149997,44.02670468902726,3.910307152999991,6.517363122000006,4.009220995999982,6.167224734000001,,,,,,,,,,0.06101996563681955,45.5799720149997,378.9949555225189,0.17402198809308378,44.02670468902726,226.92316867234695
rdblearn,rel-trial,site-success,REGRESSION,0,6,mae,rtx-pro-6000,True,"{""max_depth"": 2, ""tfm"": ""tabpfn-v2""}",61d99e44,default,0.43460517430788315,0.4858332659895385,25.90318473299999,52.20521247800002,15.68943535699998,54.787206587000014,,,,,,,,,,-0.7635067627094729,0.43460517430788315,0.6343637166717688,-0.9666821419737837,0.4858332659895385,0.6748559438892494
rdblearn,rel-trial,site-success,REGRESSION,0,6,mae,rtx-pro-6000,False,"{""max_depth"": 2, ""tfm"": ""tabpfn-v2.5""}",31690f4a,r1,0.4623516699654511,,16.584064925999996,48.71780524799999,,,,,,,,,,,,-0.8943893313267848,0.4623516699654511,0.6574827906487217,,,
rdblearn,rel-trial,site-success,REGRESSION,0,6,mae,rtx-pro-6000,False,"{""max_depth"": 3, ""tfm"": ""tabpfn-v2""}",5281e948,r2,0.43460517430788315,,15.209368207000011,51.00403447299999,,,,,,,,,,,,-0.7635067627094729,0.43460517430788315,0.6343637166717688,,,
rdblearn,rel-trial,site-success,REGRESSION,0,6,mae,rtx-pro-6000,False,"{""max_depth"": 3, ""tfm"": ""tabpfn-v2.5""}",20d4cc69,r3,0.4623516699654511,,16.620151781999994,48.63129020299999,,,,,,,,,,,,-0.8943893313267848,0.4623516699654511,0.6574827906487217,,,
rdblearn,rel-trial,site-success,REGRESSION,0,6,mae,rtx-pro-6000,False,"{""max_depth"": 4, ""tfm"": ""tabpfn-v2""}",134708b4,r4,0.43460517430788315,,14.946608629999957,51.64558434100002,,,,,,,,,,,,-0.7635067627094729,0.43460517430788315,0.6343637166717688,,,
rdblearn,rel-trial,site-success,REGRESSION,0,6,mae,rtx-pro-6000,False,"{""max_depth"": 4, ""tfm"": ""tabpfn-v2.5""}",32d90e6c,r5,0.4623516699654511,,16.788113074000023,48.32131306299999,,,,,,,,,,,,-0.8943893313267848,0.4623516699654511,0.6574827906487217,,,
graphsage,rel-avito,ad-ctr,REGRESSION,0,4,mae,rtx-pro-6000,False,"{""aggr"": ""sum"", ""channels"": 128, ""lr"": 0.005, ""num_layers"": 2, ""num_neighbors"": 128}",9d82b67c,default,0.0434690386140531,0.0405049850871339,194.316174419,0.8131539810000277,6.483288326999968,1.306713883000043,,,,,,,,,,-0.1104828167683376,0.0434690386140531,0.1045376038439466,0.0352120475351415,0.0405049850871339,0.1078033888231733
graphsage,rel-avito,ad-ctr,REGRESSION,0,4,mae,rtx-pro-6000,False,"{""aggr"": ""mean"", ""channels"": 256, ""lr"": 0.0018735112039, ""num_layers"": 3, ""num_neighbors"": 64}",2afeada9,r1,0.0399407780900301,,14.721499035999956,0.9987016140000264,,,,,,,,,,,,-0.1012601428534616,0.0399407780900301,0.1041026010035331,,,
graphsage,rel-avito,ad-ctr,REGRESSION,0,4,mae,rtx-pro-6000,True,"{""aggr"": ""sum"", ""channels"": 64, ""lr"": 0.0030037592231, ""num_layers"": 3, ""num_neighbors"": 128}",a3fb7076,r2,0.0347967845701194,0.0389656696429977,16.34419662600004,1.4613978770000244,223.31251945800005,1.3476030629999514,,,,,,,,,,0.0744807212578038,0.0347967845701194,0.0954353684659875,0.0715341164291275,0.0389656696429977,0.1057546451829701
graphsage,rel-avito,ad-ctr,REGRESSION,0,4,mae,rtx-pro-6000,False,"{""aggr"": ""mean"", ""channels"": 256, ""lr"": 0.00648886485, ""num_layers"": 2, ""num_neighbors"": 256}",a84fbc8f,r3,0.0422073741721198,,12.391730080000002,0.707259104000002,,,,,,,,,,,,-0.0238119445325692,0.0422073741721198,0.1003752675314634,,,
graphsage,rel-avito,ad-ctr,REGRESSION,0,4,mae,rtx-pro-6000,False,"{""aggr"": ""sum"", ""channels"": 64, ""lr"": 0.0030197929882, ""num_layers"": 3, ""num_neighbors"": 64}",93f9135d,r4,0.0374180712448702,,9.932224680000049,0.8926953870000034,,,,,,,,,,,,-0.0127897435910488,0.0374180712448702,0.0998334931230596,,,
graphsage,rel-avito,user-visits,BINARY_CLASSIFICATION,0,4,roc_auc,rtx-pro-6000,False,"{""aggr"": ""sum"", ""channels"": 128, ""lr"": 0.005, ""num_layers"": 2, ""num_neighbors"": 128}",9d82b67c,default,0.6979095071174124,0.6557471134171722,247.120279684,2.0462244789999886,68.77368027199986,2.49300323999978,,0.9535259968418516,0.9034991160479002,0.949303425917813,0.6979095071174124,0.916284709303918,0.8505909380276232,0.9192641340113672,0.6557471134171722,,,,,,
graphsage,rel-avito,user-visits,BINARY_CLASSIFICATION,0,4,roc_auc,rtx-pro-6000,False,"{""aggr"": ""mean"", ""channels"": 256, ""lr"": 0.0018735112039, ""num_layers"": 3, ""num_neighbors"": 64}",2afeada9,r1,0.6639649134879086,,104.91549375800004,3.3892758110000045,,,,0.9466715285920762,0.9034991160479002,0.949303425917813,0.6639649134879086,,,,,,,,,,
graphsage,rel-avito,user-visits,BINARY_CLASSIFICATION,0,4,roc_auc,rtx-pro-6000,True,"{""aggr"": ""sum"", ""channels"": 64, ""lr"": 0.0030037592231, ""num_layers"": 3, ""num_neighbors"": 128}",a3fb7076,r2,0.7034786575126188,0.6657582844665231,100.915034337,3.1859078559999716,312.37675099499995,4.054487645000108,,0.9546084311112674,0.9034991160479002,0.949303425917813,0.7034786575126188,0.9182082451702837,0.8505909380276232,0.9192641340113672,0.6657582844665231,,,,,,
graphsage,rel-avito,user-visits,BINARY_CLASSIFICATION,0,4,roc_auc,rtx-pro-6000,False,"{""aggr"": ""mean"", ""channels"": 256, ""lr"": 0.00648886485, ""num_layers"": 2, ""num_neighbors"": 256}",a84fbc8f,r3,0.6426143416040966,,74.23626386500007,2.3850943799999413,,,,0.9384353286301542,0.9034991160479002,0.949303425917813,0.6426143416040966,,,,,,,,,,
graphsage,rel-avito,user-visits,BINARY_CLASSIFICATION,0,4,roc_auc,rtx-pro-6000,False,"{""aggr"": ""sum"", ""channels"": 64, ""lr"": 0.0030197929882, ""num_layers"": 3, ""num_neighbors"": 64}",93f9135d,r4,0.7015283015405425,,83.05690719799998,2.3625021200000447,,,,0.9550013627886385,0.9034991160479002,0.949303425917813,0.7015283015405425,,,,,,,,,,
graphsage,rel-avito,user-clicks,BINARY_CLASSIFICATION,0,4,roc_auc,rtx-pro-6000,False,"{""aggr"": ""sum"", ""channels"": 128, ""lr"": 0.005, ""num_layers"": 2, ""num_neighbors"": 128}",9d82b67c,default,0.6447246575171529,0.6566490627244818,234.424656132,1.8142775520000216,52.84545378500002,2.7825610849999975,,0.070975438293848,0.9648302884388424,0.0,0.6447246575171529,0.0425675270504561,0.984582048504042,0.0,0.6566490627244818,,,,,,
graphsage,rel-avito,user-clicks,BINARY_CLASSIFICATION,0,4,roc_auc,rtx-pro-6000,False,"{""aggr"": ""mean"", ""channels"": 256, ""lr"": 0.0018735112039, ""num_layers"": 3, ""num_neighbors"": 64}",2afeada9,r1,0.645886265286862,,82.41799918499999,3.1760023659999774,,,,0.0593938843403015,0.9648302884388424,0.0,0.645886265286862,,,,,,,,,,
graphsage,rel-avito,user-clicks,BINARY_CLASSIFICATION,0,4,roc_auc,rtx-pro-6000,True,"{""aggr"": ""sum"", ""channels"": 64, ""lr"": 0.0030037592231, ""num_layers"": 3, ""num_neighbors"": 128}",a3fb7076,r2,0.6528167691318514,0.6086740165127036,75.95062821300002,2.8373441879999746,284.68962792499997,4.416690291999998,,0.0744830031294283,0.9648302884388424,0.0,0.6528167691318514,0.0375988703454678,0.984582048504042,0.0,0.6086740165127036,,,,,,
graphsage,rel-avito,user-clicks,BINARY_CLASSIFICATION,0,4,roc_auc,rtx-pro-6000,False,"{""aggr"": ""mean"", ""channels"": 256, ""lr"": 0.00648886485, ""num_layers"": 2, ""num_neighbors"": 256}",a84fbc8f,r3,0.6249572286391122,,55.18374853599994,2.3512192109999432,,,,0.0524479635455921,0.9648302884388424,0.0,0.6249572286391122,,,,,,,,,,
graphsage,rel-avito,user-clicks,BINARY_CLASSIFICATION,0,4,roc_auc,rtx-pro-6000,False,"{""aggr"": ""sum"", ""channels"": 64, ""lr"": 0.0030197929882, ""num_layers"": 3, ""num_neighbors"": 64}",93f9135d,r4,0.648179072933626,,64.93446415899996,1.93364855599998,,,,0.0709285097466307,0.9648302884388424,0.0,0.648179072933626,,,,,,,,,,
graphsage,rel-f1,driver-position,REGRESSION,0,4,mae,rtx-pro-6000,False,"{""aggr"": ""sum"", ""channels"": 128, ""lr"": 0.005, ""num_layers"": 2, ""num_neighbors"": 128}",9d82b67c,default,3.634357407926,3.79379823308242,34.30725229699999,0.0357336260000096,4.925088017000007,0.050248689,,,,,,,,,,0.0461946849315748,3.634357407926,4.527726224495177,0.2107465199714164,3.79379823308242,4.628903303360096
graphsage,rel-f1,driver-position,REGRESSION,0,4,mae,rtx-pro-6000,True,"{""aggr"": ""mean"", ""channels"": 256, ""lr"": 0.0018735112039, ""num_layers"": 3, ""num_neighbors"": 64}",2afeada9,r1,3.53513874265458,4.011111710113392,59.470938540999995,0.3307918609999944,64.752852652,0.4312085750000278,,,,,,,,,,0.122157414137372,3.53513874265458,4.34368789335242,0.1213864133259534,4.011111710113392,4.883923056231346
graphsage,rel-f1,driver-position,REGRESSION,0,4,mae,rtx-pro-6000,False,"{""aggr"": ""sum"", ""channels"": 64, ""lr"": 0.0030037592231, ""num_layers"": 3, ""num_neighbors"": 128}",a3fb7076,r2,3.7162028690457904,,61.72564611999999,0.2717349689999935,,,,,,,,,,,,-0.0016476590492884,3.7162028690457904,4.639891016626382,,,
graphsage,rel-f1,driver-position,REGRESSION,0,4,mae,rtx-pro-6000,False,"{""aggr"": ""mean"", ""channels"": 256, ""lr"": 0.00648886485, ""num_layers"": 2, ""num_neighbors"": 256}",a84fbc8f,r3,3.6367192011637615,,5.780305009999978,0.0386691180000013,,,,,,,,,,,,0.088288077501874,3.6367192011637615,4.426689971276477,,,
graphsage,rel-f1,driver-position,REGRESSION,0,4,mae,rtx-pro-6000,False,"{""aggr"": ""sum"", ""channels"": 64, ""lr"": 0.0030197929882, ""num_layers"": 3, ""num_neighbors"": 64}",93f9135d,r4,3.688337243487219,,36.42238638200001,0.2257444309999527,,,,,,,,,,,,0.0382841939982996,3.688337243487219,4.54646305733352,,,
graphsage,rel-f1,driver-dnf,BINARY_CLASSIFICATION,0,4,roc_auc,rtx-pro-6000,False,"{""aggr"": ""sum"", ""channels"": 128, ""lr"": 0.005, ""num_layers"": 2, ""num_neighbors"": 128}",9d82b67c,default,0.654875283446712,0.7023910603620749,36.28336673,0.0494154649999956,7.746085430999983,0.0549019090000229,,0.8771441747684656,0.666077738515901,0.7686658506731946,0.654875283446712,0.8422383365800168,0.7008547008547008,0.8170731707317073,0.7023910603620749,,,,,,
graphsage,rel-f1,driver-dnf,BINARY_CLASSIFICATION,0,4,roc_auc,rtx-pro-6000,False,"{""aggr"": ""mean"", ""channels"": 256, ""lr"": 0.0018735112039, ""num_layers"": 3, ""num_neighbors"": 64}",2afeada9,r1,0.6360907029478458,,96.305081301,0.4519716600000265,,,,0.8703144013476767,0.7791519434628975,0.8758689175769613,0.6360907029478458,,,,,,,,,,
graphsage,rel-f1,driver-dnf,BINARY_CLASSIFICATION,0,4,roc_auc,rtx-pro-6000,False,"{""aggr"": ""sum"", ""channels"": 64, ""lr"": 0.0030037592231, ""num_layers"": 3, ""num_neighbors"": 128}",a3fb7076,r2,0.6405351473922902,,101.40462341499996,0.3403500269999995,,,,0.8790296102541418,0.734982332155477,0.8427672955974843,0.6405351473922902,,,,,,,,,,
graphsage,rel-f1,driver-dnf,BINARY_CLASSIFICATION,0,4,roc_auc,rtx-pro-6000,True,"{""aggr"": ""mean"", ""channels"": 256, ""lr"": 0.00648886485, ""num_layers"": 2, ""num_neighbors"": 256}",a84fbc8f,r3,0.6855782312925169,0.7172351534670375,9.107227919999955,0.0568807059999585,12.48930851099999,0.0648990290000028,,0.8793125755311655,0.7791519434628975,0.8758689175769613,0.6855782312925169,0.8532055999452117,0.688034188034188,0.8083989501312336,0.7172351534670375,,,,,,
graphsage,rel-f1,driver-dnf,BINARY_CLASSIFICATION,0,4,roc_auc,rtx-pro-6000,False,"{""aggr"": ""sum"", ""channels"": 64, ""lr"": 0.0030197929882, ""num_layers"": 3, ""num_neighbors"": 64}",93f9135d,r4,0.6306303854875284,,59.54909694500003,0.3021717719999515,,,,0.868515617572666,0.7791519434628975,0.8758689175769613,0.6306303854875284,,,,,,,,,,
graphsage,rel-f1,driver-top3,BINARY_CLASSIFICATION,0,4,roc_auc,rtx-pro-6000,False,"{""aggr"": ""sum"", ""channels"": 128, ""lr"": 0.005, ""num_layers"": 2, ""num_neighbors"": 128}",9d82b67c,default,0.6739173281252799,0.7449636810200669,29.922385292,0.0488144449999907,1.6355760779999855,0.0536900509999895,,0.3320254557279362,0.7278911564625851,0.4285714285714285,0.6739173281252799,0.299589295074381,0.8044077134986226,0.3771929824561403,0.7449636810200669,,,,,,
graphsage,rel-f1,driver-top3,BINARY_CLASSIFICATION,0,4,roc_auc,rtx-pro-6000,True,"{""aggr"": ""mean"", ""channels"": 256, ""lr"": 0.0018735112039, ""num_layers"": 3, ""num_neighbors"": 64}",2afeada9,r1,0.7006235329952877,0.7259746028428093,20.350807349000007,0.4584083040000024,25.895948218,0.5149152329999822,,0.366272124610075,0.7976190476190477,0.0,0.7006235329952877,0.2729171366832908,0.8236914600550964,0.0,0.7259746028428093,,,,,,
graphsage,rel-f1,driver-top3,BINARY_CLASSIFICATION,0,4,roc_auc,rtx-pro-6000,False,"{""aggr"": ""sum"", ""channels"": 64, ""lr"": 0.0030037592231, ""num_layers"": 3, ""num_neighbors"": 128}",a3fb7076,r2,0.6761570299761697,,19.242511622999984,0.3680744460000085,,,,0.3123938811769419,0.6989795918367347,0.300395256916996,0.6761570299761697,,,,,,,,,,
graphsage,rel-f1,driver-top3,BINARY_CLASSIFICATION,0,4,roc_auc,rtx-pro-6000,False,"{""aggr"": ""mean"", ""channels"": 256, ""lr"": 0.00648886485, ""num_layers"": 2, ""num_neighbors"": 256}",a84fbc8f,r3,0.6931966816577377,,1.9924794359999964,0.0564663499999937,,,,0.3633649282069159,0.7976190476190477,0.0,0.6931966816577377,,,,,,,,,,
graphsage,rel-f1,driver-top3,BINARY_CLASSIFICATION,0,4,roc_auc,rtx-pro-6000,False,"{""aggr"": ""sum"", ""channels"": 64, ""lr"": 0.0030197929882, ""num_layers"": 3, ""num_neighbors"": 64}",93f9135d,r4,0.6806543512927559,,12.508879963999988,0.2957356680000202,,,,0.3521192744846996,0.7023809523809523,0.4299674267100977,0.6806543512927559,,,,,,,,,,
graphsage,rel-hm,user-churn,BINARY_CLASSIFICATION,0,4,roc_auc,rtx-pro-6000,False,"{""aggr"": ""sum"", ""channels"": 128, ""lr"": 0.005, ""num_layers"": 2, ""num_neighbors"": 128}",9d82b67c,default,0.7044134281551266,0.6954490975936632,357.47748843700003,2.3033366650000175,242.56076261199996,2.0220477589991788,,0.8999163703418339,0.817558388630545,0.8974665795520449,0.7044134281551266,0.9049787300666984,0.8295675494468656,0.9056155411326136,0.6954490975936632,,,,,,
graphsage,rel-hm,user-churn,BINARY_CLASSIFICATION,0,4,roc_auc,rtx-pro-6000,False,"{""aggr"": ""mean"", ""channels"": 256, ""lr"": 0.0018735112039, ""num_layers"": 3, ""num_neighbors"": 64}",2afeada9,r1,0.6985405863252782,,1063.872608327,10.912843487999908,,,,0.8993312009182907,0.8151679816082344,0.8953603596941416,0.6985405863252782,,,,,,,,,,
graphsage,rel-hm,user-churn,BINARY_CLASSIFICATION,0,4,roc_auc,rtx-pro-6000,False,"{""aggr"": ""sum"", ""channels"": 64, ""lr"": 0.0030037592231, ""num_layers"": 3, ""num_neighbors"": 128}",a3fb7076,r2,0.7061055604396979,,1307.004608502,16.28446506099999,,,,0.9018692690579124,0.8164742149537594,0.8979873373605948,0.7061055604396979,,,,,,,,,,
graphsage,rel-hm,user-churn,BINARY_CLASSIFICATION,0,4,roc_auc,rtx-pro-6000,False,"{""aggr"": ""mean"", ""channels"": 256, ""lr"": 0.00648886485, ""num_layers"": 2, ""num_neighbors"": 256}",a84fbc8f,r3,0.6969125692366768,,275.9078055179998,2.0762883950001196,,,,0.8980295779736254,0.8125293902502743,0.8931904442956017,0.6969125692366768,,,,,,,,,,
graphsage,rel-hm,user-churn,BINARY_CLASSIFICATION,0,4,roc_auc,rtx-pro-6000,True,"{""aggr"": ""sum"", ""channels"": 64, ""lr"": 0.0030197929882, ""num_layers"": 3, ""num_neighbors"": 64}",93f9135d,r4,0.7063617251753084,0.6985251634702123,817.526863095,8.262918425999942,862.3593586820002,8.535340032000022,,0.9012594602937684,0.8165134019541251,0.8961243520250833,0.7063617251753084,0.9073548790961674,0.8266443178008716,0.904351814859206,0.6985251634702123,,,,,,
graphsage,rel-hm,item-sales,REGRESSION,0,4,mae,rtx-pro-6000,False,"{""aggr"": ""sum"", ""channels"": 128, ""lr"": 0.005, ""num_layers"": 2, ""num_neighbors"": 128}",9d82b67c,default,0.0647665561172581,0.0556938048237033,391.47677698,3.045826250999994,253.73579502099983,2.9506660529996225,,,,,,,,,,0.1848090005490587,0.0647665561172581,0.5979685198979815,0.2164438513641549,0.0556938048237033,0.5158052868069247
graphsage,rel-hm,item-sales,REGRESSION,0,4,mae,rtx-pro-6000,False,"{""aggr"": ""mean"", ""channels"": 256, ""lr"": 0.0018735112039, ""num_layers"": 3, ""num_neighbors"": 64}",2afeada9,r1,0.0669405980613163,,731.2365056180001,10.5230872919999,,,,,,,,,,,,0.1863823715911805,0.0669405980613163,0.5973911823437157,,,
graphsage,rel-hm,item-sales,REGRESSION,0,4,mae,rtx-pro-6000,True,"{""aggr"": ""sum"", ""channels"": 64, ""lr"": 0.0030037592231, ""num_layers"": 3, ""num_neighbors"": 128}",a3fb7076,r2,0.0640493768333044,0.055153198837592,1037.095593294,17.474419752999893,959.330797559,17.764105072000348,,,,,,,,,,0.1884009764844347,0.0640493768333044,0.596649651177386,0.2159671286097599,0.055153198837592,0.5159621732837238
graphsage,rel-hm,item-sales,REGRESSION,0,4,mae,rtx-pro-6000,False,"{""aggr"": ""mean"", ""channels"": 256, ""lr"": 0.00648886485, ""num_layers"": 2, ""num_neighbors"": 256}",a84fbc8f,r3,0.0653406136871385,,335.0259690390003,3.983576181999979,,,,,,,,,,,,0.1841497837430064,0.0653406136871385,0.5982102492829583,,,
graphsage,rel-hm,item-sales,REGRESSION,0,4,mae,rtx-pro-6000,False,"{""aggr"": ""sum"", ""channels"": 64, ""lr"": 0.0030197929882, ""num_layers"": 3, ""num_neighbors"": 64}",93f9135d,r4,0.0658060909128948,,539.3928078520003,8.353959543000201,,,,,,,,,,,,0.1773324037480701,0.0658060909128948,0.6007044218228825,,,
graphsage,rel-trial,study-outcome,BINARY_CLASSIFICATION,0,4,roc_auc,rtx-pro-6000,False,"{""aggr"": ""sum"", ""channels"": 128, ""lr"": 0.005, ""num_layers"": 2, ""num_neighbors"": 128}",9d82b67c,default,0.6359838991417939,0.6601709587979612,150.068596526,0.1757949069999824,12.000072380000006,0.1701653200000237,,0.7008774447206833,0.6177083333333333,0.7126076742364917,0.6359838991417939,0.7142475136764681,0.6496969696969697,0.7041965199590583,0.6601709587979612,,,,,,
graphsage,rel-trial,study-outcome,BINARY_CLASSIFICATION,0,4,roc_auc,rtx-pro-6000,True,"{""aggr"": ""mean"", ""channels"": 256, ""lr"": 0.0018735112039, ""num_layers"": 3, ""num_neighbors"": 64}",2afeada9,r1,0.6516469426686144,0.6862324894361508,15.836596549000006,0.2069257550000145,139.08659960900002,0.2148260870000058,,0.7111094204435906,0.5989583333333334,0.7428189712758851,0.6516469426686144,0.7414690997027885,0.6351515151515151,0.6759956942949408,0.6862324894361508,,,,,,
graphsage,rel-trial,study-outcome,BINARY_CLASSIFICATION,0,4,roc_auc,rtx-pro-6000,False,"{""aggr"": ""sum"", ""channels"": 64, ""lr"": 0.0030037592231, ""num_layers"": 3, ""num_neighbors"": 128}",a3fb7076,r2,0.6410902479013935,,17.757270045999974,0.2108299829999964,,,,0.712160777662614,0.603125,0.7249097472924187,0.6410902479013935,,,,,,,,,,
graphsage,rel-trial,study-outcome,BINARY_CLASSIFICATION,0,4,roc_auc,rtx-pro-6000,False,"{""aggr"": ""mean"", ""channels"": 256, ""lr"": 0.00648886485, ""num_layers"": 2, ""num_neighbors"": 256}",a84fbc8f,r3,0.6307926679443707,,11.12174623499999,0.1811360429999808,,,,0.6814253919086168,0.615625,0.7449896337249482,0.6307926679443707,,,,,,,,,,
graphsage,rel-trial,study-outcome,BINARY_CLASSIFICATION,0,4,roc_auc,rtx-pro-6000,False,"{""aggr"": ""sum"", ""channels"": 64, ""lr"": 0.0030197929882, ""num_layers"": 3, ""num_neighbors"": 64}",93f9135d,r4,0.6456381595700482,,14.812638128999993,0.1949569120000092,,,,0.7193916343764313,0.6260416666666667,0.7179890023566379,0.6456381595700482,,,,,,,,,,
graphsage,rel-trial,study-adverse,REGRESSION,0,4,mae,rtx-pro-6000,True,"{""aggr"": ""sum"", ""channels"": 128, ""lr"": 0.005, ""num_layers"": 2, ""num_neighbors"": 128}",9d82b67c,default,46.676327126972936,44.31526051537934,177.073840942,0.2865434610000079,161.33451562700003,0.258449421000023,,,,,,,,,,0.0667466520842507,46.676327126972936,377.8374737165512,0.1854761688723956,44.31526051537934,225.3442567040549
graphsage,rel-trial,study-adverse,REGRESSION,0,4,mae,rtx-pro-6000,False,"{""aggr"": ""mean"", ""channels"": 256, ""lr"": 0.0018735112039, ""num_layers"": 3, ""num_neighbors"": 64}",2afeada9,r1,49.09586446064921,,55.90628518099999,0.3954568990000098,,,,,,,,,,,,0.0360710186267204,49.09586446064921,383.9969452301788,,,
graphsage,rel-trial,study-adverse,REGRESSION,0,4,mae,rtx-pro-6000,False,"{""aggr"": ""sum"", ""channels"": 64, ""lr"": 0.0030037592231, ""num_layers"": 3, ""num_neighbors"": 128}",a3fb7076,r2,47.61594852741323,,61.147365476,0.4159973829999899,,,,,,,,,,,,0.0424769076791584,47.61594852741323,382.7188727298461,,,
graphsage,rel-trial,study-adverse,REGRESSION,0,4,mae,rtx-pro-6000,False,"{""aggr"": ""mean"", ""channels"": 256, ""lr"": 0.00648886485, ""num_layers"": 2, ""num_neighbors"": 256}",a84fbc8f,r3,48.71172577917195,,38.89048574399999,0.2838087520000272,,,,,,,,,,,,0.0554174361498088,48.71172577917195,380.1239318999996,,,
graphsage,rel-trial,study-adverse,REGRESSION,0,4,mae,rtx-pro-6000,False,"{""aggr"": ""sum"", ""channels"": 64, ""lr"": 0.0030197929882, ""num_layers"": 3, ""num_neighbors"": 64}",93f9135d,r4,48.53508065519098,,49.87546720100005,0.364356846000021,,,,,,,,,,,,0.0428876935047919,48.53508065519098,382.636769042371,,,
graphsage,rel-trial,site-success,REGRESSION,0,4,mae,rtx-pro-6000,False,"{""aggr"": ""sum"", ""channels"": 128, ""lr"": 0.005, ""num_layers"": 2, ""num_neighbors"": 128}",9d82b67c,default,0.3945221270844096,0.3615398835557256,206.795797544,0.6956506550000086,70.14287057399997,0.7778786750000108,,,,,,,,,,-0.4891455551976928,0.3945221270844096,0.5829326019433391,-0.389609729871071,0.3615398835557256,0.567270779536835
graphsage,rel-trial,site-success,REGRESSION,0,4,mae,rtx-pro-6000,False,"{""aggr"": ""mean"", ""channels"": 256, ""lr"": 0.0018735112039, ""num_layers"": 3, ""num_neighbors"": 64}",2afeada9,r1,0.4068065116327542,,228.93940341799993,1.9823019680000016,,,,,,,,,,,,-0.398364111803781,0.4068065116327542,0.5648848209883841,,,
graphsage,rel-trial,site-success,REGRESSION,0,4,mae,rtx-pro-6000,True,"{""aggr"": ""sum"", ""channels"": 64, ""lr"": 0.0030037592231, ""num_layers"": 3, ""num_neighbors"": 128}",a3fb7076,r2,0.3498077051783549,0.3248505261525043,258.196555502,2.0976361110000425,392.32239202000005,2.510984237999992,,,,,,,,,,-0.3206800862675094,0.3498077051783549,0.5489699659511956,-0.2227946369058735,0.3248505261525043,0.5321336867651398
graphsage,rel-trial,site-success,REGRESSION,0,4,mae,rtx-pro-6000,False,"{""aggr"": ""mean"", ""channels"": 256, ""lr"": 0.00648886485, ""num_layers"": 2, ""num_neighbors"": 256}",a84fbc8f,r3,0.4231444371473903,,75.57484569999997,0.7305847669999821,,,,,,,,,,,,-0.6280243271764545,0.4231444371473903,0.6095091298266087,,,
graphsage,rel-trial,site-success,REGRESSION,0,4,mae,rtx-pro-6000,False,"{""aggr"": ""sum"", ""channels"": 64, ""lr"": 0.0030197929882, ""num_layers"": 3, ""num_neighbors"": 64}",93f9135d,r4,0.38559365545929,,207.7178763109999,1.6164487070000175,,,,,,,,,,,,-0.4305598922098719,0.38559365545929,0.5713507379137202,,,
graphsage,rel-amazon,user-churn,BINARY_CLASSIFICATION,0,4,roc_auc,rtx-pro-6000,False,"{""aggr"": ""sum"", ""channels"": 128, ""lr"": 0.005, ""num_layers"": 2, ""num_neighbors"": 128}",9d82b67c,default,0.7049784070174318,0.7033345861405078,798.2968689930001,6.089525533000028,237.6430445670003,5.650500854000711,,0.7851000338886607,0.7020317624550991,0.7887431162661139,0.7049784070174318,0.7577062452172743,0.685934325134632,0.7799308220310126,0.7033345861405078,,,,,,
graphsage,rel-amazon,user-churn,BINARY_CLASSIFICATION,0,4,roc_auc,rtx-pro-6000,False,"{""aggr"": ""mean"", ""channels"": 256, ""lr"": 0.0018735112039, ""num_layers"": 3, ""num_neighbors"": 64}",2afeada9,r1,0.6992467681766911,,732.6884295380002,22.727154419000044,,,,0.778046047479605,0.6981224621271279,0.7841407385563549,0.6992467681766911,,,,,,,,,,
graphsage,rel-amazon,user-churn,BINARY_CLASSIFICATION,0,4,roc_auc,rtx-pro-6000,True,"{""aggr"": ""sum"", ""channels"": 64, ""lr"": 0.0030037592231, ""num_layers"": 3, ""num_neighbors"": 128}",a3fb7076,r2,0.7068830339833364,0.7045960495012655,855.1555774660001,30.516693766000117,1076.9336995209997,28.232614196999748,,0.7862477570784829,0.7038424371388412,0.7906534672593635,0.7068830339833364,0.75849589191915,0.6830328090143086,0.7830368154248966,0.7045960495012655,,,,,,
graphsage,rel-amazon,user-churn,BINARY_CLASSIFICATION,0,4,roc_auc,rtx-pro-6000,False,"{""aggr"": ""mean"", ""channels"": 256, ""lr"": 0.00648886485, ""num_layers"": 2, ""num_neighbors"": 256}",a84fbc8f,r3,0.6944921516612402,,298.2645815390001,6.384320567000032,,,,0.7745968527811429,0.7006847376229892,0.7940099185323394,0.6944921516612402,,,,,,,,,,
graphsage,rel-amazon,user-churn,BINARY_CLASSIFICATION,0,4,roc_auc,rtx-pro-6000,False,"{""aggr"": ""sum"", ""channels"": 64, ""lr"": 0.0030197929882, ""num_layers"": 3, ""num_neighbors"": 64}",93f9135d,r4,0.7063912939612719,,570.4422986079999,16.942423602999952,,,,0.7860206291315321,0.7050747696392317,0.7938083474368073,0.7063912939612719,,,,,,,,,,
graphsage,rel-amazon,user-ltv,REGRESSION,0,4,mae,rtx-pro-6000,False,"{""aggr"": ""sum"", ""channels"": 128, ""lr"": 0.005, ""num_layers"": 2, ""num_neighbors"": 128}",9d82b67c,default,12.152390892928324,14.311907279425274,796.9108053790001,5.9465100379999285,241.7621872099999,5.541644013999758,,,,,,,,,,0.1976754540029534,12.152390892928324,43.82212387027274,0.1709316878870561,14.311907279425274,50.481808622966
graphsage,rel-amazon,user-ltv,REGRESSION,0,4,mae,rtx-pro-6000,False,"{""aggr"": ""mean"", ""channels"": 256, ""lr"": 0.0018735112039, ""num_layers"": 3, ""num_neighbors"": 64}",2afeada9,r1,14.140715240902702,,727.9578295399999,22.86099285399996,,,,,,,,,,,,-0.0835422154812151,14.140715240902702,50.92620345868564,,,
graphsage,rel-amazon,user-ltv,REGRESSION,0,4,mae,rtx-pro-6000,True,"{""aggr"": ""sum"", ""channels"": 64, ""lr"": 0.0030037592231, ""num_layers"": 3, ""num_neighbors"": 128}",a3fb7076,r2,12.14667521452238,14.415320871545187,910.716152458,30.74745608400008,1090.1677868899997,29.002083243000016,,,,,,,,,,0.1984210231012578,12.14667521452238,43.80175803740923,0.1561064406529462,14.415320871545187,50.931161924011235
graphsage,rel-amazon,user-ltv,REGRESSION,0,4,mae,rtx-pro-6000,False,"{""aggr"": ""mean"", ""channels"": 256, ""lr"": 0.00648886485, ""num_layers"": 2, ""num_neighbors"": 256}",a84fbc8f,r3,14.140861048178758,,301.49703979900005,6.559606411000004,,,,,,,,,,,,-0.0835361504716112,14.140861048178758,50.926060931546,,,
graphsage,rel-amazon,user-ltv,REGRESSION,0,4,mae,rtx-pro-6000,False,"{""aggr"": ""sum"", ""channels"": 64, ""lr"": 0.0030197929882, ""num_layers"": 3, ""num_neighbors"": 64}",93f9135d,r4,12.302442802731978,,776.836300721,17.830753363999975,,,,,,,,,,,,0.1768561529306165,12.302442802731978,44.38704676021514,,,
graphsage,rel-amazon,item-churn,BINARY_CLASSIFICATION,0,4,roc_auc,rtx-pro-6000,False,"{""aggr"": ""sum"", ""channels"": 128, ""lr"": 0.005, ""num_layers"": 2, ""num_neighbors"": 128}",9d82b67c,default,0.8241966982199621,0.828090832361085,781.201400964,3.617756069000052,245.3865109190001,3.3955468770000152,,0.7327224756150144,0.7450545616217098,0.6777724825197209,0.8241966982199621,0.7042662094317516,0.7491758669879287,0.6885567992379138,0.828090832361085,,,,,,
graphsage,rel-amazon,item-churn,BINARY_CLASSIFICATION,0,4,roc_auc,rtx-pro-6000,False,"{""aggr"": ""mean"", ""channels"": 256, ""lr"": 0.0018735112039, ""num_layers"": 3, ""num_neighbors"": 64}",2afeada9,r1,0.8107057768071159,,859.0624776340001,16.964554719000034,,,,0.7204454086340936,0.7333712272566113,0.6433878045659488,0.8107057768071159,,,,,,,,,,
graphsage,rel-amazon,item-churn,BINARY_CLASSIFICATION,0,4,roc_auc,rtx-pro-6000,True,"{""aggr"": ""sum"", ""channels"": 64, ""lr"": 0.0030037592231, ""num_layers"": 3, ""num_neighbors"": 128}",a3fb7076,r2,0.8248933871311835,0.830527448291549,999.231611597,23.595605646999957,1319.881529748,22.043444880000607,,0.7333975532836373,0.7444523859102139,0.6751234170422837,0.8248933871311835,0.7096908270639597,0.7576509511993383,0.6656080980499182,0.830527448291549,,,,,,
graphsage,rel-amazon,item-churn,BINARY_CLASSIFICATION,0,4,roc_auc,rtx-pro-6000,False,"{""aggr"": ""mean"", ""channels"": 256, ""lr"": 0.00648886485, ""num_layers"": 2, ""num_neighbors"": 256}",a84fbc8f,r3,0.8138294910505015,,288.6634793200001,4.088027114999932,,,,0.7189075653927202,0.7208831160060555,0.5961237785016287,0.8138294910505015,,,,,,,,,,
graphsage,rel-amazon,item-churn,BINARY_CLASSIFICATION,0,4,roc_auc,rtx-pro-6000,False,"{""aggr"": ""sum"", ""channels"": 64, ""lr"": 0.0030197929882, ""num_layers"": 3, ""num_neighbors"": 64}",93f9135d,r4,0.822518452300373,,665.8149958099998,12.78260209300015,,,,0.7328807279363211,0.7419198712356984,0.662764189378006,0.822518452300373,,,,,,,,,,
graphsage,rel-amazon,item-ltv,REGRESSION,0,4,mae,rtx-pro-6000,False,"{""aggr"": ""sum"", ""channels"": 128, ""lr"": 0.005, ""num_layers"": 2, ""num_neighbors"": 128}",9d82b67c,default,44.97685039941656,50.03981695724859,750.1751985760001,3.388511175000076,231.4690065979994,3.496307751999666,,,,,,,,,,0.0662823938344697,44.97685039941656,436.77910778614705,0.0318315956698455,50.03981695724859,653.948866432372
graphsage,rel-amazon,item-ltv,REGRESSION,0,4,mae,rtx-pro-6000,False,"{""aggr"": ""mean"", ""channels"": 256, ""lr"": 0.0018735112039, ""num_layers"": 3, ""num_neighbors"": 64}",2afeada9,r1,49.735314337326976,,758.454649646,15.071329054999978,,,,,,,,,,,,0.0534478355403278,49.735314337326976,439.7707693336063,,,
graphsage,rel-amazon,item-ltv,REGRESSION,0,4,mae,rtx-pro-6000,True,"{""aggr"": ""sum"", ""channels"": 64, ""lr"": 0.0030037592231, ""num_layers"": 3, ""num_neighbors"": 128}",a3fb7076,r2,44.48010257398283,49.24533704065887,882.7697869249998,21.27032499500001,1214.270894499,21.37316322499919,,,,,,,,,,0.0679065126658401,44.48010257398283,436.3990732262447,0.0340149396312652,49.24533704065887,653.2110809517966
graphsage,rel-amazon,item-ltv,REGRESSION,0,4,mae,rtx-pro-6000,False,"{""aggr"": ""mean"", ""channels"": 256, ""lr"": 0.00648886485, ""num_layers"": 2, ""num_neighbors"": 256}",a84fbc8f,r3,46.93563855919343,,267.1891095629999,3.8850600690002466,,,,,,,,,,,,0.061488777228746,46.93563855919343,437.8988634630431,,,
graphsage,rel-amazon,item-ltv,REGRESSION,0,4,mae,rtx-pro-6000,False,"{""aggr"": ""sum"", ""channels"": 64, ""lr"": 0.0030197929882, ""num_layers"": 3, ""num_neighbors"": 64}",93f9135d,r4,46.141351756630115,,578.9767558579997,11.211320141000217,,,,,,,,,,,,0.0621361665566981,46.141351756630115,437.74780509033894,,,
graphsage,rel-stack,user-engagement,BINARY_CLASSIFICATION,0,4,roc_auc,rtx-pro-6000,False,"{""aggr"": ""sum"", ""channels"": 128, ""lr"": 0.005, ""num_layers"": 2, ""num_neighbors"": 128}",9d82b67c,default,0.9029389284075322,0.9075874987116892,738.3821122319999,2.5279527900000858,569.0619261409993,2.6152321839999786,,0.4024877988389324,0.975356830760268,0.3081452404317958,0.9029389284075322,0.4004960831186317,0.9757196183214768,0.26812585499316,0.9075874987116892,,,,,,
graphsage,rel-stack,user-engagement,BINARY_CLASSIFICATION,0,4,roc_auc,rtx-pro-6000,False,"{""aggr"": ""mean"", ""channels"": 256, ""lr"": 0.0018735112039, ""num_layers"": 3, ""num_neighbors"": 64}",2afeada9,r1,0.9000806223571245,,838.0746552359999,3.711264573000108,,,,0.3969592176408866,0.9749373725604428,0.3164918970448045,0.9000806223571245,,,,,,,,,,
graphsage,rel-stack,user-engagement,BINARY_CLASSIFICATION,0,4,roc_auc,rtx-pro-6000,False,"{""aggr"": ""sum"", ""channels"": 64, ""lr"": 0.0030037592231, ""num_layers"": 3, ""num_neighbors"": 128}",a3fb7076,r2,0.902841442588042,,804.1983556329999,3.3346431869999833,,,,0.4026163325790336,0.9752519662103116,0.3261421319796954,0.902841442588042,,,,,,,,,,
graphsage,rel-stack,user-engagement,BINARY_CLASSIFICATION,0,4,roc_auc,rtx-pro-6000,False,"{""aggr"": ""mean"", ""channels"": 256, ""lr"": 0.00648886485, ""num_layers"": 2, ""num_neighbors"": 256}",a84fbc8f,r3,0.8993087475152849,,662.9061096810001,2.809559810999872,,,,0.3864371980484016,0.9749373725604428,0.2740465744178197,0.8993087475152849,,,,,,,,,,
graphsage,rel-stack,user-engagement,BINARY_CLASSIFICATION,0,4,roc_auc,rtx-pro-6000,True,"{""aggr"": ""sum"", ""channels"": 64, ""lr"": 0.0030197929882, ""num_layers"": 3, ""num_neighbors"": 64}",93f9135d,r4,0.904163539831178,0.9056093303084332,765.207095061,3.193808771000022,844.9818351079998,3.368810836000194,,0.404274280380645,0.9753684823769296,0.3250319284802043,0.904163539831178,0.4015163596642498,0.9757763481852116,0.2765164351067434,0.9056093303084332,,,,,,
graphsage,rel-stack,post-votes,REGRESSION,0,4,mae,rtx-pro-6000,False,"{""aggr"": ""sum"", ""channels"": 128, ""lr"": 0.005, ""num_layers"": 2, ""num_neighbors"": 128}",9d82b67c,default,0.0590837262570858,0.0651055499911308,818.6520354270001,5.058756435999953,617.9248632919998,5.958437720000802,,,,,,,,,,0.1250837445259094,0.0590837262570858,0.3423814177513122,0.1165097951889038,0.0651055499911308,0.3469125628471374
graphsage,rel-stack,post-votes,REGRESSION,0,4,mae,rtx-pro-6000,False,"{""aggr"": ""mean"", ""channels"": 256, ""lr"": 0.0018735112039, ""num_layers"": 3, ""num_neighbors"": 64}",2afeada9,r1,0.0616902224719524,,1820.963042741,15.231747383999846,,,,,,,,,,,,-0.0284039974212646,0.0616902224719524,0.3712007403373718,,,
graphsage,rel-stack,post-votes,REGRESSION,0,4,mae,rtx-pro-6000,True,"{""aggr"": ""sum"", ""channels"": 64, ""lr"": 0.0030037592231, ""num_layers"": 3, ""num_neighbors"": 128}",a3fb7076,r2,0.058981966227293,0.0648982599377632,1605.2745541139998,15.924868400999912,1556.7191161809997,15.326154940999912,,,,,,,,,,0.1250975728034973,0.058981966227293,0.342378705739975,0.1241483092308044,0.0648982599377632,0.345409631729126
graphsage,rel-stack,post-votes,REGRESSION,0,4,mae,rtx-pro-6000,False,"{""aggr"": ""mean"", ""channels"": 256, ""lr"": 0.00648886485, ""num_layers"": 2, ""num_neighbors"": 256}",a84fbc8f,r3,0.0616902224719524,,755.966718525,6.265212293000332,,,,,,,,,,,,-0.0284039974212646,0.0616902224719524,0.3712007403373718,,,
graphsage,rel-stack,post-votes,REGRESSION,0,4,mae,rtx-pro-6000,False,"{""aggr"": ""sum"", ""channels"": 64, ""lr"": 0.0030197929882, ""num_layers"": 3, ""num_neighbors"": 64}",93f9135d,r4,0.0590683035552501,,1222.797983632,10.668163654000637,,,,,,,,,,,,0.1149277687072753,0.0590683035552501,0.3443628549575805,,,
graphsage,rel-stack,user-badge,BINARY_CLASSIFICATION,0,4,roc_auc,rtx-pro-6000,False,"{""aggr"": ""sum"", ""channels"": 128, ""lr"": 0.005, ""num_layers"": 2, ""num_neighbors"": 128}",9d82b67c,default,0.8987144153467532,0.8876423387278883,721.076907351,6.350000014999978,521.1466194599998,6.376041274000272,,0.3522515693095974,0.9724209573238264,0.245827346081574,0.8987144153467532,0.324421552898784,0.9752584586466164,0.2133964143426295,0.8876423387278883,,,,,,
graphsage,rel-stack,user-badge,BINARY_CLASSIFICATION,0,4,roc_auc,rtx-pro-6000,False,"{""aggr"": ""mean"", ""channels"": 256, ""lr"": 0.0018735112039, ""num_layers"": 3, ""num_neighbors"": 64}",2afeada9,r1,0.8960352232245685,,819.581631866,8.58814455699985,,,,0.3425318786165811,0.9722228959005328,0.2222725215029425,0.8960352232245685,,,,,,,,,,
graphsage,rel-stack,user-badge,BINARY_CLASSIFICATION,0,4,roc_auc,rtx-pro-6000,True,"{""aggr"": ""sum"", ""channels"": 64, ""lr"": 0.0030037592231, ""num_layers"": 3, ""num_neighbors"": 128}",a3fb7076,r2,0.9003389981523795,0.8887479384573582,733.9603482970001,8.284758520000196,784.2711141330005,7.789896470999338,,0.3579191702005913,0.9725664718388992,0.1991740412979351,0.9003389981523795,0.3208078854581794,0.97515664160401,0.1918471337579617,0.8887479384573582,,,,,,
graphsage,rel-stack,user-badge,BINARY_CLASSIFICATION,0,4,roc_auc,rtx-pro-6000,False,"{""aggr"": ""mean"", ""channels"": 256, ""lr"": 0.00648886485, ""num_layers"": 2, ""num_neighbors"": 256}",a84fbc8f,r3,0.8936579273597326,,633.674244369,6.938267685000028,,,,0.3360418054173936,0.9723279897169744,0.1900141978230004,0.8936579273597326,,,,,,,,,,
graphsage,rel-stack,user-badge,BINARY_CLASSIFICATION,0,4,roc_auc,rtx-pro-6000,False,"{""aggr"": ""sum"", ""channels"": 64, ""lr"": 0.0030197929882, ""num_layers"": 3, ""num_neighbors"": 64}",93f9135d,r4,0.900241382033265,,735.3156371780001,8.038623717000064,,,,0.3604764676422194,0.9727604911923298,0.2256693094335286,0.900241382033265,,,,,,,,,,
graphsage,rel-event,user-attendance,REGRESSION,0,4,mae,rtx-pro-6000,False,"{""aggr"": ""sum"", ""channels"": 128, ""lr"": 0.005, ""num_layers"": 2, ""num_neighbors"": 128}",9d82b67c,default,0.2488406913564908,0.257230812818786,971.31197353,1.174451271999942,13.288168271999892,0.9659217809999064,,,,,,,,,,0.0187254637590418,0.2488406913564908,0.5183510947607757,0.0239661341538937,0.257230812818786,0.6346527587361082
graphsage,rel-event,user-attendance,REGRESSION,0,4,mae,rtx-pro-6000,False,"{""aggr"": ""mean"", ""channels"": 256, ""lr"": 0.0018735112039, ""num_layers"": 3, ""num_neighbors"": 64}",2afeada9,r1,0.2414742939588307,,34.64296087599996,1.3882498539999233,,,,,,,,,,,,-0.0289478437669004,0.2414742939588307,0.5307933047934468,,,
graphsage,rel-event,user-attendance,REGRESSION,0,4,mae,rtx-pro-6000,False,"{""aggr"": ""sum"", ""channels"": 64, ""lr"": 0.0030037592231, ""num_layers"": 3, ""num_neighbors"": 128}",a3fb7076,r2,0.239828771162609,,37.50143003099993,1.4701692809999258,,,,,,,,,,,,-0.0275433594695901,0.239828771162609,0.5304309222716325,,,
graphsage,rel-event,user-attendance,REGRESSION,0,4,mae,rtx-pro-6000,False,"{""aggr"": ""mean"", ""channels"": 256, ""lr"": 0.00648886485, ""num_layers"": 2, ""num_neighbors"": 256}",a84fbc8f,r3,0.2387143561962283,,22.96718511799986,1.1713767589999406,,,,,,,,,,,,-0.0123858637682769,0.2387143561962283,0.5265041414708117,,,
graphsage,rel-event,user-attendance,REGRESSION,0,4,mae,rtx-pro-6000,True,"{""aggr"": ""sum"", ""channels"": 64, ""lr"": 0.0030197929882, ""num_layers"": 3, ""num_neighbors"": 64}",93f9135d,r4,0.2378008853269419,0.2450180184514669,23.682591651999928,1.18328739399999,1019.459386698,1.125151957000071,,,,,,,,,,0.0354717042016762,0.2378008853269419,0.5139090218186553,0.0575280992155642,0.2450180184514669,0.6236457028146551
graphsage,rel-event,user-repeat,BINARY_CLASSIFICATION,0,4,roc_auc,rtx-pro-6000,False,"{""aggr"": ""sum"", ""channels"": 128, ""lr"": 0.005, ""num_layers"": 2, ""num_neighbors"": 128}",9d82b67c,default,0.7323600973236011,0.7348262032085562,968.607975239,1.111513726000112,4.186226629999965,1.15003868399981,,0.6779648006084279,0.6501901140684411,0.7032258064516129,0.7323600973236011,0.6412830338996124,0.6544715447154471,0.6413502109704642,0.7348262032085562,,,,,,
graphsage,rel-event,user-repeat,BINARY_CLASSIFICATION,0,4,roc_auc,rtx-pro-6000,False,"{""aggr"": ""mean"", ""channels"": 256, ""lr"": 0.0018735112039, ""num_layers"": 3, ""num_neighbors"": 64}",2afeada9,r1,0.6473757386166145,,12.916084418999844,1.1705310249999457,,,,0.5688555609453214,0.6121673003802282,0.5853658536585366,0.6473757386166145,,,,,,,,,,
graphsage,rel-event,user-repeat,BINARY_CLASSIFICATION,0,4,roc_auc,rtx-pro-6000,True,"{""aggr"": ""sum"", ""channels"": 64, ""lr"": 0.0030037592231, ""num_layers"": 3, ""num_neighbors"": 128}",a3fb7076,r2,0.7390800602479435,0.7846256684491979,13.828507022000167,1.1434051369999452,1048.863031517,0.8558722889997625,,0.6816590861247613,0.6083650190114068,0.6925373134328359,0.7390800602479435,0.7096453566649041,0.6666666666666666,0.7132867132867133,0.7846256684491979,,,,,,
graphsage,rel-event,user-repeat,BINARY_CLASSIFICATION,0,4,roc_auc,rtx-pro-6000,False,"{""aggr"": ""mean"", ""channels"": 256, ""lr"": 0.00648886485, ""num_layers"": 2, ""num_neighbors"": 256}",a84fbc8f,r3,0.6827714053991426,,7.308494654000015,1.067418287999999,,,,0.6495125087233544,0.6463878326996197,0.6782006920415224,0.6827714053991426,,,,,,,,,,
graphsage,rel-event,user-repeat,BINARY_CLASSIFICATION,0,4,roc_auc,rtx-pro-6000,False,"{""aggr"": ""sum"", ""channels"": 64, ""lr"": 0.0030197929882, ""num_layers"": 3, ""num_neighbors"": 64}",93f9135d,r4,0.7309697601668406,,8.492004480000105,1.081762819000005,,,,0.6826876829588987,0.6920152091254753,0.6988847583643123,0.7309697601668406,,,,,,,,,,
graphsage,rel-event,user-ignore,BINARY_CLASSIFICATION,0,4,roc_auc,rtx-pro-6000,False,"{""aggr"": ""sum"", ""channels"": 128, ""lr"": 0.005, ""num_layers"": 2, ""num_neighbors"": 128}",9d82b67c,default,0.8760358210871507,0.7645239657812626,916.30895475,1.1879254140000055,13.358881071999804,0.9775586089999706,,0.6158466215055285,0.9178990311065782,0.5636856368563685,0.8760358210871507,0.4658147146831673,0.8876404494382022,0.4329896907216495,0.7645239657812626,,,,,,
graphsage,rel-event,user-ignore,BINARY_CLASSIFICATION,0,4,roc_auc,rtx-pro-6000,False,"{""aggr"": ""mean"", ""channels"": 256, ""lr"": 0.0018735112039, ""num_layers"": 3, ""num_neighbors"": 64}",2afeada9,r1,0.8462464358125278,,34.65867581700002,1.4082170670001233,,,,0.4698962912534836,0.8796532381438041,0.4935622317596566,0.8462464358125278,,,,,,,,,,
graphsage,rel-event,user-ignore,BINARY_CLASSIFICATION,0,4,roc_auc,rtx-pro-6000,False,"{""aggr"": ""sum"", ""channels"": 64, ""lr"": 0.0030037592231, ""num_layers"": 3, ""num_neighbors"": 128}",a3fb7076,r2,0.8715314370696895,,36.59583948400018,1.4741917660001036,,,,0.6150408216418077,0.9036206017338092,0.5614849187935035,0.8715314370696895,,,,,,,,,,
graphsage,rel-event,user-ignore,BINARY_CLASSIFICATION,0,4,roc_auc,rtx-pro-6000,False,"{""aggr"": ""mean"", ""channels"": 256, ""lr"": 0.00648886485, ""num_layers"": 2, ""num_neighbors"": 256}",a84fbc8f,r3,0.8483755864526105,,23.10195917200008,1.1811723790001452,,,,0.4550195670239221,0.8852626211116777,0.4578313253012048,0.8483755864526105,,,,,,,,,,
graphsage,rel-event,user-ignore,BINARY_CLASSIFICATION,0,4,roc_auc,rtx-pro-6000,True,"{""aggr"": ""sum"", ""channels"": 64, ""lr"": 0.0030197929882, ""num_layers"": 3, ""num_neighbors"": 64}",93f9135d,r4,0.8773999753917263,0.7587279656430981,23.794644135,1.204593448999958,1006.125491358,1.1364940059997934,,0.6178141352770034,0.9107598164201938,0.56575682382134,0.8773999753917263,0.4757581708143794,0.8861082737487231,0.398921832884097,0.7587279656430981,,,,,,
relgnn-es,rel-amazon,item-churn,BINARY_CLASSIFICATION,0,10,roc_auc,rtx-pro-6000,False,"{""aggr"": ""sum"", ""channels"": 128, ""lr"": 0.005, ""num_heads"": 8, ""num_model_layers"": 2, ""num_neighbors"": 128, ""simplified_MP"": false, ""subgraph_type"": ""directional""}",afe1474f,default,0.7689223868613703,0.7745830799305025,540.3443850560001,6.720042050000075,397.90443997500006,6.785779998999715,,0.6502048752136709,0.7000039394672715,0.6171591088639595,0.7689223868613703,0.6264609384988501,0.7118950863691397,0.5467506506242221,0.7745830799305025,,,,,,
relgnn-es,rel-amazon,item-churn,BINARY_CLASSIFICATION,0,10,roc_auc,rtx-pro-6000,True,"{""aggr"": ""sum"", ""channels"": 128, ""lr"": 0.0011394964521, ""num_heads"": 4, ""num_model_layers"": 2, ""num_neighbors"": 64, ""subgraph_type"": ""bidirectional""}",70b52bd0,r1,0.8124107055994978,0.7855785217940636,394.369476248,5.848611626999855,535.9397060369993,5.639374688000316,,0.7176727605164975,0.7379578927226784,0.6728082750091351,0.8124107055994978,0.6449994342847576,0.7244938324882224,0.5798047389205792,0.7855785217940636,,,,,,
relgnn-es,rel-amazon,item-churn,BINARY_CLASSIFICATION,0,10,roc_auc,rtx-pro-6000,False,"{""aggr"": ""mean"", ""channels"": 128, ""lr"": 0.0018735112039, ""num_heads"": 4, ""num_model_layers"": 1, ""num_neighbors"": 256, ""subgraph_type"": ""bidirectional""}",79b72acf,r2,0.7669526979282533,,402.45949682800006,7.076250602000073,,,,0.6495008451397855,0.6825127047819505,0.5217774613024092,0.7669526979282533,,,,,,,,,,
relgnn-es,rel-amazon,item-churn,BINARY_CLASSIFICATION,0,10,roc_auc,rtx-pro-6000,False,"{""aggr"": ""mean"", ""channels"": 256, ""lr"": 0.0030037592231, ""num_heads"": 4, ""num_model_layers"": 1, ""num_neighbors"": 64, ""subgraph_type"": ""directional""}",ce9904b8,r3,0.7643764120921345,,346.786646753,5.058502140999963,,,,0.6659434363281682,0.7027671943676873,0.5974497145601024,0.7643764120921345,,,,,,,,,,
relgnn-es,rel-amazon,item-churn,BINARY_CLASSIFICATION,0,10,roc_auc,rtx-pro-6000,False,"{""aggr"": ""sum"", ""channels"": 64, ""lr"": 0.00648886485, ""num_heads"": 4, ""num_model_layers"": 2, ""num_neighbors"": 128, ""subgraph_type"": ""bidirectional""}",f0bb2bad,r4,0.7765442786927077,,415.99534145300026,6.468413967000288,,,,0.6633988288830515,0.6976064922420634,0.5702815099168266,0.7765442786927077,,,,,,,,,,
relgnn-es,rel-amazon,item-churn,BINARY_CLASSIFICATION,0,10,roc_auc,rtx-pro-6000,False,"{""aggr"": ""mean"", ""channels"": 256, ""lr"": 0.0030197929882, ""num_heads"": 2, ""num_model_layers"": 4, ""num_neighbors"": 128, ""subgraph_type"": ""directional""}",6f19af8d,r5,0.7717213509550489,,490.2852702989999,7.807681418000357,,,,0.6631199431059693,0.7014165198746124,0.6023966366150318,0.7717213509550489,,,,,,,,,,
relgnn-es,rel-amazon,item-churn,BINARY_CLASSIFICATION,0,10,roc_auc,rtx-pro-6000,False,"{""aggr"": ""mean"", ""channels"": 256, ""lr"": 0.0037019789833, ""num_heads"": 16, ""num_model_layers"": 1, ""num_neighbors"": 256, ""subgraph_type"": ""bidirectional""}",012001ed,r6,0.7739597596847912,,561.324796206,11.551718632000302,,,,0.6620847825577597,0.6929522930513425,0.5602669396242534,0.7739597596847912,,,,,,,,,,
relgnn-es,rel-amazon,item-churn,BINARY_CLASSIFICATION,0,10,roc_auc,rtx-pro-6000,False,"{""aggr"": ""mean"", ""channels"": 64, ""lr"": 0.0010442146945, ""num_heads"": 2, ""num_model_layers"": 2, ""num_neighbors"": 256, ""subgraph_type"": ""bidirectional""}",d2fbdf27,r7,0.7939927140088457,,443.76044066800023,7.230972601999838,,,,0.6969132078715268,0.7168310925268306,0.6161955178568704,0.7939927140088457,,,,,,,,,,
relgnn-es,rel-amazon,item-churn,BINARY_CLASSIFICATION,0,10,roc_auc,rtx-pro-6000,False,"{""aggr"": ""mean"", ""channels"": 256, ""lr"": 0.0041460591823, ""num_heads"": 4, ""num_model_layers"": 2, ""num_neighbors"": 256, ""subgraph_type"": ""directional""}",f87e8891,r8,0.7715999161482112,,443.963250156,8.35428506900007,,,,0.6615494749072869,0.685799346048433,0.532545171391731,0.7715999161482112,,,,,,,,,,
relgnn-es,rel-amazon,item-churn,BINARY_CLASSIFICATION,0,10,roc_auc,rtx-pro-6000,False,"{""aggr"": ""mean"", ""channels"": 256, ""lr"": 0.004093508747, ""num_heads"": 8, ""num_model_layers"": 2, ""num_neighbors"": 64, ""subgraph_type"": ""bidirectional""}",79a48048,r9,0.7613385429426912,,502.2479804430004,8.58595297500051,,,,0.6508378128750931,0.6935657243836141,0.5861644397829359,0.7613385429426912,,,,,,,,,,
relgnn-es,rel-amazon,item-churn,BINARY_CLASSIFICATION,0,10,roc_auc,rtx-pro-6000,False,"{""aggr"": ""sum"", ""channels"": 64, ""lr"": 0.0041393676084, ""num_heads"": 8, ""num_model_layers"": 2, ""num_neighbors"": 256, ""subgraph_type"": ""directional""}",c642344c,r10,0.7888268613257816,,406.3628109810006,5.930372224000166,,,,0.686200531156472,0.7087157899476051,0.5968061073459531,0.7888268613257816,,,,,,,,,,
relgnn-es,rel-amazon,item-ltv,REGRESSION,0,10,mae,rtx-pro-6000,False,"{""aggr"": ""sum"", ""channels"": 128, ""lr"": 0.005, ""num_heads"": 8, ""num_model_layers"": 2, ""num_neighbors"": 128, ""simplified_MP"": false, ""subgraph_type"": ""directional""}",afe1474f,default,51.293044990579006,55.72135331404632,497.962558316,6.286184588999959,394.4033746559998,6.582697072999508,,,,,,,,,,0.0392630626064853,51.293044990579006,443.0536584355595,0.0162959703462121,55.72135331404632,659.1747508886041
relgnn-es,rel-amazon,item-ltv,REGRESSION,0,10,mae,rtx-pro-6000,False,"{""aggr"": ""sum"", ""channels"": 128, ""lr"": 0.0011394964521, ""num_heads"": 4, ""num_model_layers"": 2, ""num_neighbors"": 64, ""subgraph_type"": ""bidirectional""}",70b52bd0,r1,50.08442637287542,,391.747270438,5.545572911999898,,,,,,,,,,,,0.041673497340152,50.08442637287542,442.49751107357696,,,
relgnn-es,rel-amazon,item-ltv,REGRESSION,0,10,mae,rtx-pro-6000,False,"{""aggr"": ""mean"", ""channels"": 128, ""lr"": 0.0018735112039, ""num_heads"": 4, ""num_model_layers"": 1, ""num_neighbors"": 256, ""subgraph_type"": ""bidirectional""}",79b72acf,r2,49.595612878928975,,389.2522986940001,7.033418111999936,,,,,,,,,,,,0.0494973286225448,49.595612878928975,440.6875220484321,,,
relgnn-es,rel-amazon,item-ltv,REGRESSION,0,10,mae,rtx-pro-6000,False,"{""aggr"": ""mean"", ""channels"": 256, ""lr"": 0.0030037592231, ""num_heads"": 4, ""num_model_layers"": 1, ""num_neighbors"": 64, ""subgraph_type"": ""directional""}",ce9904b8,r3,51.56846140590135,,329.8120907729999,5.0815913369999635,,,,,,,,,,,,0.0340017058666702,51.56846140590135,444.26516625076647,,,
relgnn-es,rel-amazon,item-ltv,REGRESSION,0,10,mae,rtx-pro-6000,False,"{""aggr"": ""sum"", ""channels"": 64, ""lr"": 0.00648886485, ""num_heads"": 4, ""num_model_layers"": 2, ""num_neighbors"": 128, ""subgraph_type"": ""bidirectional""}",f0bb2bad,r4,50.39293533767153,,404.08828004999987,5.936883409000075,,,,,,,,,,,,0.0441107209425103,50.39293533767153,441.9344712647382,,,
relgnn-es,rel-amazon,item-ltv,REGRESSION,0,10,mae,rtx-pro-6000,False,"{""aggr"": ""mean"", ""channels"": 256, ""lr"": 0.0030197929882, ""num_heads"": 2, ""num_model_layers"": 4, ""num_neighbors"": 128, ""subgraph_type"": ""directional""}",6f19af8d,r5,49.84997025516342,,476.0609757430002,7.317933850999907,,,,,,,,,,,,0.0449843251456897,49.84997025516342,441.7324792187945,,,
relgnn-es,rel-amazon,item-ltv,REGRESSION,0,10,mae,rtx-pro-6000,False,"{""aggr"": ""mean"", ""channels"": 256, ""lr"": 0.0037019789833, ""num_heads"": 16, ""num_model_layers"": 1, ""num_neighbors"": 256, ""subgraph_type"": ""bidirectional""}",012001ed,r6,48.4635337143653,,536.3015134259999,11.226323375999982,,,,,,,,,,,,0.0537635523965061,48.4635337143653,439.6974217520116,,,
relgnn-es,rel-amazon,item-ltv,REGRESSION,0,10,mae,rtx-pro-6000,True,"{""aggr"": ""mean"", ""channels"": 64, ""lr"": 0.0010442146945, ""num_heads"": 2, ""num_model_layers"": 2, ""num_neighbors"": 256, ""subgraph_type"": ""bidirectional""}",d2fbdf27,r7,47.1622391145552,52.45808442347734,431.9820199880001,6.653508195000086,528.7022989029992,7.156074301999979,,,,,,,,,,0.0581711187063901,47.1622391145552,438.6721718722199,0.0260071297505973,52.45808442347734,655.912983150089
relgnn-es,rel-amazon,item-ltv,REGRESSION,0,10,mae,rtx-pro-6000,False,"{""aggr"": ""mean"", ""channels"": 256, ""lr"": 0.0041460591823, ""num_heads"": 4, ""num_model_layers"": 2, ""num_neighbors"": 256, ""subgraph_type"": ""directional""}",f87e8891,r8,49.30551848360592,,421.2367323520002,7.782965494999644,,,,,,,,,,,,0.0539706518617556,49.30551848360592,439.6493015996709,,,
relgnn-es,rel-amazon,item-ltv,REGRESSION,0,10,mae,rtx-pro-6000,False,"{""aggr"": ""mean"", ""channels"": 256, ""lr"": 0.004093508747, ""num_heads"": 8, ""num_model_layers"": 2, ""num_neighbors"": 64, ""subgraph_type"": ""bidirectional""}",79a48048,r9,51.03786217062052,,461.44398298099986,7.238794889000019,,,,,,,,,,,,0.0409429073372916,51.03786217062052,442.66615018858346,,,
relgnn-es,rel-amazon,item-ltv,REGRESSION,0,10,mae,rtx-pro-6000,False,"{""aggr"": ""sum"", ""channels"": 64, ""lr"": 0.0041393676084, ""num_heads"": 8, ""num_model_layers"": 2, ""num_neighbors"": 256, ""subgraph_type"": ""directional""}",c642344c,r10,49.26189407314228,,392.3579691669993,5.674082692999946,,,,,,,,,,,,0.0527569025253883,49.26189407314228,439.9312447549167,,,
relgnn-es,rel-amazon,user-churn,BINARY_CLASSIFICATION,0,10,roc_auc,rtx-pro-6000,False,"{""aggr"": ""sum"", ""channels"": 128, ""lr"": 0.005, ""num_heads"": 8, ""num_model_layers"": 2, ""num_neighbors"": 128, ""simplified_MP"": false, ""subgraph_type"": ""directional""}",afe1474f,default,0.6752998701511377,0.6650694221871241,531.610559844,8.97517980300006,407.43021225699977,9.06694462300038,,0.757491030971407,0.6843032562861159,0.7754749268475548,0.6752998701511377,0.7155657767527396,0.6682296773093482,0.7600431632495761,0.6650694221871241,,,,,,
relgnn-es,rel-amazon,user-churn,BINARY_CLASSIFICATION,0,10,roc_auc,rtx-pro-6000,False,"{""aggr"": ""sum"", ""channels"": 128, ""lr"": 0.0011394964521, ""num_heads"": 4, ""num_model_layers"": 2, ""num_neighbors"": 64, ""subgraph_type"": ""bidirectional""}",70b52bd0,r1,0.6887219419581142,,403.52424161499994,8.792655291000074,,,,0.7665266887380069,0.6980419334686866,0.7902989096356753,0.6887219419581142,,,,,,,,,,
relgnn-es,rel-amazon,user-churn,BINARY_CLASSIFICATION,0,10,roc_auc,rtx-pro-6000,False,"{""aggr"": ""mean"", ""channels"": 128, ""lr"": 0.0018735112039, ""num_heads"": 4, ""num_model_layers"": 1, ""num_neighbors"": 256, ""subgraph_type"": ""bidirectional""}",79b72acf,r2,0.6614817407617509,,383.23926210499985,9.051130845999978,,,,0.7479611303489839,0.6675825784788381,0.7568575793922778,0.6614817407617509,,,,,,,,,,
relgnn-es,rel-amazon,user-churn,BINARY_CLASSIFICATION,0,10,roc_auc,rtx-pro-6000,False,"{""aggr"": ""mean"", ""channels"": 256, ""lr"": 0.0030037592231, ""num_heads"": 4, ""num_model_layers"": 1, ""num_neighbors"": 64, ""subgraph_type"": ""directional""}",ce9904b8,r3,0.6632211022177426,,354.48919402599995,8.210495203999926,,,,0.7508916495587764,0.6786296462595658,0.7806812296306411,0.6632211022177426,,,,,,,,,,
relgnn-es,rel-amazon,user-churn,BINARY_CLASSIFICATION,0,10,roc_auc,rtx-pro-6000,False,"{""aggr"": ""sum"", ""channels"": 64, ""lr"": 0.00648886485, ""num_heads"": 4, ""num_model_layers"": 2, ""num_neighbors"": 128, ""subgraph_type"": ""bidirectional""}",f0bb2bad,r4,0.6695228788133013,,418.0621546749999,9.344442187999904,,,,0.7507375169130006,0.6812358464782133,0.7715044876268842,0.6695228788133013,,,,,,,,,,
relgnn-es,rel-amazon,user-churn,BINARY_CLASSIFICATION,0,10,roc_auc,rtx-pro-6000,False,"{""aggr"": ""mean"", ""channels"": 256, ""lr"": 0.0030197929882, ""num_heads"": 2, ""num_model_layers"": 4, ""num_neighbors"": 128, ""subgraph_type"": ""directional""}",6f19af8d,r5,0.6751963608738555,,505.66421693300026,11.065243845000168,,,,0.7574383121634897,0.6864775300640324,0.7792604962897676,0.6751963608738555,,,,,,,,,,
relgnn-es,rel-amazon,user-churn,BINARY_CLASSIFICATION,0,10,roc_auc,rtx-pro-6000,False,"{""aggr"": ""mean"", ""channels"": 256, ""lr"": 0.0037019789833, ""num_heads"": 16, ""num_model_layers"": 1, ""num_neighbors"": 256, ""subgraph_type"": ""bidirectional""}",012001ed,r6,0.6642513737833685,,407.1502017329999,11.854832422000072,,,,0.7493829275171375,0.6869143370295174,0.7908284042962509,0.6642513737833685,,,,,,,,,,
relgnn-es,rel-amazon,user-churn,BINARY_CLASSIFICATION,0,10,roc_auc,rtx-pro-6000,True,"{""aggr"": ""mean"", ""channels"": 64, ""lr"": 0.0010442146945, ""num_heads"": 2, ""num_model_layers"": 2, ""num_neighbors"": 256, ""subgraph_type"": ""bidirectional""}",d2fbdf27,r7,0.6914618773108937,0.6942810348388144,432.475027083,9.83927463300006,529.1981893749999,9.100492133000444,,0.7705323303946703,0.6973830626268936,0.788177137957304,0.6914618773108937,0.7453321774846464,0.681449905508902,0.7769058229027141,0.6942810348388144,,,,,,
relgnn-es,rel-amazon,user-churn,BINARY_CLASSIFICATION,0,10,roc_auc,rtx-pro-6000,False,"{""aggr"": ""mean"", ""channels"": 256, ""lr"": 0.0041460591823, ""num_heads"": 4, ""num_model_layers"": 2, ""num_neighbors"": 256, ""subgraph_type"": ""directional""}",f87e8891,r8,0.656496380781264,,421.29770864400007,10.40783419599984,,,,0.7429068122873197,0.679115258472591,0.7768788559560735,0.656496380781264,,,,,,,,,,
relgnn-es,rel-amazon,user-churn,BINARY_CLASSIFICATION,0,10,roc_auc,rtx-pro-6000,False,"{""aggr"": ""mean"", ""channels"": 256, ""lr"": 0.004093508747, ""num_heads"": 8, ""num_model_layers"": 2, ""num_neighbors"": 64, ""subgraph_type"": ""bidirectional""}",79a48048,r9,0.6691270908131556,,417.21822686099995,10.4528300689999,,,,0.7522164823771966,0.6817385405278775,0.7745979623756729,0.6691270908131556,,,,,,,,,,
relgnn-es,rel-amazon,user-churn,BINARY_CLASSIFICATION,0,10,roc_auc,rtx-pro-6000,False,"{""aggr"": ""sum"", ""channels"": 64, ""lr"": 0.0041393676084, ""num_heads"": 8, ""num_model_layers"": 2, ""num_neighbors"": 256, ""subgraph_type"": ""directional""}",c642344c,r10,0.6731710379419048,,410.72025038300035,8.916392697000447,,,,0.7561580653299707,0.6889739184757145,0.7871732189850252,0.6731710379419048,,,,,,,,,,
relgnn-es,rel-amazon,user-ltv,REGRESSION,0,10,mae,rtx-pro-6000,False,"{""aggr"": ""sum"", ""channels"": 128, ""lr"": 0.005, ""num_heads"": 8, ""num_model_layers"": 2, ""num_neighbors"": 128, ""simplified_MP"": false, ""subgraph_type"": ""directional""}",afe1474f,default,14.140715240902702,16.783006058715507,516.701557318,9.125695605000033,413.0490482409996,8.525831553999524,,,,,,,,,,-0.0835422154812151,14.140715240902702,50.92620345868564,-0.0916330515632304,16.783006058715507,57.92660637668217
relgnn-es,rel-amazon,user-ltv,REGRESSION,0,10,mae,rtx-pro-6000,False,"{""aggr"": ""sum"", ""channels"": 128, ""lr"": 0.0011394964521, ""num_heads"": 4, ""num_model_layers"": 2, ""num_neighbors"": 64, ""subgraph_type"": ""bidirectional""}",70b52bd0,r1,14.140715240902702,,432.856861075,9.118984256999966,,,,,,,,,,,,-0.0835422154812151,14.140715240902702,50.92620345868564,,,
relgnn-es,rel-amazon,user-ltv,REGRESSION,0,10,mae,rtx-pro-6000,False,"{""aggr"": ""mean"", ""channels"": 128, ""lr"": 0.0018735112039, ""num_heads"": 4, ""num_model_layers"": 1, ""num_neighbors"": 256, ""subgraph_type"": ""bidirectional""}",79b72acf,r2,13.297943956693109,,391.3847920010001,9.173545298999898,,,,,,,,,,,,0.0837695595105919,13.297943956693109,46.82963155477476,,,
relgnn-es,rel-amazon,user-ltv,REGRESSION,0,10,mae,rtx-pro-6000,False,"{""aggr"": ""mean"", ""channels"": 256, ""lr"": 0.0030037592231, ""num_heads"": 4, ""num_model_layers"": 1, ""num_neighbors"": 64, ""subgraph_type"": ""directional""}",ce9904b8,r3,13.521255503917429,,355.95868566900003,8.296053598999833,,,,,,,,,,,,0.0444208557497936,13.521255503917429,47.824640478418495,,,
relgnn-es,rel-amazon,user-ltv,REGRESSION,0,10,mae,rtx-pro-6000,False,"{""aggr"": ""sum"", ""channels"": 64, ""lr"": 0.00648886485, ""num_heads"": 4, ""num_model_layers"": 2, ""num_neighbors"": 128, ""subgraph_type"": ""bidirectional""}",f0bb2bad,r4,14.140715240902702,,425.2033252279998,9.589991520999774,,,,,,,,,,,,-0.0835422154812151,14.140715240902702,50.92620345868564,,,
relgnn-es,rel-amazon,user-ltv,REGRESSION,0,10,mae,rtx-pro-6000,False,"{""aggr"": ""mean"", ""channels"": 256, ""lr"": 0.0030197929882, ""num_heads"": 2, ""num_model_layers"": 4, ""num_neighbors"": 128, ""subgraph_type"": ""directional""}",6f19af8d,r5,14.140715240902702,,517.33745976,10.545478738999918,,,,,,,,,,,,-0.0835422154812151,14.140715240902702,50.92620345868564,,,
relgnn-es,rel-amazon,user-ltv,REGRESSION,0,10,mae,rtx-pro-6000,False,"{""aggr"": ""mean"", ""channels"": 256, ""lr"": 0.0037019789833, ""num_heads"": 16, ""num_model_layers"": 1, ""num_neighbors"": 256, ""subgraph_type"": ""bidirectional""}",012001ed,r6,12.87219206765583,,417.69392076500026,11.984506595999846,,,,,,,,,,,,0.1223120801386294,12.87219206765583,45.83407204646707,,,
relgnn-es,rel-amazon,user-ltv,REGRESSION,0,10,mae,rtx-pro-6000,True,"{""aggr"": ""mean"", ""channels"": 64, ""lr"": 0.0010442146945, ""num_heads"": 2, ""num_model_layers"": 2, ""num_neighbors"": 256, ""subgraph_type"": ""bidirectional""}",d2fbdf27,r7,12.557743393681347,14.575225195661638,447.49569758000007,10.042780772000242,613.1657059829995,9.202986235000026,,,,,,,,,,0.1667600789035386,12.557743393681347,44.65842651453634,0.1549371133369068,14.575225195661638,50.966435675110965
relgnn-es,rel-amazon,user-ltv,REGRESSION,0,10,mae,rtx-pro-6000,False,"{""aggr"": ""mean"", ""channels"": 256, ""lr"": 0.0041460591823, ""num_heads"": 4, ""num_model_layers"": 2, ""num_neighbors"": 256, ""subgraph_type"": ""directional""}",f87e8891,r8,14.140715240902702,,435.07820976799985,9.941688895999503,,,,,,,,,,,,-0.0835422154812151,14.140715240902702,50.92620345868564,,,
relgnn-es,rel-amazon,user-ltv,REGRESSION,0,10,mae,rtx-pro-6000,False,"{""aggr"": ""mean"", ""channels"": 256, ""lr"": 0.004093508747, ""num_heads"": 8, ""num_model_layers"": 2, ""num_neighbors"": 64, ""subgraph_type"": ""bidirectional""}",79a48048,r9,14.14080198380134,,432.1961495270006,10.668318400999851,,,,,,,,,,,,-0.0835386072910369,14.14080198380134,50.92611866661318,,,
relgnn-es,rel-amazon,user-ltv,REGRESSION,0,10,mae,rtx-pro-6000,False,"{""aggr"": ""sum"", ""channels"": 64, ""lr"": 0.0041393676084, ""num_heads"": 8, ""num_model_layers"": 2, ""num_neighbors"": 256, ""subgraph_type"": ""directional""}",c642344c,r10,14.140715240902702,,420.91927125300026,9.588549934000184,,,,,,,,,,,,-0.0835422154812151,14.140715240902702,50.92620345868564,,,
relgnn-es,rel-avito,ad-ctr,REGRESSION,0,10,mae,rtx-pro-6000,False,"{""aggr"": ""sum"", ""channels"": 128, ""lr"": 0.005, ""num_heads"": 8, ""num_model_layers"": 2, ""num_neighbors"": 128, ""simplified_MP"": false, ""subgraph_type"": ""directional""}",afe1474f,default,0.0398684538560538,0.0433202638985227,59.601948656999994,0.9841837410000096,15.029076180999994,1.0065874379999968,,,,,,,,,,-0.0785844521425132,0.0398684538560538,0.1030252548763681,-0.104527386804494,0.0433202638985227,0.1153465798386269
relgnn-es,rel-avito,ad-ctr,REGRESSION,0,10,mae,rtx-pro-6000,False,"{""aggr"": ""sum"", ""channels"": 128, ""lr"": 0.0011394964521, ""num_heads"": 4, ""num_model_layers"": 2, ""num_neighbors"": 64, ""subgraph_type"": ""bidirectional""}",70b52bd0,r1,0.0411400180491567,,8.3481175,0.8285748790000014,,,,,,,,,,,,-0.1414097227062278,0.0411400180491567,0.1059832916052564,,,
relgnn-es,rel-avito,ad-ctr,REGRESSION,0,10,mae,rtx-pro-6000,False,"{""aggr"": ""mean"", ""channels"": 128, ""lr"": 0.0018735112039, ""num_heads"": 4, ""num_model_layers"": 1, ""num_neighbors"": 256, ""subgraph_type"": ""bidirectional""}",79b72acf,r2,0.0398603211805639,,13.332393542999997,1.0842504160000033,,,,,,,,,,,,-0.0922382399003902,0.0398603211805639,0.1036753018502572,,,
relgnn-es,rel-avito,ad-ctr,REGRESSION,0,10,mae,rtx-pro-6000,False,"{""aggr"": ""mean"", ""channels"": 256, ""lr"": 0.0030037592231, ""num_heads"": 4, ""num_model_layers"": 1, ""num_neighbors"": 64, ""subgraph_type"": ""directional""}",ce9904b8,r3,0.0398370784183907,,8.024637924999979,0.8295932439999945,,,,,,,,,,,,-0.0862612970194787,0.0398370784183907,0.1033912468751863,,,
relgnn-es,rel-avito,ad-ctr,REGRESSION,0,10,mae,rtx-pro-6000,False,"{""aggr"": ""sum"", ""channels"": 64, ""lr"": 0.00648886485, ""num_heads"": 4, ""num_model_layers"": 2, ""num_neighbors"": 128, ""subgraph_type"": ""bidirectional""}",f0bb2bad,r4,0.0398778989755968,,10.25498936300002,0.8804665220000061,,,,,,,,,,,,-0.0931308058673041,0.0398778989755968,0.103717654399957,,,
relgnn-es,rel-avito,ad-ctr,REGRESSION,0,10,mae,rtx-pro-6000,False,"{""aggr"": ""mean"", ""channels"": 256, ""lr"": 0.0030197929882, ""num_heads"": 2, ""num_model_layers"": 4, ""num_neighbors"": 128, ""subgraph_type"": ""directional""}",6f19af8d,r5,0.0404696502994681,,26.575535825999992,0.8640811630000087,,,,,,,,,,,,-0.1229261334391247,0.0404696502994681,0.1051216609801524,,,
relgnn-es,rel-avito,ad-ctr,REGRESSION,0,10,mae,rtx-pro-6000,False,"{""aggr"": ""mean"", ""channels"": 256, ""lr"": 0.0037019789833, ""num_heads"": 16, ""num_model_layers"": 1, ""num_neighbors"": 256, ""subgraph_type"": ""bidirectional""}",012001ed,r6,0.0398380445909445,,40.464237172,1.674451906999991,,,,,,,,,,,,-0.0837274648583934,0.0398380445909445,0.10327059035444,,,
relgnn-es,rel-avito,ad-ctr,REGRESSION,0,10,mae,rtx-pro-6000,True,"{""aggr"": ""mean"", ""channels"": 64, ""lr"": 0.0010442146945, ""num_heads"": 2, ""num_model_layers"": 2, ""num_neighbors"": 256, ""subgraph_type"": ""bidirectional""}",d2fbdf27,r7,0.0397811885239295,0.0426457437579558,14.071972695,1.0051898180000194,62.45509530200002,0.959812912000018,,,,,,,,,,-0.0909896588819758,0.0397811885239295,0.1036160272229795,-0.0862111183558269,0.0426457437579558,0.1143861912222632
relgnn-es,rel-avito,ad-ctr,REGRESSION,0,10,mae,rtx-pro-6000,False,"{""aggr"": ""mean"", ""channels"": 256, ""lr"": 0.0041460591823, ""num_heads"": 4, ""num_model_layers"": 2, ""num_neighbors"": 256, ""subgraph_type"": ""directional""}",f87e8891,r8,0.0428845463409232,,35.428814441999975,1.083642224000016,,,,,,,,,,,,-0.0184154389587631,0.0428845463409232,0.1001103793490143,,,
relgnn-es,rel-avito,ad-ctr,REGRESSION,0,10,mae,rtx-pro-6000,False,"{""aggr"": ""mean"", ""channels"": 256, ""lr"": 0.004093508747, ""num_heads"": 8, ""num_model_layers"": 2, ""num_neighbors"": 64, ""subgraph_type"": ""bidirectional""}",79a48048,r9,0.0398632355084897,,18.74455902699998,0.7311818960000096,,,,,,,,,,,,-0.0792907985029929,0.0398632355084897,0.1030589840866177,,,
relgnn-es,rel-avito,ad-ctr,REGRESSION,0,10,mae,rtx-pro-6000,False,"{""aggr"": ""sum"", ""channels"": 64, ""lr"": 0.0041393676084, ""num_heads"": 8, ""num_model_layers"": 2, ""num_neighbors"": 256, ""subgraph_type"": ""directional""}",c642344c,r10,0.0398211851182769,,16.801723597999967,1.0733858740000528,,,,,,,,,,,,-0.0846336216424465,0.0398211851182769,0.1033137560929213,,,
relgnn-es,rel-avito,user-clicks,BINARY_CLASSIFICATION,0,10,roc_auc,rtx-pro-6000,False,"{""aggr"": ""sum"", ""channels"": 128, ""lr"": 0.005, ""num_heads"": 8, ""num_model_layers"": 2, ""num_neighbors"": 128, ""simplified_MP"": false, ""subgraph_type"": ""directional""}",afe1474f,default,0.616811492738556,0.6604343392402051,144.360495705,2.744704117999987,81.62672713000006,4.053482868999936,,0.0514063965495765,0.9648302884388424,0.0,0.616811492738556,0.0307159097885566,0.984582048504042,0.0,0.6604343392402051,,,,,,
relgnn-es,rel-avito,user-clicks,BINARY_CLASSIFICATION,0,10,roc_auc,rtx-pro-6000,False,"{""aggr"": ""sum"", ""channels"": 128, ""lr"": 0.0011394964521, ""num_heads"": 4, ""num_model_layers"": 2, ""num_neighbors"": 64, ""subgraph_type"": ""bidirectional""}",70b52bd0,r1,0.6364231714709605,,73.34494965100001,2.039963508000028,,,,0.0591484723717103,0.9648302884388424,0.0,0.6364231714709605,,,,,,,,,,
relgnn-es,rel-avito,user-clicks,BINARY_CLASSIFICATION,0,10,roc_auc,rtx-pro-6000,True,"{""aggr"": ""mean"", ""channels"": 128, ""lr"": 0.0018735112039, ""num_heads"": 4, ""num_model_layers"": 1, ""num_neighbors"": 256, ""subgraph_type"": ""bidirectional""}",79b72acf,r2,0.6601875963381802,0.6675710277316422,64.946781192,2.348047305000023,108.87126467300004,3.501961224999832,,0.0693569111543708,0.9648302884388424,0.0,0.6601875963381802,0.0303463221923463,0.984582048504042,0.0,0.6675710277316422,,,,,,
relgnn-es,rel-avito,user-clicks,BINARY_CLASSIFICATION,0,10,roc_auc,rtx-pro-6000,False,"{""aggr"": ""mean"", ""channels"": 256, ""lr"": 0.0030037592231, ""num_heads"": 4, ""num_model_layers"": 1, ""num_neighbors"": 64, ""subgraph_type"": ""directional""}",ce9904b8,r3,0.6308133421689168,,53.351874135,1.8899945409999648,,,,0.0580710648435932,0.9648302884388424,0.0,0.6308133421689168,,,,,,,,,,
relgnn-es,rel-avito,user-clicks,BINARY_CLASSIFICATION,0,10,roc_auc,rtx-pro-6000,False,"{""aggr"": ""sum"", ""channels"": 64, ""lr"": 0.00648886485, ""num_heads"": 4, ""num_model_layers"": 2, ""num_neighbors"": 128, ""subgraph_type"": ""bidirectional""}",f0bb2bad,r4,0.6307165688863552,,77.07383165200002,2.026816609999969,,,,0.0658004211720899,0.9648302884388424,0.0,0.6307165688863552,,,,,,,,,,
relgnn-es,rel-avito,user-clicks,BINARY_CLASSIFICATION,0,10,roc_auc,rtx-pro-6000,False,"{""aggr"": ""mean"", ""channels"": 256, ""lr"": 0.0030197929882, ""num_heads"": 2, ""num_model_layers"": 4, ""num_neighbors"": 128, ""subgraph_type"": ""directional""}",6f19af8d,r5,0.5704551201177436,,136.17487531799998,3.454809241000021,,,,0.0465689509364561,0.9648302884388424,0.0,0.5704551201177436,,,,,,,,,,
relgnn-es,rel-avito,user-clicks,BINARY_CLASSIFICATION,0,10,roc_auc,rtx-pro-6000,False,"{""aggr"": ""mean"", ""channels"": 256, ""lr"": 0.0037019789833, ""num_heads"": 16, ""num_model_layers"": 1, ""num_neighbors"": 256, ""subgraph_type"": ""bidirectional""}",012001ed,r6,0.6352743048053009,,146.71517636300007,5.978969345999985,,,,0.0606748192353051,0.9648302884388424,0.0,0.6352743048053009,,,,,,,,,,
relgnn-es,rel-avito,user-clicks,BINARY_CLASSIFICATION,0,10,roc_auc,rtx-pro-6000,False,"{""aggr"": ""mean"", ""channels"": 64, ""lr"": 0.0010442146945, ""num_heads"": 2, ""num_model_layers"": 2, ""num_neighbors"": 256, ""subgraph_type"": ""bidirectional""}",d2fbdf27,r7,0.6402565033813183,,80.06361897500005,2.136199949999991,,,,0.0665512432478957,0.9648302884388424,0.0,0.6402565033813183,,,,,,,,,,
relgnn-es,rel-avito,user-clicks,BINARY_CLASSIFICATION,0,10,roc_auc,rtx-pro-6000,False,"{""aggr"": ""mean"", ""channels"": 256, ""lr"": 0.0041460591823, ""num_heads"": 4, ""num_model_layers"": 2, ""num_neighbors"": 256, ""subgraph_type"": ""directional""}",f87e8891,r8,0.6080885651218186,,117.47538681099992,3.7195521849999977,,,,0.0536423737438454,0.9648302884388424,0.0,0.6080885651218186,,,,,,,,,,
relgnn-es,rel-avito,user-clicks,BINARY_CLASSIFICATION,0,10,roc_auc,rtx-pro-6000,False,"{""aggr"": ""mean"", ""channels"": 256, ""lr"": 0.004093508747, ""num_heads"": 8, ""num_model_layers"": 2, ""num_neighbors"": 64, ""subgraph_type"": ""bidirectional""}",79a48048,r9,0.6245782136315363,,133.561325185,4.07551903600006,,,,0.0558346918713918,0.9648302884388424,0.0,0.6245782136315363,,,,,,,,,,
relgnn-es,rel-avito,user-clicks,BINARY_CLASSIFICATION,0,10,roc_auc,rtx-pro-6000,False,"{""aggr"": ""sum"", ""channels"": 64, ""lr"": 0.0041393676084, ""num_heads"": 8, ""num_model_layers"": 2, ""num_neighbors"": 256, ""subgraph_type"": ""directional""}",c642344c,r10,0.6401368420845235,,75.99284246799994,2.5249988319999375,,,,0.0580201024520364,0.9648302884388424,0.0,0.6401368420845235,,,,,,,,,,
relgnn-es,rel-avito,user-visits,BINARY_CLASSIFICATION,0,10,roc_auc,rtx-pro-6000,False,"{""aggr"": ""sum"", ""channels"": 128, ""lr"": 0.005, ""num_heads"": 8, ""num_model_layers"": 2, ""num_neighbors"": 128, ""simplified_MP"": false, ""subgraph_type"": ""directional""}",afe1474f,default,0.6741208163910786,0.6508346958257547,165.69018403599998,3.2650775320000207,105.97953825700006,4.503721643999825,,0.9484380752818496,0.9034991160479002,0.949303425917813,0.6741208163910786,0.912328115313066,0.8505909380276232,0.9192641340113672,0.6508346958257547,,,,,,
relgnn-es,rel-avito,user-visits,BINARY_CLASSIFICATION,0,10,roc_auc,rtx-pro-6000,True,"{""aggr"": ""sum"", ""channels"": 128, ""lr"": 0.0011394964521, ""num_heads"": 4, ""num_model_layers"": 2, ""num_neighbors"": 64, ""subgraph_type"": ""bidirectional""}",70b52bd0,r1,0.6824557727930844,0.6487314976631714,99.965520018,19.072198587000003,134.75657269500016,3.2467622860001484,,0.9506331159367576,0.9034991160479002,0.949303425917813,0.6824557727930844,0.9124015271096682,0.8505909380276232,0.9192641340113672,0.6487314976631714,,,,,,
relgnn-es,rel-avito,user-visits,BINARY_CLASSIFICATION,0,10,roc_auc,rtx-pro-6000,False,"{""aggr"": ""mean"", ""channels"": 128, ""lr"": 0.0018735112039, ""num_heads"": 4, ""num_model_layers"": 1, ""num_neighbors"": 256, ""subgraph_type"": ""bidirectional""}",79b72acf,r2,0.6733548177344715,,84.213855314,2.749695353999982,,,,0.9491337163428102,0.9034991160479002,0.949303425917813,0.6733548177344715,,,,,,,,,,
relgnn-es,rel-avito,user-visits,BINARY_CLASSIFICATION,0,10,roc_auc,rtx-pro-6000,False,"{""aggr"": ""mean"", ""channels"": 256, ""lr"": 0.0030037592231, ""num_heads"": 4, ""num_model_layers"": 1, ""num_neighbors"": 64, ""subgraph_type"": ""directional""}",ce9904b8,r3,0.6642852180399954,,70.025094578,2.951925486999926,,,,0.9461736982206452,0.9034991160479002,0.949303425917813,0.6642852180399954,,,,,,,,,,
relgnn-es,rel-avito,user-visits,BINARY_CLASSIFICATION,0,10,roc_auc,rtx-pro-6000,False,"{""aggr"": ""sum"", ""channels"": 64, ""lr"": 0.00648886485, ""num_heads"": 4, ""num_model_layers"": 2, ""num_neighbors"": 128, ""subgraph_type"": ""bidirectional""}",f0bb2bad,r4,0.6771000162608893,,103.36560201499992,2.7268822659999614,,,,0.9501578704449052,0.9034991160479002,0.949303425917813,0.6771000162608893,,,,,,,,,,
relgnn-es,rel-avito,user-visits,BINARY_CLASSIFICATION,0,10,roc_auc,rtx-pro-6000,False,"{""aggr"": ""mean"", ""channels"": 256, ""lr"": 0.0030197929882, ""num_heads"": 2, ""num_model_layers"": 4, ""num_neighbors"": 128, ""subgraph_type"": ""directional""}",6f19af8d,r5,0.6263206995505527,,173.169757291,4.154626398999994,,,,0.937028302590232,0.9034991160479002,0.949303425917813,0.6263206995505527,,,,,,,,,,
relgnn-es,rel-avito,user-visits,BINARY_CLASSIFICATION,0,10,roc_auc,rtx-pro-6000,False,"{""aggr"": ""mean"", ""channels"": 256, ""lr"": 0.0037019789833, ""num_heads"": 16, ""num_model_layers"": 1, ""num_neighbors"": 256, ""subgraph_type"": ""bidirectional""}",012001ed,r6,0.6652819727789497,,180.795111129,6.912277625999991,,,,0.9457313057441344,0.9034991160479002,0.949303425917813,0.6652819727789497,,,,,,,,,,
relgnn-es,rel-avito,user-visits,BINARY_CLASSIFICATION,0,10,roc_auc,rtx-pro-6000,False,"{""aggr"": ""mean"", ""channels"": 64, ""lr"": 0.0010442146945, ""num_heads"": 2, ""num_model_layers"": 2, ""num_neighbors"": 256, ""subgraph_type"": ""bidirectional""}",d2fbdf27,r7,0.6789489745749473,,108.24190263500007,2.9213363579999623,,,,0.9499564639436376,0.9034991160479002,0.949303425917813,0.6789489745749473,,,,,,,,,,
relgnn-es,rel-avito,user-visits,BINARY_CLASSIFICATION,0,10,roc_auc,rtx-pro-6000,False,"{""aggr"": ""mean"", ""channels"": 256, ""lr"": 0.0041460591823, ""num_heads"": 4, ""num_model_layers"": 2, ""num_neighbors"": 256, ""subgraph_type"": ""directional""}",f87e8891,r8,0.6703744884589927,,146.61689707900018,4.334392213000001,,,,0.9488708942739068,0.9034991160479002,0.949303425917813,0.6703744884589927,,,,,,,,,,
relgnn-es,rel-avito,user-visits,BINARY_CLASSIFICATION,0,10,roc_auc,rtx-pro-6000,False,"{""aggr"": ""mean"", ""channels"": 256, ""lr"": 0.004093508747, ""num_heads"": 8, ""num_model_layers"": 2, ""num_neighbors"": 64, ""subgraph_type"": ""bidirectional""}",79a48048,r9,0.6816934941562764,,169.16898656199987,4.855779923,,,,0.9516003067733172,0.9034991160479002,0.949303425917813,0.6816934941562764,,,,,,,,,,
relgnn-es,rel-avito,user-visits,BINARY_CLASSIFICATION,0,10,roc_auc,rtx-pro-6000,False,"{""aggr"": ""sum"", ""channels"": 64, ""lr"": 0.0041393676084, ""num_heads"": 8, ""num_model_layers"": 2, ""num_neighbors"": 256, ""subgraph_type"": ""directional""}",c642344c,r10,0.6744293291822931,,99.2685001530001,3.1841804010000487,,,,0.9486738799827824,0.9034991160479002,0.949303425917813,0.6744293291822931,,,,,,,,,,
relgnn-es,rel-event,user-attendance,REGRESSION,0,10,mae,rtx-pro-6000,False,"{""aggr"": ""sum"", ""channels"": 128, ""lr"": 0.005, ""num_heads"": 8, ""num_model_layers"": 2, ""num_neighbors"": 128, ""simplified_MP"": false, ""subgraph_type"": ""directional""}",afe1474f,default,0.2575209060135786,0.2638181790374638,123.373929287,1.2362552449999953,26.62103158100001,1.2730735600000571,,,,,,,,,,-0.2421840669315433,0.2575209060135786,0.5832056634380667,-0.1672266714853731,0.2638181790374638,0.6940349325748447
relgnn-es,rel-event,user-attendance,REGRESSION,0,10,mae,rtx-pro-6000,False,"{""aggr"": ""sum"", ""channels"": 128, ""lr"": 0.0011394964521, ""num_heads"": 4, ""num_model_layers"": 2, ""num_neighbors"": 64, ""subgraph_type"": ""bidirectional""}",70b52bd0,r1,0.2449915802798697,,18.519771149999997,1.164782004999978,,,,,,,,,,,,-0.1282478872717101,0.2449915802798697,0.5558159686975604,,,
relgnn-es,rel-event,user-attendance,REGRESSION,0,10,mae,rtx-pro-6000,False,"{""aggr"": ""mean"", ""channels"": 128, ""lr"": 0.0018735112039, ""num_heads"": 4, ""num_model_layers"": 1, ""num_neighbors"": 256, ""subgraph_type"": ""bidirectional""}",79b72acf,r2,0.2488724605457203,,22.535221718000003,1.2301408020000224,,,,,,,,,,,,-0.1358948328600662,0.2488724605457203,0.5576963697143816,,,
relgnn-es,rel-event,user-attendance,REGRESSION,0,10,mae,rtx-pro-6000,False,"{""aggr"": ""mean"", ""channels"": 256, ""lr"": 0.0030037592231, ""num_heads"": 4, ""num_model_layers"": 1, ""num_neighbors"": 64, ""subgraph_type"": ""directional""}",ce9904b8,r3,0.2570558769086044,,17.072396085999998,1.154712850999999,,,,,,,,,,,,-0.211691287309909,0.2570558769086044,0.57600300357043,,,
relgnn-es,rel-event,user-attendance,REGRESSION,0,10,mae,rtx-pro-6000,False,"{""aggr"": ""sum"", ""channels"": 64, ""lr"": 0.00648886485, ""num_heads"": 4, ""num_model_layers"": 2, ""num_neighbors"": 128, ""subgraph_type"": ""bidirectional""}",f0bb2bad,r4,0.2575213046690324,,19.445905384000017,1.1655636259999935,,,,,,,,,,,,-0.2421549835017682,0.2575213046690324,0.5831988360601076,,,
relgnn-es,rel-event,user-attendance,REGRESSION,0,10,mae,rtx-pro-6000,False,"{""aggr"": ""mean"", ""channels"": 256, ""lr"": 0.0030197929882, ""num_heads"": 2, ""num_model_layers"": 4, ""num_neighbors"": 128, ""subgraph_type"": ""directional""}",6f19af8d,r5,0.2575216726160122,,40.76401722200001,1.303358913000011,,,,,,,,,,,,-0.2421977241343942,0.2575216726160122,0.5832088694589651,,,
relgnn-es,rel-event,user-attendance,REGRESSION,0,10,mae,rtx-pro-6000,False,"{""aggr"": ""mean"", ""channels"": 256, ""lr"": 0.0037019789833, ""num_heads"": 16, ""num_model_layers"": 1, ""num_neighbors"": 256, ""subgraph_type"": ""bidirectional""}",012001ed,r6,0.2575164221232868,,66.69519827900001,1.4165145590000066,,,,,,,,,,,,-0.2413103468352253,0.2575164221232868,0.5830005214804094,,,
relgnn-es,rel-event,user-attendance,REGRESSION,0,10,mae,rtx-pro-6000,True,"{""aggr"": ""mean"", ""channels"": 64, ""lr"": 0.0010442146945, ""num_heads"": 2, ""num_model_layers"": 2, ""num_neighbors"": 256, ""subgraph_type"": ""bidirectional""}",d2fbdf27,r7,0.2386038871287296,0.2438578664556343,23.778570838000007,1.220481833000008,82.91462206699998,1.2836352519999537,,,,,,,,,,-0.014843825604905,0.2386038871287296,0.5271429011499527,-0.015967696915798,0.2438578664556343,0.6475058233373046
relgnn-es,rel-event,user-attendance,REGRESSION,0,10,mae,rtx-pro-6000,False,"{""aggr"": ""mean"", ""channels"": 256, ""lr"": 0.0041460591823, ""num_heads"": 4, ""num_model_layers"": 2, ""num_neighbors"": 256, ""subgraph_type"": ""directional""}",f87e8891,r8,0.2575200123067476,,50.43971001400001,1.2932708889999844,,,,,,,,,,,,-0.242172573081602,0.2575200123067476,0.5832029652494225,,,
relgnn-es,rel-event,user-attendance,REGRESSION,0,10,mae,rtx-pro-6000,False,"{""aggr"": ""mean"", ""channels"": 256, ""lr"": 0.004093508747, ""num_heads"": 8, ""num_model_layers"": 2, ""num_neighbors"": 64, ""subgraph_type"": ""bidirectional""}",79a48048,r9,0.2575205837792922,,34.10006973200001,1.5372128010000097,,,,,,,,,,,,-0.2421822986693056,0.2575205837792922,0.583205248338185,,,
relgnn-es,rel-event,user-attendance,REGRESSION,0,10,mae,rtx-pro-6000,False,"{""aggr"": ""sum"", ""channels"": 64, ""lr"": 0.0041393676084, ""num_heads"": 8, ""num_model_layers"": 2, ""num_neighbors"": 256, ""subgraph_type"": ""directional""}",c642344c,r10,0.2494576539633409,,27.17687083100003,1.2263143469999704,,,,,,,,,,,,-0.1153747867458696,0.2494576539633409,0.5526359930411836,,,
relgnn-es,rel-event,user-ignore,BINARY_CLASSIFICATION,0,10,roc_auc,rtx-pro-6000,False,"{""aggr"": ""sum"", ""channels"": 128, ""lr"": 0.005, ""num_heads"": 8, ""num_model_layers"": 2, ""num_neighbors"": 128, ""simplified_MP"": false, ""subgraph_type"": ""directional""}",afe1474f,default,0.8359430585944395,0.8290790185716095,93.249323034,1.1799048190000008,26.873169716999996,1.2425453679999237,,0.4687870565744941,0.8867924528301887,0.4585365853658537,0.8359430585944395,0.5224117892484837,0.8748723186925434,0.4543429844097995,0.8290790185716095,,,,,,
relgnn-es,rel-event,user-ignore,BINARY_CLASSIFICATION,0,10,roc_auc,rtx-pro-6000,False,"{""aggr"": ""sum"", ""channels"": 128, ""lr"": 0.0011394964521, ""num_heads"": 4, ""num_model_layers"": 2, ""num_neighbors"": 64, ""subgraph_type"": ""bidirectional""}",70b52bd0,r1,0.8620358531848991,,17.233469395000014,1.131950243999995,,,,0.5016730216681142,0.901580826109128,0.2490272373540856,0.8620358531848991,,,,,,,,,,
relgnn-es,rel-event,user-ignore,BINARY_CLASSIFICATION,0,10,roc_auc,rtx-pro-6000,False,"{""aggr"": ""mean"", ""channels"": 128, ""lr"": 0.0018735112039, ""num_heads"": 4, ""num_model_layers"": 1, ""num_neighbors"": 256, ""subgraph_type"": ""bidirectional""}",79b72acf,r2,0.8545142808232002,,22.56741061300002,1.1899050389999957,,,,0.511057017523613,0.903110657827639,0.4135802469135802,0.8545142808232002,,,,,,,,,,
relgnn-es,rel-event,user-ignore,BINARY_CLASSIFICATION,0,10,roc_auc,rtx-pro-6000,False,"{""aggr"": ""mean"", ""channels"": 256, ""lr"": 0.0030037592231, ""num_heads"": 4, ""num_model_layers"": 1, ""num_neighbors"": 64, ""subgraph_type"": ""directional""}",ce9904b8,r3,0.8470890017065302,,16.565549261,1.127395005000011,,,,0.5111174027387939,0.8975012748597654,0.5156626506024097,0.8470890017065302,,,,,,,,,,
relgnn-es,rel-event,user-ignore,BINARY_CLASSIFICATION,0,10,roc_auc,rtx-pro-6000,False,"{""aggr"": ""sum"", ""channels"": 64, ""lr"": 0.00648886485, ""num_heads"": 4, ""num_model_layers"": 2, ""num_neighbors"": 128, ""subgraph_type"": ""bidirectional""}",f0bb2bad,r4,0.8538750006687031,,18.449394625000025,1.1526711480000245,,,,0.5362382836945923,0.9107598164201938,0.3727598566308244,0.8538750006687031,,,,,,,,,,
relgnn-es,rel-event,user-ignore,BINARY_CLASSIFICATION,0,10,roc_auc,rtx-pro-6000,False,"{""aggr"": ""mean"", ""channels"": 256, ""lr"": 0.0030197929882, ""num_heads"": 2, ""num_model_layers"": 4, ""num_neighbors"": 128, ""subgraph_type"": ""directional""}",6f19af8d,r5,0.8084754104499569,,40.59200505899997,1.2327530709999903,,,,0.474964099707005,0.8939316675165732,0.4876847290640394,0.8084754104499569,,,,,,,,,,
relgnn-es,rel-event,user-ignore,BINARY_CLASSIFICATION,0,10,roc_auc,rtx-pro-6000,False,"{""aggr"": ""mean"", ""channels"": 256, ""lr"": 0.0037019789833, ""num_heads"": 16, ""num_model_layers"": 1, ""num_neighbors"": 256, ""subgraph_type"": ""bidirectional""}",012001ed,r6,0.86170150163966,,66.474894506,1.389890795000042,,,,0.4833382170473004,0.8990311065782763,0.3734177215189873,0.86170150163966,,,,,,,,,,
relgnn-es,rel-event,user-ignore,BINARY_CLASSIFICATION,0,10,roc_auc,rtx-pro-6000,False,"{""aggr"": ""mean"", ""channels"": 64, ""lr"": 0.0010442146945, ""num_heads"": 2, ""num_model_layers"": 2, ""num_neighbors"": 256, ""subgraph_type"": ""bidirectional""}",d2fbdf27,r7,0.8643736391892108,,24.13402280400004,1.1932990789999849,,,,0.5189054186232501,0.8990311065782763,0.5099009900990099,0.8643736391892108,,,,,,,,,,
relgnn-es,rel-event,user-ignore,BINARY_CLASSIFICATION,0,10,roc_auc,rtx-pro-6000,False,"{""aggr"": ""mean"", ""channels"": 256, ""lr"": 0.0041460591823, ""num_heads"": 4, ""num_model_layers"": 2, ""num_neighbors"": 256, ""subgraph_type"": ""directional""}",f87e8891,r8,0.8619556088140419,,50.233217619000015,1.2820892400000048,,,,0.502530445019632,0.9036206017338092,0.3678929765886287,0.8619556088140419,,,,,,,,,,
relgnn-es,rel-event,user-ignore,BINARY_CLASSIFICATION,0,10,roc_auc,rtx-pro-6000,False,"{""aggr"": ""mean"", ""channels"": 256, ""lr"": 0.004093508747, ""num_heads"": 8, ""num_model_layers"": 2, ""num_neighbors"": 64, ""subgraph_type"": ""bidirectional""}",79a48048,r9,0.860537958262228,,33.85064993899999,1.203194676999999,,,,0.5028168328613848,0.9082100968893422,0.4545454545454545,0.860537958262228,,,,,,,,,,
relgnn-es,rel-event,user-ignore,BINARY_CLASSIFICATION,0,10,roc_auc,rtx-pro-6000,True,"{""aggr"": ""sum"", ""channels"": 64, ""lr"": 0.0041393676084, ""num_heads"": 8, ""num_model_layers"": 2, ""num_neighbors"": 256, ""subgraph_type"": ""directional""}",c642344c,r10,0.8745673491004606,0.8053930203907752,27.311776955000028,1.1893419969999286,84.82766763900008,1.2458019740000736,,0.5016615051445569,0.8929117797042325,0.0789473684210526,0.8745673491004606,0.4820488577187223,0.8871297242083759,0.4433249370277078,0.8053930203907752,,,,,,
relgnn-es,rel-event,user-repeat,BINARY_CLASSIFICATION,0,10,roc_auc,rtx-pro-6000,False,"{""aggr"": ""sum"", ""channels"": 128, ""lr"": 0.005, ""num_heads"": 8, ""num_model_layers"": 2, ""num_neighbors"": 128, ""simplified_MP"": false, ""subgraph_type"": ""directional""}",afe1474f,default,0.548777661916348,0.5587232620320856,70.184319521,1.0932879199999943,8.735441567999999,1.1461692090000497,,0.5254477508537215,0.5171102661596958,0.2742857142857143,0.548777661916348,0.4949468116691518,0.5528455284552846,0.0,0.5587232620320856,,,,,,
relgnn-es,rel-event,user-repeat,BINARY_CLASSIFICATION,0,10,roc_auc,rtx-pro-6000,False,"{""aggr"": ""sum"", ""channels"": 128, ""lr"": 0.0011394964521, ""num_heads"": 4, ""num_model_layers"": 2, ""num_neighbors"": 64, ""subgraph_type"": ""bidirectional""}",70b52bd0,r1,0.6538060479666319,,6.790504958999975,1.0821004119999884,,,,0.5876000447023662,0.6121673003802282,0.6015625,0.6538060479666319,,,,,,,,,,
relgnn-es,rel-event,user-repeat,BINARY_CLASSIFICATION,0,10,roc_auc,rtx-pro-6000,False,"{""aggr"": ""mean"", ""channels"": 128, ""lr"": 0.0018735112039, ""num_heads"": 4, ""num_model_layers"": 1, ""num_neighbors"": 256, ""subgraph_type"": ""bidirectional""}",79b72acf,r2,0.6319661684625189,,7.637395905999995,1.087555612000017,,,,0.5833881670108938,0.5209125475285171,0.0,0.6319661684625189,,,,,,,,,,
relgnn-es,rel-event,user-repeat,BINARY_CLASSIFICATION,0,10,roc_auc,rtx-pro-6000,False,"{""aggr"": ""mean"", ""channels"": 256, ""lr"": 0.0030037592231, ""num_heads"": 4, ""num_model_layers"": 1, ""num_neighbors"": 64, ""subgraph_type"": ""directional""}",ce9904b8,r3,0.5711389178542463,,6.676026871999994,1.0722071299999811,,,,0.5474510187262734,0.5627376425855514,0.4978165938864629,0.5711389178542463,,,,,,,,,,
relgnn-es,rel-event,user-repeat,BINARY_CLASSIFICATION,0,10,roc_auc,rtx-pro-6000,False,"{""aggr"": ""sum"", ""channels"": 64, ""lr"": 0.00648886485, ""num_heads"": 4, ""num_model_layers"": 2, ""num_neighbors"": 128, ""subgraph_type"": ""bidirectional""}",f0bb2bad,r4,0.5271115745568301,,6.5718951540000035,1.0973461929999928,,,,0.5165596297063324,0.532319391634981,0.2634730538922156,0.5271115745568301,,,,,,,,,,
relgnn-es,rel-event,user-repeat,BINARY_CLASSIFICATION,0,10,roc_auc,rtx-pro-6000,False,"{""aggr"": ""mean"", ""channels"": 256, ""lr"": 0.0030197929882, ""num_heads"": 2, ""num_model_layers"": 4, ""num_neighbors"": 128, ""subgraph_type"": ""directional""}",6f19af8d,r5,0.5044606650446066,,11.763807248999996,1.0928196719999903,,,,0.4913986543936164,0.5209125475285171,0.2125,0.5044606650446066,,,,,,,,,,
relgnn-es,rel-event,user-repeat,BINARY_CLASSIFICATION,0,10,roc_auc,rtx-pro-6000,False,"{""aggr"": ""mean"", ""channels"": 256, ""lr"": 0.0037019789833, ""num_heads"": 16, ""num_model_layers"": 1, ""num_neighbors"": 256, ""subgraph_type"": ""bidirectional""}",012001ed,r6,0.6003359981462171,,17.608790962,1.1129241429999863,,,,0.5781062393216887,0.5513307984790875,0.4271844660194174,0.6003359981462171,,,,,,,,,,
relgnn-es,rel-event,user-repeat,BINARY_CLASSIFICATION,0,10,roc_auc,rtx-pro-6000,True,"{""aggr"": ""mean"", ""channels"": 64, ""lr"": 0.0010442146945, ""num_heads"": 2, ""num_model_layers"": 2, ""num_neighbors"": 256, ""subgraph_type"": ""bidirectional""}",d2fbdf27,r7,0.7099409106708376,0.7546122994652407,7.554160153999987,1.1163965429999791,50.92137990400005,1.170035200999962,,0.6540324854692888,0.6653992395437263,0.6879432624113475,0.7099409106708376,0.6839685976948675,0.7113821138211383,0.70042194092827,0.7546122994652407,,,,,,
relgnn-es,rel-event,user-repeat,BINARY_CLASSIFICATION,0,10,roc_auc,rtx-pro-6000,False,"{""aggr"": ""mean"", ""channels"": 256, ""lr"": 0.0041460591823, ""num_heads"": 4, ""num_model_layers"": 2, ""num_neighbors"": 256, ""subgraph_type"": ""directional""}",f87e8891,r8,0.5535859112501448,,13.806232369000014,1.1115221929999848,,,,0.5257181558820823,0.4790874524714829,0.6478149100257069,0.5535859112501448,,,,,,,,,,
relgnn-es,rel-event,user-repeat,BINARY_CLASSIFICATION,0,10,roc_auc,rtx-pro-6000,False,"{""aggr"": ""mean"", ""channels"": 256, ""lr"": 0.004093508747, ""num_heads"": 8, ""num_model_layers"": 2, ""num_neighbors"": 64, ""subgraph_type"": ""bidirectional""}",79a48048,r9,0.5951801645232303,,11.778329449000012,1.06384889200001,,,,0.5514679882398291,0.5209125475285171,0.0,0.5951801645232303,,,,,,,,,,
relgnn-es,rel-event,user-repeat,BINARY_CLASSIFICATION,0,10,roc_auc,rtx-pro-6000,False,"{""aggr"": ""sum"", ""channels"": 64, ""lr"": 0.0041393676084, ""num_heads"": 8, ""num_model_layers"": 2, ""num_neighbors"": 256, ""subgraph_type"": ""directional""}",c642344c,r10,0.5524272969528443,,8.493531251999968,1.0718828820000113,,,,0.5423623651747622,0.5551330798479087,0.374331550802139,0.5524272969528443,,,,,,,,,,
relgnn-es,rel-f1,driver-dnf,BINARY_CLASSIFICATION,0,10,roc_auc,rtx-pro-6000,False,"{""aggr"": ""sum"", ""channels"": 128, ""lr"": 0.005, ""num_heads"": 8, ""num_model_layers"": 2, ""num_neighbors"": 128, ""simplified_MP"": false, ""subgraph_type"": ""directional""}",afe1474f,default,0.6397732426303855,0.7035036353876933,42.41344827799999,0.0938897309999902,20.320163917,0.1020283470000436,,0.8649153520814128,0.7791519434628975,0.8758689175769613,0.6397732426303855,0.844858277468022,0.7051282051282052,0.8270676691729323,0.7035036353876933,,,,,,
relgnn-es,rel-f1,driver-dnf,BINARY_CLASSIFICATION,0,10,roc_auc,rtx-pro-6000,False,"{""aggr"": ""sum"", ""channels"": 128, ""lr"": 0.0011394964521, ""num_heads"": 4, ""num_model_layers"": 2, ""num_neighbors"": 64, ""subgraph_type"": ""bidirectional""}",70b52bd0,r1,0.6524263038548753,,14.977720592999988,0.075594787,,,,0.8757223646332092,0.5565371024734982,0.6419400855920114,0.6524263038548753,,,,,,,,,,
relgnn-es,rel-f1,driver-dnf,BINARY_CLASSIFICATION,0,10,roc_auc,rtx-pro-6000,True,"{""aggr"": ""mean"", ""channels"": 128, ""lr"": 0.0018735112039, ""num_heads"": 4, ""num_model_layers"": 1, ""num_neighbors"": 256, ""subgraph_type"": ""bidirectional""}",79b72acf,r2,0.6641723356009069,0.7261064753818378,10.649321595999991,0.0715351169999962,15.29645665000004,0.0881122819999973,,0.8645030156139812,0.7526501766784452,0.844097995545657,0.6641723356009069,0.8470205415376983,0.6923076923076923,0.8163265306122449,0.7261064753818378,,,,,,
relgnn-es,rel-f1,driver-dnf,BINARY_CLASSIFICATION,0,10,roc_auc,rtx-pro-6000,False,"{""aggr"": ""mean"", ""channels"": 256, ""lr"": 0.0030037592231, ""num_heads"": 4, ""num_model_layers"": 1, ""num_neighbors"": 64, ""subgraph_type"": ""directional""}",ce9904b8,r3,0.6220136054421769,,11.77045586700001,0.066458625999985,,,,0.8633663245098175,0.7809187279151943,0.875751503006012,0.6220136054421769,,,,,,,,,,
relgnn-es,rel-f1,driver-dnf,BINARY_CLASSIFICATION,0,10,roc_auc,rtx-pro-6000,False,"{""aggr"": ""sum"", ""channels"": 64, ""lr"": 0.00648886485, ""num_heads"": 4, ""num_model_layers"": 2, ""num_neighbors"": 128, ""subgraph_type"": ""bidirectional""}",f0bb2bad,r4,0.6604172335600907,,14.531661191000012,0.072538886999979,,,,0.8698333204337847,0.7791519434628975,0.8758689175769613,0.6604172335600907,,,,,,,,,,
relgnn-es,rel-f1,driver-dnf,BINARY_CLASSIFICATION,0,10,roc_auc,rtx-pro-6000,False,"{""aggr"": ""mean"", ""channels"": 256, ""lr"": 0.0030197929882, ""num_heads"": 2, ""num_model_layers"": 4, ""num_neighbors"": 128, ""subgraph_type"": ""directional""}",6f19af8d,r5,0.6450249433106576,,34.24852959200001,0.1345339169999988,,,,0.8616877596111087,0.7791519434628975,0.8758689175769613,0.6450249433106576,,,,,,,,,,
relgnn-es,rel-f1,driver-dnf,BINARY_CLASSIFICATION,0,10,roc_auc,rtx-pro-6000,False,"{""aggr"": ""mean"", ""channels"": 256, ""lr"": 0.0037019789833, ""num_heads"": 16, ""num_model_layers"": 1, ""num_neighbors"": 256, ""subgraph_type"": ""bidirectional""}",012001ed,r6,0.6445986394557823,,35.24051435000001,0.2129765809999639,,,,0.8576753711559894,0.7756183745583038,0.8731268731268731,0.6445986394557823,,,,,,,,,,
relgnn-es,rel-f1,driver-dnf,BINARY_CLASSIFICATION,0,10,roc_auc,rtx-pro-6000,False,"{""aggr"": ""mean"", ""channels"": 64, ""lr"": 0.0010442146945, ""num_heads"": 2, ""num_model_layers"": 2, ""num_neighbors"": 256, ""subgraph_type"": ""bidirectional""}",d2fbdf27,r7,0.654702947845805,,15.958268438000005,0.0764034140000262,,,,0.8698120790364764,0.6749116607773852,0.7804295942720764,0.654702947845805,,,,,,,,,,
relgnn-es,rel-f1,driver-dnf,BINARY_CLASSIFICATION,0,10,roc_auc,rtx-pro-6000,False,"{""aggr"": ""mean"", ""channels"": 256, ""lr"": 0.0041460591823, ""num_heads"": 4, ""num_model_layers"": 2, ""num_neighbors"": 256, ""subgraph_type"": ""directional""}",f87e8891,r8,0.6593106575963719,,26.60773709900002,0.120630339999991,,,,0.8618845124165737,0.7773851590106007,0.8747514910536779,0.6593106575963719,,,,,,,,,,
relgnn-es,rel-f1,driver-dnf,BINARY_CLASSIFICATION,0,10,roc_auc,rtx-pro-6000,False,"{""aggr"": ""mean"", ""channels"": 256, ""lr"": 0.004093508747, ""num_heads"": 8, ""num_model_layers"": 2, ""num_neighbors"": 64, ""subgraph_type"": ""bidirectional""}",79a48048,r9,0.645560090702948,,39.63549895699998,0.1580794409999839,,,,0.8679732744701331,0.7791519434628975,0.8758689175769613,0.645560090702948,,,,,,,,,,
relgnn-es,rel-f1,driver-dnf,BINARY_CLASSIFICATION,0,10,roc_auc,rtx-pro-6000,False,"{""aggr"": ""sum"", ""channels"": 64, ""lr"": 0.0041393676084, ""num_heads"": 8, ""num_model_layers"": 2, ""num_neighbors"": 256, ""subgraph_type"": ""directional""}",c642344c,r10,0.6497868480725624,,14.245289232999994,0.0717752780000182,,,,0.8703797171854556,0.7791519434628975,0.8758689175769613,0.6497868480725624,,,,,,,,,,
relgnn-es,rel-f1,driver-position,REGRESSION,0,10,mae,rtx-pro-6000,True,"{""aggr"": ""sum"", ""channels"": 128, ""lr"": 0.005, ""num_heads"": 8, ""num_model_layers"": 2, ""num_neighbors"": 128, ""simplified_MP"": false, ""subgraph_type"": ""directional""}",afe1474f,default,3.5829810148250605,4.265887430676243,46.889548339,0.0656510180000111,17.047383162000017,0.0919321149999632,,,,,,,,,,0.0956319447559677,3.5829810148250605,4.40882536239574,0.0102530194077296,4.265887430676243,5.183605578758816
relgnn-es,rel-f1,driver-position,REGRESSION,0,10,mae,rtx-pro-6000,False,"{""aggr"": ""sum"", ""channels"": 128, ""lr"": 0.0011394964521, ""num_heads"": 4, ""num_model_layers"": 2, ""num_neighbors"": 64, ""subgraph_type"": ""bidirectional""}",70b52bd0,r1,3.8665845363874314,,9.797915163999988,0.0519768620000036,,,,,,,,,,,,-0.0001293872247907,3.8665845363874314,4.636373169171392,,,
relgnn-es,rel-f1,driver-position,REGRESSION,0,10,mae,rtx-pro-6000,False,"{""aggr"": ""mean"", ""channels"": 128, ""lr"": 0.0018735112039, ""num_heads"": 4, ""num_model_layers"": 1, ""num_neighbors"": 256, ""subgraph_type"": ""bidirectional""}",79b72acf,r2,3.6256915205227354,,6.755937453000001,0.0516175030000169,,,,,,,,,,,,0.0638073410320709,3.6256915205227354,4.485727684589985,,,
relgnn-es,rel-f1,driver-position,REGRESSION,0,10,mae,rtx-pro-6000,False,"{""aggr"": ""mean"", ""channels"": 256, ""lr"": 0.0030037592231, ""num_heads"": 4, ""num_model_layers"": 1, ""num_neighbors"": 64, ""subgraph_type"": ""directional""}",ce9904b8,r3,3.687530503180637,,7.241930306,0.0483389970000018,,,,,,,,,,,,0.0128779212611674,3.687530503180637,4.606125031234316,,,
relgnn-es,rel-f1,driver-position,REGRESSION,0,10,mae,rtx-pro-6000,False,"{""aggr"": ""sum"", ""channels"": 64, ""lr"": 0.00648886485, ""num_heads"": 4, ""num_model_layers"": 2, ""num_neighbors"": 128, ""subgraph_type"": ""bidirectional""}",f0bb2bad,r4,3.7909135347059273,,10.183836824999986,0.0495836450000126,,,,,,,,,,,,-0.0442885109775559,3.7909135347059273,4.7376234493952,,,
relgnn-es,rel-f1,driver-position,REGRESSION,0,10,mae,rtx-pro-6000,False,"{""aggr"": ""mean"", ""channels"": 256, ""lr"": 0.0030197929882, ""num_heads"": 2, ""num_model_layers"": 4, ""num_neighbors"": 128, ""subgraph_type"": ""directional""}",6f19af8d,r5,3.7259223609266874,,21.03114943099999,0.0921985260000042,,,,,,,,,,,,-0.0376821681777719,3.7259223609266874,4.722614177009393,,,
relgnn-es,rel-f1,driver-position,REGRESSION,0,10,mae,rtx-pro-6000,False,"{""aggr"": ""mean"", ""channels"": 256, ""lr"": 0.0037019789833, ""num_heads"": 16, ""num_model_layers"": 1, ""num_neighbors"": 256, ""subgraph_type"": ""bidirectional""}",012001ed,r6,3.6983211118536303,,22.154688649999997,0.1598311749999936,,,,,,,,,,,,0.0050627680732427,3.6983211118536303,4.6243226812382385,,,
relgnn-es,rel-f1,driver-position,REGRESSION,0,10,mae,rtx-pro-6000,False,"{""aggr"": ""mean"", ""channels"": 64, ""lr"": 0.0010442146945, ""num_heads"": 2, ""num_model_layers"": 2, ""num_neighbors"": 256, ""subgraph_type"": ""bidirectional""}",d2fbdf27,r7,4.307995621777409,,9.911241005999983,0.0519407900000032,,,,,,,,,,,,-0.2183719867947866,4.307995621777409,5.117292506508691,,,
relgnn-es,rel-f1,driver-position,REGRESSION,0,10,mae,rtx-pro-6000,False,"{""aggr"": ""mean"", ""channels"": 256, ""lr"": 0.0041460591823, ""num_heads"": 4, ""num_model_layers"": 2, ""num_neighbors"": 256, ""subgraph_type"": ""directional""}",f87e8891,r8,3.630974928346887,,16.198131482999997,0.0878922820000127,,,,,,,,,,,,0.0390768247267083,3.630974928346887,4.544589110202023,,,
relgnn-es,rel-f1,driver-position,REGRESSION,0,10,mae,rtx-pro-6000,False,"{""aggr"": ""mean"", ""channels"": 256, ""lr"": 0.004093508747, ""num_heads"": 8, ""num_model_layers"": 2, ""num_neighbors"": 64, ""subgraph_type"": ""bidirectional""}",79a48048,r9,3.792642079406208,,24.671545760999976,0.1202993470000137,,,,,,,,,,,,-0.0780296133587656,3.792642079406208,4.813551638229907,,,
relgnn-es,rel-f1,driver-position,REGRESSION,0,10,mae,rtx-pro-6000,False,"{""aggr"": ""sum"", ""channels"": 64, ""lr"": 0.0041393676084, ""num_heads"": 8, ""num_model_layers"": 2, ""num_neighbors"": 256, ""subgraph_type"": ""directional""}",c642344c,r10,3.6659471490817936,,9.27555566799998,0.0499616609999975,,,,,,,,,,,,0.0198282255768263,3.6659471490817936,4.589880575228946,,,
relgnn-es,rel-f1,driver-top3,BINARY_CLASSIFICATION,0,10,roc_auc,rtx-pro-6000,False,"{""aggr"": ""sum"", ""channels"": 128, ""lr"": 0.005, ""num_heads"": 8, ""num_model_layers"": 2, ""num_neighbors"": 128, ""simplified_MP"": false, ""subgraph_type"": ""directional""}",afe1474f,default,0.6285140922040457,0.7349563649665553,26.293358942,0.0953212460000116,4.354248616000007,0.1083533460000012,,0.2606731490201017,0.7976190476190477,0.0,0.6285140922040457,0.3121551995174988,0.8236914600550964,0.0,0.7349563649665553,,,,,,
relgnn-es,rel-f1,driver-top3,BINARY_CLASSIFICATION,0,10,roc_auc,rtx-pro-6000,True,"{""aggr"": ""sum"", ""channels"": 128, ""lr"": 0.0011394964521, ""num_heads"": 4, ""num_model_layers"": 2, ""num_neighbors"": 64, ""subgraph_type"": ""bidirectional""}",70b52bd0,r1,0.7079428786439949,0.7588641826923077,3.3174962270000066,0.079678530999999,7.794816945999997,0.0813672369999949,,0.3226084183790562,0.7295918367346939,0.4301075268817204,0.7079428786439949,0.3004369969578904,0.8236914600550964,0.0,0.7588641826923077,,,,,,
relgnn-es,rel-f1,driver-top3,BINARY_CLASSIFICATION,0,10,roc_auc,rtx-pro-6000,False,"{""aggr"": ""mean"", ""channels"": 128, ""lr"": 0.0018735112039, ""num_heads"": 4, ""num_model_layers"": 1, ""num_neighbors"": 256, ""subgraph_type"": ""bidirectional""}",79b72acf,r2,0.694468832309043,,2.4536488689999914,0.074652278000002,,,,0.3693048562910402,0.79421768707483,0.1768707482993197,0.694468832309043,,,,,,,,,,
relgnn-es,rel-f1,driver-top3,BINARY_CLASSIFICATION,0,10,roc_auc,rtx-pro-6000,False,"{""aggr"": ""mean"", ""channels"": 256, ""lr"": 0.0030037592231, ""num_heads"": 4, ""num_model_layers"": 1, ""num_neighbors"": 64, ""subgraph_type"": ""directional""}",ce9904b8,r3,0.6696887710308003,,2.5119683080000073,0.0698448460000094,,,,0.3358613777024177,0.4625850340136054,0.3992395437262357,0.6696887710308003,,,,,,,,,,
relgnn-es,rel-f1,driver-top3,BINARY_CLASSIFICATION,0,10,roc_auc,rtx-pro-6000,False,"{""aggr"": ""sum"", ""channels"": 64, ""lr"": 0.00648886485, ""num_heads"": 4, ""num_model_layers"": 2, ""num_neighbors"": 128, ""subgraph_type"": ""bidirectional""}",f0bb2bad,r4,0.6940567271684792,,2.9220303169999937,0.078240739999984,,,,0.3716248754733531,0.7976190476190477,0.0,0.6940567271684792,,,,,,,,,,
relgnn-es,rel-f1,driver-top3,BINARY_CLASSIFICATION,0,10,roc_auc,rtx-pro-6000,False,"{""aggr"": ""mean"", ""channels"": 256, ""lr"": 0.0030197929882, ""num_heads"": 2, ""num_model_layers"": 4, ""num_neighbors"": 128, ""subgraph_type"": ""directional""}",6f19af8d,r5,0.6636146996111878,,7.495484215000005,0.1387983310000038,,,,0.2983941744971797,0.7976190476190477,0.0,0.6636146996111878,,,,,,,,,,
relgnn-es,rel-f1,driver-top3,BINARY_CLASSIFICATION,0,10,roc_auc,rtx-pro-6000,False,"{""aggr"": ""mean"", ""channels"": 256, ""lr"": 0.0037019789833, ""num_heads"": 16, ""num_model_layers"": 1, ""num_neighbors"": 256, ""subgraph_type"": ""bidirectional""}",012001ed,r6,0.6696529358011861,,8.683588790000016,0.2120669280000129,,,,0.2673796462852918,0.2023809523809523,0.3366336633663366,0.6696529358011861,,,,,,,,,,
relgnn-es,rel-f1,driver-top3,BINARY_CLASSIFICATION,0,10,roc_auc,rtx-pro-6000,False,"{""aggr"": ""mean"", ""channels"": 64, ""lr"": 0.0010442146945, ""num_heads"": 2, ""num_model_layers"": 2, ""num_neighbors"": 256, ""subgraph_type"": ""bidirectional""}",d2fbdf27,r7,0.6869075988604397,,2.9425578280000195,0.0776780200000075,,,,0.3570149989361446,0.7976190476190477,0.0,0.6869075988604397,,,,,,,,,,
relgnn-es,rel-f1,driver-top3,BINARY_CLASSIFICATION,0,10,roc_auc,rtx-pro-6000,False,"{""aggr"": ""mean"", ""channels"": 256, ""lr"": 0.0041460591823, ""num_heads"": 4, ""num_model_layers"": 2, ""num_neighbors"": 256, ""subgraph_type"": ""directional""}",f87e8891,r8,0.5753973231083478,,5.802593454000004,0.1227742519999992,,,,0.2535347637870192,0.7976190476190477,0.0,0.5753973231083478,,,,,,,,,,
relgnn-es,rel-f1,driver-top3,BINARY_CLASSIFICATION,0,10,roc_auc,rtx-pro-6000,False,"{""aggr"": ""mean"", ""channels"": 256, ""lr"": 0.004093508747, ""num_heads"": 8, ""num_model_layers"": 2, ""num_neighbors"": 64, ""subgraph_type"": ""bidirectional""}",79a48048,r9,0.6881707907043415,,8.492975311999999,0.1636698730000034,,,,0.3210944042388056,0.4625850340136054,0.3992395437262357,0.6881707907043415,,,,,,,,,,
relgnn-es,rel-f1,driver-top3,BINARY_CLASSIFICATION,0,10,roc_auc,rtx-pro-6000,False,"{""aggr"": ""sum"", ""channels"": 64, ""lr"": 0.0041393676084, ""num_heads"": 8, ""num_model_layers"": 2, ""num_neighbors"": 256, ""subgraph_type"": ""directional""}",c642344c,r10,0.6691870778162011,,2.90296475400001,0.0751758339999923,,,,0.3565544188772769,0.5952380952380952,0.4079601990049751,0.6691870778162011,,,,,,,,,,
relgnn-es,rel-hm,item-sales,REGRESSION,0,10,mae,rtx-pro-6000,False,"{""aggr"": ""sum"", ""channels"": 128, ""lr"": 0.005, ""num_heads"": 8, ""num_model_layers"": 2, ""num_neighbors"": 128, ""simplified_MP"": false, ""subgraph_type"": ""directional""}",afe1474f,default,0.0689811684369445,0.0590459252734139,414.204185929,4.14182372199997,392.32837854100035,4.637362851000034,,,,,,,,,,0.1671841795537766,0.0689811684369445,0.6043981362103062,0.2021476508812216,0.0590459252734139,0.5204895227521582
relgnn-es,rel-hm,item-sales,REGRESSION,0,10,mae,rtx-pro-6000,False,"{""aggr"": ""sum"", ""channels"": 128, ""lr"": 0.0011394964521, ""num_heads"": 4, ""num_model_layers"": 2, ""num_neighbors"": 64, ""subgraph_type"": ""bidirectional""}",70b52bd0,r1,0.0683417519563815,,338.331216352,3.233563742000001,,,,,,,,,,,,0.1652482637070722,0.0683417519563815,0.6051002030564187,,,
relgnn-es,rel-hm,item-sales,REGRESSION,0,10,mae,rtx-pro-6000,False,"{""aggr"": ""mean"", ""channels"": 128, ""lr"": 0.0018735112039, ""num_heads"": 4, ""num_model_layers"": 1, ""num_neighbors"": 256, ""subgraph_type"": ""bidirectional""}",79b72acf,r2,0.0687998029582634,,414.10473457,5.097175542000059,,,,,,,,,,,,0.1632813885856634,0.0687998029582634,0.6058126641600453,,,
relgnn-es,rel-hm,item-sales,REGRESSION,0,10,mae,rtx-pro-6000,False,"{""aggr"": ""mean"", ""channels"": 256, ""lr"": 0.0030037592231, ""num_heads"": 4, ""num_model_layers"": 1, ""num_neighbors"": 64, ""subgraph_type"": ""directional""}",ce9904b8,r3,0.070447331501903,,296.024553599,2.988973838999982,,,,,,,,,,,,0.1592703609000811,0.070447331501903,0.6072629881804027,,,
relgnn-es,rel-hm,item-sales,REGRESSION,0,10,mae,rtx-pro-6000,False,"{""aggr"": ""sum"", ""channels"": 64, ""lr"": 0.00648886485, ""num_heads"": 4, ""num_model_layers"": 2, ""num_neighbors"": 128, ""subgraph_type"": ""bidirectional""}",f0bb2bad,r4,0.0679382320460232,,393.6562334790001,4.687853753000127,,,,,,,,,,,,0.1740441364908914,0.0679382320460232,0.6019037560322916,,,
relgnn-es,rel-hm,item-sales,REGRESSION,0,10,mae,rtx-pro-6000,False,"{""aggr"": ""mean"", ""channels"": 256, ""lr"": 0.0030197929882, ""num_heads"": 2, ""num_model_layers"": 4, ""num_neighbors"": 128, ""subgraph_type"": ""directional""}",6f19af8d,r5,0.085690221805826,,466.44906563700033,5.203959342999951,,,,,,,,,,,,-0.0167403782891157,0.085690221805826,0.6678111543867765,,,
relgnn-es,rel-hm,item-sales,REGRESSION,0,10,mae,rtx-pro-6000,False,"{""aggr"": ""mean"", ""channels"": 256, ""lr"": 0.0037019789833, ""num_heads"": 16, ""num_model_layers"": 1, ""num_neighbors"": 256, ""subgraph_type"": ""bidirectional""}",012001ed,r6,0.0684993797397735,,636.1115722029999,9.117058455000006,,,,,,,,,,,,0.1628762749261458,0.0684993797397735,0.6059593044299154,,,
relgnn-es,rel-hm,item-sales,REGRESSION,0,10,mae,rtx-pro-6000,True,"{""aggr"": ""mean"", ""channels"": 64, ""lr"": 0.0010442146945, ""num_heads"": 2, ""num_model_layers"": 2, ""num_neighbors"": 256, ""subgraph_type"": ""bidirectional""}",d2fbdf27,r7,0.0665162639083733,0.0564925577047385,482.2310348840001,5.018476827000086,541.1792521990001,5.758874653000021,,,,,,,,,,0.1804330938634925,0.0665162639083733,0.5995713052082853,0.2025799843755829,0.0564925577047385,0.5203484844094565
relgnn-es,rel-hm,item-sales,REGRESSION,0,10,mae,rtx-pro-6000,False,"{""aggr"": ""mean"", ""channels"": 256, ""lr"": 0.0041460591823, ""num_heads"": 4, ""num_model_layers"": 2, ""num_neighbors"": 256, ""subgraph_type"": ""directional""}",f87e8891,r8,0.0681811171125939,,486.7748761550002,6.216506291999849,,,,,,,,,,,,0.1696210675321573,0.0681811171125939,0.6035132289379319,,,
relgnn-es,rel-hm,item-sales,REGRESSION,0,10,mae,rtx-pro-6000,False,"{""aggr"": ""mean"", ""channels"": 256, ""lr"": 0.004093508747, ""num_heads"": 8, ""num_model_layers"": 2, ""num_neighbors"": 64, ""subgraph_type"": ""bidirectional""}",79a48048,r9,0.0701312430166709,,402.5121161560001,4.419430317999286,,,,,,,,,,,,0.1523230603433106,0.0701312430166709,0.6097668601854275,,,
relgnn-es,rel-hm,item-sales,REGRESSION,0,10,mae,rtx-pro-6000,False,"{""aggr"": ""sum"", ""channels"": 64, ""lr"": 0.0041393676084, ""num_heads"": 8, ""num_model_layers"": 2, ""num_neighbors"": 256, ""subgraph_type"": ""directional""}",c642344c,r10,0.0677569849182927,,426.7055928910004,4.8964782530001685,,,,,,,,,,,,0.1789488213503337,0.0677569849182927,0.6001139849097459,,,
relgnn-es,rel-hm,user-churn,BINARY_CLASSIFICATION,0,10,roc_auc,rtx-pro-6000,False,"{""aggr"": ""sum"", ""channels"": 128, ""lr"": 0.005, ""num_heads"": 8, ""num_model_layers"": 2, ""num_neighbors"": 128, ""simplified_MP"": false, ""subgraph_type"": ""directional""}",afe1474f,default,0.6889145409854297,0.667341334867652,614.451275197,5.187244042999964,552.7474289990005,5.029799727999489,,0.8960954990405476,0.8118501489106014,0.8932436038065874,0.6889145409854297,0.8956823059481005,0.8261347636607442,0.9047905774540328,0.667341334867652,,,,,,
relgnn-es,rel-hm,user-churn,BINARY_CLASSIFICATION,0,10,roc_auc,rtx-pro-6000,True,"{""aggr"": ""sum"", ""channels"": 128, ""lr"": 0.0011394964521, ""num_heads"": 4, ""num_model_layers"": 2, ""num_neighbors"": 64, ""subgraph_type"": ""bidirectional""}",70b52bd0,r1,0.6981068161777706,0.6820251445060446,570.9007562740001,5.043344146999971,574.7857049950007,4.7930011440003,,0.8993070656840667,0.8160039709493704,0.8975235711791409,0.6981068161777706,0.9020910189143172,0.8217901441501844,0.9000075238883455,0.6820251445060446,,,,,,
relgnn-es,rel-hm,user-churn,BINARY_CLASSIFICATION,0,10,roc_auc,rtx-pro-6000,False,"{""aggr"": ""mean"", ""channels"": 128, ""lr"": 0.0018735112039, ""num_heads"": 4, ""num_model_layers"": 1, ""num_neighbors"": 256, ""subgraph_type"": ""bidirectional""}",79b72acf,r2,0.6576990197802576,,566.9106534950001,5.720806184999901,,,,0.8843726442552629,0.8128036992528346,0.8967365849792118,0.6576990197802576,,,,,,,,,,
relgnn-es,rel-hm,user-churn,BINARY_CLASSIFICATION,0,10,roc_auc,rtx-pro-6000,False,"{""aggr"": ""mean"", ""channels"": 256, ""lr"": 0.0030037592231, ""num_heads"": 4, ""num_model_layers"": 1, ""num_neighbors"": 64, ""subgraph_type"": ""directional""}",ce9904b8,r3,0.6648179041021721,,605.9282447380001,4.878075316999912,,,,0.8883077463379797,0.8128036992528346,0.8967365849792118,0.6648179041021721,,,,,,,,,,
relgnn-es,rel-hm,user-churn,BINARY_CLASSIFICATION,0,10,roc_auc,rtx-pro-6000,False,"{""aggr"": ""sum"", ""channels"": 64, ""lr"": 0.00648886485, ""num_heads"": 4, ""num_model_layers"": 2, ""num_neighbors"": 128, ""subgraph_type"": ""bidirectional""}",f0bb2bad,r4,0.6833695154219701,,596.4897559659998,5.238187978000042,,,,0.8938288536813297,0.8127253252521031,0.8958059288221571,0.6833695154219701,,,,,,,,,,
relgnn-es,rel-hm,user-churn,BINARY_CLASSIFICATION,0,10,roc_auc,rtx-pro-6000,False,"{""aggr"": ""mean"", ""channels"": 256, ""lr"": 0.0030197929882, ""num_heads"": 2, ""num_model_layers"": 4, ""num_neighbors"": 128, ""subgraph_type"": ""directional""}",6f19af8d,r5,0.676194911788129,,667.8519378689998,5.72480382699996,,,,0.8916551903570845,0.8128036992528346,0.8967365849792118,0.676194911788129,,,,,,,,,,
relgnn-es,rel-hm,user-churn,BINARY_CLASSIFICATION,0,10,roc_auc,rtx-pro-6000,False,"{""aggr"": ""mean"", ""channels"": 256, ""lr"": 0.0037019789833, ""num_heads"": 16, ""num_model_layers"": 1, ""num_neighbors"": 256, ""subgraph_type"": ""bidirectional""}",012001ed,r6,0.663184726914676,,608.3844357490002,6.642712644999847,,,,0.8876101180211818,0.8128036992528346,0.8967365849792118,0.663184726914676,,,,,,,,,,
relgnn-es,rel-hm,user-churn,BINARY_CLASSIFICATION,0,10,roc_auc,rtx-pro-6000,False,"{""aggr"": ""mean"", ""channels"": 64, ""lr"": 0.0010442146945, ""num_heads"": 2, ""num_model_layers"": 2, ""num_neighbors"": 256, ""subgraph_type"": ""bidirectional""}",d2fbdf27,r7,0.6973306992887188,,595.3555101719994,5.295116938999854,,,,0.8985938273811651,0.8148152986049428,0.8951320003846467,0.6973306992887188,,,,,,,,,,
relgnn-es,rel-hm,user-churn,BINARY_CLASSIFICATION,0,10,roc_auc,rtx-pro-6000,False,"{""aggr"": ""mean"", ""channels"": 256, ""lr"": 0.0041460591823, ""num_heads"": 4, ""num_model_layers"": 2, ""num_neighbors"": 256, ""subgraph_type"": ""directional""}",f87e8891,r8,0.6700716019090516,,591.4886548759996,5.661074495999856,,,,0.8889323848149653,0.8128036992528346,0.8967365849792118,0.6700716019090516,,,,,,,,,,
relgnn-es,rel-hm,user-churn,BINARY_CLASSIFICATION,0,10,roc_auc,rtx-pro-6000,False,"{""aggr"": ""mean"", ""channels"": 256, ""lr"": 0.004093508747, ""num_heads"": 8, ""num_model_layers"": 2, ""num_neighbors"": 64, ""subgraph_type"": ""bidirectional""}",79a48048,r9,0.6734315563176183,,628.2489829840006,6.068561905000024,,,,0.8906723368289478,0.8128036992528346,0.8967365849792118,0.6734315563176183,,,,,,,,,,
relgnn-es,rel-hm,user-churn,BINARY_CLASSIFICATION,0,10,roc_auc,rtx-pro-6000,False,"{""aggr"": ""sum"", ""channels"": 64, ""lr"": 0.0041393676084, ""num_heads"": 8, ""num_model_layers"": 2, ""num_neighbors"": 256, ""subgraph_type"": ""directional""}",c642344c,r10,0.6856510820522166,,587.0583736199997,5.199555346000125,,,,0.8948013927454834,0.7940984377449187,0.8794813178075279,0.6856510820522166,,,,,,,,,,
relgnn-es,rel-stack,post-votes,REGRESSION,0,10,mae,rtx-pro-6000,False,"{""aggr"": ""sum"", ""channels"": 128, ""lr"": 0.005, ""num_heads"": 8, ""num_model_layers"": 2, ""num_neighbors"": 128, ""simplified_MP"": false, ""subgraph_type"": ""directional""}",afe1474f,default,0.0616902224719524,0.0679042637348175,1423.381465777,12.78312072499989,1357.4280408560007,3.1560693440005707,,,,,,,,,,-0.0284039974212646,0.0616902224719524,0.3712007403373718,-0.0338497161865234,0.0679042637348175,0.3752734959125519
relgnn-es,rel-stack,post-votes,REGRESSION,0,10,mae,rtx-pro-6000,False,"{""aggr"": ""sum"", ""channels"": 128, ""lr"": 0.0011394964521, ""num_heads"": 4, ""num_model_layers"": 2, ""num_neighbors"": 64, ""subgraph_type"": ""bidirectional""}",70b52bd0,r1,0.0616901628673076,,1215.6838243400002,9.587963307999871,,,,,,,,,,,,-0.0283944606781005,0.0616901628673076,0.3711990118026733,,,
relgnn-es,rel-stack,post-votes,REGRESSION,0,10,mae,rtx-pro-6000,False,"{""aggr"": ""mean"", ""channels"": 128, ""lr"": 0.0018735112039, ""num_heads"": 4, ""num_model_layers"": 1, ""num_neighbors"": 256, ""subgraph_type"": ""bidirectional""}",79b72acf,r2,0.0616901852190494,,1170.203106241,11.568713328000284,,,,,,,,,,,,-0.0283969640731811,0.0616901852190494,0.3711994290351867,,,
relgnn-es,rel-stack,post-votes,REGRESSION,0,10,mae,rtx-pro-6000,False,"{""aggr"": ""mean"", ""channels"": 256, ""lr"": 0.0030037592231, ""num_heads"": 4, ""num_model_layers"": 1, ""num_neighbors"": 64, ""subgraph_type"": ""directional""}",ce9904b8,r3,0.0616902224719524,,957.5532906200006,9.290803596999467,,,,,,,,,,,,-0.0284039974212646,0.0616902224719524,0.3712007403373718,,,
relgnn-es,rel-stack,post-votes,REGRESSION,0,10,mae,rtx-pro-6000,False,"{""aggr"": ""sum"", ""channels"": 64, ""lr"": 0.00648886485, ""num_heads"": 4, ""num_model_layers"": 2, ""num_neighbors"": 128, ""subgraph_type"": ""bidirectional""}",f0bb2bad,r4,0.0616902224719524,,1326.2437985650004,11.285044769000706,,,,,,,,,,,,-0.0284039974212646,0.0616902224719524,0.3712007403373718,,,
relgnn-es,rel-stack,post-votes,REGRESSION,0,10,mae,rtx-pro-6000,False,"{""aggr"": ""mean"", ""channels"": 256, ""lr"": 0.0030197929882, ""num_heads"": 2, ""num_model_layers"": 4, ""num_neighbors"": 128, ""subgraph_type"": ""directional""}",6f19af8d,r5,0.0616902224719524,,2095.285831765,15.951702598000338,,,,,,,,,,,,-0.0284039974212646,0.0616902224719524,0.3712007403373718,,,
relgnn-es,rel-stack,post-votes,REGRESSION,0,10,mae,rtx-pro-6000,False,"{""aggr"": ""mean"", ""channels"": 256, ""lr"": 0.0037019789833, ""num_heads"": 16, ""num_model_layers"": 1, ""num_neighbors"": 256, ""subgraph_type"": ""bidirectional""}",012001ed,r6,0.061689767986536,,2265.3371607029985,23.325756854001156,,,,,,,,,,,,-0.0283386707305908,0.061689767986536,0.3711889386177063,,,
relgnn-es,rel-stack,post-votes,REGRESSION,0,10,mae,rtx-pro-6000,True,"{""aggr"": ""mean"", ""channels"": 64, ""lr"": 0.0010442146945, ""num_heads"": 2, ""num_model_layers"": 2, ""num_neighbors"": 256, ""subgraph_type"": ""bidirectional""}",d2fbdf27,r7,0.0616891607642173,0.0679042637348175,1546.0181842519996,14.32389226000123,1502.404781628,3.938640514999861,,,,,,,,,,-0.0282412767410278,0.0616891607642173,0.3711713552474975,-0.0338497161865234,0.0679042637348175,0.3752734959125519
relgnn-es,rel-stack,post-votes,REGRESSION,0,10,mae,rtx-pro-6000,False,"{""aggr"": ""mean"", ""channels"": 256, ""lr"": 0.0041460591823, ""num_heads"": 4, ""num_model_layers"": 2, ""num_neighbors"": 256, ""subgraph_type"": ""directional""}",f87e8891,r8,0.0616902224719524,,1837.0851713659997,15.89953067100032,,,,,,,,,,,,-0.0284039974212646,0.0616902224719524,0.3712007403373718,,,
relgnn-es,rel-stack,post-votes,REGRESSION,0,10,mae,rtx-pro-6000,False,"{""aggr"": ""mean"", ""channels"": 256, ""lr"": 0.004093508747, ""num_heads"": 8, ""num_model_layers"": 2, ""num_neighbors"": 64, ""subgraph_type"": ""bidirectional""}",79a48048,r9,0.0616902224719524,,1860.761007706,15.055517593000332,,,,,,,,,,,,-0.0284039974212646,0.0616902224719524,0.3712007403373718,,,
relgnn-es,rel-stack,post-votes,REGRESSION,0,10,mae,rtx-pro-6000,False,"{""aggr"": ""sum"", ""channels"": 64, ""lr"": 0.0041393676084, ""num_heads"": 8, ""num_model_layers"": 2, ""num_neighbors"": 256, ""subgraph_type"": ""directional""}",c642344c,r10,0.0616902224719524,,1449.598284405001,12.331861299000591,,,,,,,,,,,,-0.0284039974212646,0.0616902224719524,0.3712007403373718,,,
relgnn-es,rel-stack,user-badge,BINARY_CLASSIFICATION,0,10,roc_auc,rtx-pro-6000,False,"{""aggr"": ""sum"", ""channels"": 128, ""lr"": 0.005, ""num_heads"": 8, ""num_model_layers"": 2, ""num_neighbors"": 128, ""simplified_MP"": false, ""subgraph_type"": ""directional""}",afe1474f,default,0.8873816161037416,0.6041028259734403,1006.105328044,9.75065491500004,967.1678789050002,4.75479689399981,,0.3199503634442609,0.9718388992635348,0.1894124490983129,0.8873816161037416,0.0380135412637789,0.973625469924812,0.0,0.6041028259734403,,,,,,
relgnn-es,rel-stack,user-badge,BINARY_CLASSIFICATION,0,10,roc_auc,rtx-pro-6000,False,"{""aggr"": ""sum"", ""channels"": 128, ""lr"": 0.0011394964521, ""num_heads"": 4, ""num_model_layers"": 2, ""num_neighbors"": 64, ""subgraph_type"": ""bidirectional""}",70b52bd0,r1,0.8921993035370914,,958.895443839,10.186997696000162,,,,0.3385068950224667,0.9720369606868284,0.1254108723135271,0.8921993035370914,,,,,,,,,,
relgnn-es,rel-stack,user-badge,BINARY_CLASSIFICATION,0,10,roc_auc,rtx-pro-6000,False,"{""aggr"": ""mean"", ""channels"": 128, ""lr"": 0.0018735112039, ""num_heads"": 4, ""num_model_layers"": 1, ""num_neighbors"": 256, ""subgraph_type"": ""bidirectional""}",79b72acf,r2,0.887212137621429,,694.8709775109996,8.311731890999909,,,,0.3197651683029692,0.9720612131060072,0.204602991944764,0.887212137621429,,,,,,,,,,
relgnn-es,rel-stack,user-badge,BINARY_CLASSIFICATION,0,10,roc_auc,rtx-pro-6000,False,"{""aggr"": ""mean"", ""channels"": 256, ""lr"": 0.0030037592231, ""num_heads"": 4, ""num_model_layers"": 1, ""num_neighbors"": 64, ""subgraph_type"": ""directional""}",ce9904b8,r3,0.8860763402239888,,674.4537533719999,8.30076599799986,,,,0.3182021382289039,0.9719116565210714,0.1330006238303181,0.8860763402239888,,,,,,,,,,
relgnn-es,rel-stack,user-badge,BINARY_CLASSIFICATION,0,10,roc_auc,rtx-pro-6000,False,"{""aggr"": ""sum"", ""channels"": 64, ""lr"": 0.00648886485, ""num_heads"": 4, ""num_model_layers"": 2, ""num_neighbors"": 128, ""subgraph_type"": ""bidirectional""}",f0bb2bad,r4,0.8888412008789099,,971.3181979279998,9.556976070999552,,,,0.3216602412761309,0.9718631516827136,0.2177772783458815,0.8888412008789099,,,,,,,,,,
relgnn-es,rel-stack,user-badge,BINARY_CLASSIFICATION,0,10,roc_auc,rtx-pro-6000,False,"{""aggr"": ""mean"", ""channels"": 256, ""lr"": 0.0030197929882, ""num_heads"": 2, ""num_model_layers"": 4, ""num_neighbors"": 128, ""subgraph_type"": ""directional""}",6f19af8d,r5,0.8874489292737496,,1548.2581917930002,14.051510959000552,,,,0.3219687206989318,0.9719965399881972,0.1495212374171372,0.8874489292737496,,,,,,,,,,
relgnn-es,rel-stack,user-badge,BINARY_CLASSIFICATION,0,10,roc_auc,rtx-pro-6000,False,"{""aggr"": ""mean"", ""channels"": 256, ""lr"": 0.0037019789833, ""num_heads"": 16, ""num_model_layers"": 1, ""num_neighbors"": 256, ""subgraph_type"": ""bidirectional""}",012001ed,r6,0.8858192102638616,,733.0123171279993,9.729369087000125,,,,0.3196304019405294,0.971992497918334,0.2238153915089055,0.8858192102638616,,,,,,,,,,
relgnn-es,rel-stack,user-badge,BINARY_CLASSIFICATION,0,10,roc_auc,rtx-pro-6000,True,"{""aggr"": ""mean"", ""channels"": 64, ""lr"": 0.0010442146945, ""num_heads"": 2, ""num_model_layers"": 2, ""num_neighbors"": 256, ""subgraph_type"": ""bidirectional""}",d2fbdf27,r7,0.8937576299637793,0.6205836630047294,996.5016329660002,10.135354738999922,1009.8816858420014,4.86005484099951,,0.3371256050459369,0.9723967049046476,0.2050983587475265,0.8937576299637793,0.0417442614911314,0.973625469924812,0.0,0.6205836630047294,,,,,,
relgnn-es,rel-stack,user-badge,BINARY_CLASSIFICATION,0,10,roc_auc,rtx-pro-6000,False,"{""aggr"": ""mean"", ""channels"": 256, ""lr"": 0.0041460591823, ""num_heads"": 4, ""num_model_layers"": 2, ""num_neighbors"": 256, ""subgraph_type"": ""directional""}",f87e8891,r8,0.8865807478850443,,996.0401698099996,10.9734227429999,,,,0.3187433179255368,0.9714993653950316,0.0808238821535653,0.8865807478850443,,,,,,,,,,
relgnn-es,rel-stack,user-badge,BINARY_CLASSIFICATION,0,10,roc_auc,rtx-pro-6000,False,"{""aggr"": ""mean"", ""channels"": 256, ""lr"": 0.004093508747, ""num_heads"": 8, ""num_model_layers"": 2, ""num_neighbors"": 64, ""subgraph_type"": ""bidirectional""}",79a48048,r9,0.8862251920271663,,997.1810036919996,10.64826314200036,,,,0.3128913011914014,0.9718267730539456,0.1968195436736575,0.8862251920271663,,,,,,,,,,
relgnn-es,rel-stack,user-badge,BINARY_CLASSIFICATION,0,10,roc_auc,rtx-pro-6000,False,"{""aggr"": ""sum"", ""channels"": 64, ""lr"": 0.0041393676084, ""num_heads"": 8, ""num_model_layers"": 2, ""num_neighbors"": 256, ""subgraph_type"": ""directional""}",c642344c,r10,0.890325003996681,,959.4358280449997,9.597389910999482,,,,0.3213204511208041,0.9717540157964092,0.110941475826972,0.890325003996681,,,,,,,,,,
relgnn-es,rel-stack,user-engagement,BINARY_CLASSIFICATION,0,10,roc_auc,rtx-pro-6000,False,"{""aggr"": ""sum"", ""channels"": 128, ""lr"": 0.005, ""num_heads"": 8, ""num_model_layers"": 2, ""num_neighbors"": 128, ""simplified_MP"": false, ""subgraph_type"": ""directional""}",afe1474f,default,0.8978966081720858,0.8977807482721589,1047.336295364,4.379773978000003,1005.631287573,4.448824335999234,,0.3805240301863034,0.9745994756772502,0.2340126493323963,0.8978966081720858,0.3776054016485016,0.975197703575116,0.2253720765414599,0.8977807482721589,,,,,,
relgnn-es,rel-stack,user-engagement,BINARY_CLASSIFICATION,0,10,roc_auc,rtx-pro-6000,False,"{""aggr"": ""sum"", ""channels"": 128, ""lr"": 0.0011394964521, ""num_heads"": 4, ""num_model_layers"": 2, ""num_neighbors"": 64, ""subgraph_type"": ""bidirectional""}",70b52bd0,r1,0.900737313861799,,1013.4386295600002,4.220899900999939,,,,0.3969378821026704,0.9754616953102244,0.3292993630573248,0.900737313861799,,,,,,,,,,
relgnn-es,rel-stack,user-engagement,BINARY_CLASSIFICATION,0,10,roc_auc,rtx-pro-6000,False,"{""aggr"": ""mean"", ""channels"": 128, ""lr"": 0.0018735112039, ""num_heads"": 4, ""num_model_layers"": 1, ""num_neighbors"": 256, ""subgraph_type"": ""bidirectional""}",79b72acf,r2,0.8976644328831955,,781.2512329379997,3.9752877749997424,,,,0.3759558661476672,0.9747509466938538,0.2902063544055028,0.8976644328831955,,,,,,,,,,
relgnn-es,rel-stack,user-engagement,BINARY_CLASSIFICATION,0,10,roc_auc,rtx-pro-6000,False,"{""aggr"": ""mean"", ""channels"": 256, ""lr"": 0.0030037592231, ""num_heads"": 4, ""num_model_layers"": 1, ""num_neighbors"": 64, ""subgraph_type"": ""directional""}",ce9904b8,r3,0.8974643318538866,,753.889171585,3.587789303000136,,,,0.3834954387138078,0.9750771919603844,0.2952224052718287,0.8974643318538866,,,,,,,,,,
relgnn-es,rel-stack,user-engagement,BINARY_CLASSIFICATION,0,10,roc_auc,rtx-pro-6000,False,"{""aggr"": ""sum"", ""channels"": 64, ""lr"": 0.00648886485, ""num_heads"": 4, ""num_model_layers"": 2, ""num_neighbors"": 128, ""subgraph_type"": ""bidirectional""}",f0bb2bad,r4,0.8992623288994575,,1103.032910626,4.383870114999809,,,,0.3892939093124303,0.9749956306437518,0.2813127930341594,0.8992623288994575,,,,,,,,,,
relgnn-es,rel-stack,user-engagement,BINARY_CLASSIFICATION,0,10,roc_auc,rtx-pro-6000,False,"{""aggr"": ""mean"", ""channels"": 256, ""lr"": 0.0030197929882, ""num_heads"": 2, ""num_model_layers"": 4, ""num_neighbors"": 128, ""subgraph_type"": ""directional""}",6f19af8d,r5,0.8945083132843675,,1548.9657120299998,5.81142834000002,,,,0.3806572715581737,0.9747859015438392,0.3095086151882578,0.8945083132843675,,,,,,,,,,
relgnn-es,rel-stack,user-engagement,BINARY_CLASSIFICATION,0,10,roc_auc,rtx-pro-6000,False,"{""aggr"": ""mean"", ""channels"": 256, ""lr"": 0.0037019789833, ""num_heads"": 16, ""num_model_layers"": 1, ""num_neighbors"": 256, ""subgraph_type"": ""bidirectional""}",012001ed,r6,0.8989049730692309,,950.376028058,5.783611500999541,,,,0.3927488787256912,0.9750072822604136,0.3319838056680162,0.8989049730692309,,,,,,,,,,
relgnn-es,rel-stack,user-engagement,BINARY_CLASSIFICATION,0,10,roc_auc,rtx-pro-6000,True,"{""aggr"": ""mean"", ""channels"": 64, ""lr"": 0.0010442146945, ""num_heads"": 2, ""num_model_layers"": 2, ""num_neighbors"": 256, ""subgraph_type"": ""bidirectional""}",d2fbdf27,r7,0.9036975973736406,0.9050544773397768,1066.8179907680003,4.584923403001085,1099.953110185999,4.955940996998834,,0.4041051299352838,0.975228662976988,0.3430160692212608,0.9036975973736406,0.3974040637492533,0.9753565471935736,0.3152585119798234,0.9050544773397768,,,,,,
relgnn-es,rel-stack,user-engagement,BINARY_CLASSIFICATION,0,10,roc_auc,rtx-pro-6000,False,"{""aggr"": ""mean"", ""channels"": 256, ""lr"": 0.0041460591823, ""num_heads"": 4, ""num_model_layers"": 2, ""num_neighbors"": 256, ""subgraph_type"": ""directional""}",f87e8891,r8,0.8978326963173627,,1066.4561886610009,4.823545204999391,,,,0.3837599959928937,0.9750655403437228,0.2765382014874915,0.8978326963173627,,,,,,,,,,
relgnn-es,rel-stack,user-engagement,BINARY_CLASSIFICATION,0,10,roc_auc,rtx-pro-6000,False,"{""aggr"": ""mean"", ""channels"": 256, ""lr"": 0.004093508747, ""num_heads"": 8, ""num_model_layers"": 2, ""num_neighbors"": 64, ""subgraph_type"": ""bidirectional""}",79a48048,r9,0.897283338364072,,1159.5693656799997,5.4473684019994835,,,,0.3854368739599048,0.9747625983105156,0.2566918325326012,0.897283338364072,,,,,,,,,,
relgnn-es,rel-stack,user-engagement,BINARY_CLASSIFICATION,0,10,roc_auc,rtx-pro-6000,False,"{""aggr"": ""sum"", ""channels"": 64, ""lr"": 0.0041393676084, ""num_heads"": 8, ""num_model_layers"": 2, ""num_neighbors"": 256, ""subgraph_type"": ""directional""}",c642344c,r10,0.9005254767674891,,1032.1409196959994,4.419797488999393,,,,0.397355468909232,0.974121759394116,0.3670561413508122,0.9005254767674891,,,,,,,,,,
relgnn-es,rel-trial,site-success,REGRESSION,0,10,mae,rtx-pro-6000,False,"{""aggr"": ""sum"", ""channels"": 128, ""lr"": 0.005, ""num_heads"": 8, ""num_model_layers"": 2, ""num_neighbors"": 128, ""simplified_MP"": false, ""subgraph_type"": ""directional""}",afe1474f,default,0.3771393439784414,0.390125871584996,227.007514985,1.3153017989999969,181.4079622860004,1.5910625740002615,,,,,,,,,,-0.435195945451551,0.3771393439784414,0.5722757847804191,-0.5104565969826023,0.390125871584996,0.5914228712546304
relgnn-es,rel-trial,site-success,REGRESSION,0,10,mae,rtx-pro-6000,False,"{""aggr"": ""sum"", ""channels"": 128, ""lr"": 0.0011394964521, ""num_heads"": 4, ""num_model_layers"": 2, ""num_neighbors"": 64, ""subgraph_type"": ""bidirectional""}",70b52bd0,r1,0.3946644973624243,,175.40734469200004,1.2458959550000372,,,,,,,,,,,,-0.3775661544666673,0.3946644973624243,0.5606683003854651,,,
relgnn-es,rel-trial,site-success,REGRESSION,0,10,mae,rtx-pro-6000,False,"{""aggr"": ""mean"", ""channels"": 128, ""lr"": 0.0018735112039, ""num_heads"": 4, ""num_model_layers"": 1, ""num_neighbors"": 256, ""subgraph_type"": ""bidirectional""}",79b72acf,r2,0.3733807833820484,,125.98592164299998,1.2995479310000064,,,,,,,,,,,,-0.3563544307875435,0.3733807833820484,0.5563349774660448,,,
relgnn-es,rel-trial,site-success,REGRESSION,0,10,mae,rtx-pro-6000,False,"{""aggr"": ""mean"", ""channels"": 256, ""lr"": 0.0030037592231, ""num_heads"": 4, ""num_model_layers"": 1, ""num_neighbors"": 64, ""subgraph_type"": ""directional""}",ce9904b8,r3,0.403124065246829,,110.64036406900004,0.970093456000086,,,,,,,,,,,,-0.5018852064506321,0.403124065246829,0.5854207880272639,,,
relgnn-es,rel-trial,site-success,REGRESSION,0,10,mae,rtx-pro-6000,False,"{""aggr"": ""sum"", ""channels"": 64, ""lr"": 0.00648886485, ""num_heads"": 4, ""num_model_layers"": 2, ""num_neighbors"": 128, ""subgraph_type"": ""bidirectional""}",f0bb2bad,r4,0.3998552440804268,,187.94376980000004,1.3630233640000142,,,,,,,,,,,,-0.5203857103054208,0.3998552440804268,0.5890154136615117,,,
relgnn-es,rel-trial,site-success,REGRESSION,0,10,mae,rtx-pro-6000,False,"{""aggr"": ""mean"", ""channels"": 256, ""lr"": 0.0030197929882, ""num_heads"": 2, ""num_model_layers"": 4, ""num_neighbors"": 128, ""subgraph_type"": ""directional""}",6f19af8d,r5,0.4683825192169318,,264.33551033000003,1.5932283060001282,,,,,,,,,,,,-0.4329229342187237,0.4683825192169318,0.5718224304021655,,,
relgnn-es,rel-trial,site-success,REGRESSION,0,10,mae,rtx-pro-6000,False,"{""aggr"": ""mean"", ""channels"": 256, ""lr"": 0.0037019789833, ""num_heads"": 16, ""num_model_layers"": 1, ""num_neighbors"": 256, ""subgraph_type"": ""bidirectional""}",012001ed,r6,0.3998964920541922,,156.09577438099996,1.952206574999991,,,,,,,,,,,,-0.446323140619189,0.3998964920541922,0.5744899526134741,,,
relgnn-es,rel-trial,site-success,REGRESSION,0,10,mae,rtx-pro-6000,False,"{""aggr"": ""mean"", ""channels"": 64, ""lr"": 0.0010442146945, ""num_heads"": 2, ""num_model_layers"": 2, ""num_neighbors"": 256, ""subgraph_type"": ""bidirectional""}",d2fbdf27,r7,0.3787852899119288,,191.6284835880001,1.48310629599996,,,,,,,,,,,,-0.4562739606204247,0.3787852899119288,0.5764628336676022,,,
relgnn-es,rel-trial,site-success,REGRESSION,0,10,mae,rtx-pro-6000,False,"{""aggr"": ""mean"", ""channels"": 256, ""lr"": 0.0041460591823, ""num_heads"": 4, ""num_model_layers"": 2, ""num_neighbors"": 256, ""subgraph_type"": ""directional""}",f87e8891,r8,0.3823344848263651,,187.74254961799988,1.4775721819999037,,,,,,,,,,,,-0.5724679151957623,0.3823344848263651,0.5990190949396119,,,
relgnn-es,rel-trial,site-success,REGRESSION,0,10,mae,rtx-pro-6000,False,"{""aggr"": ""mean"", ""channels"": 256, ""lr"": 0.004093508747, ""num_heads"": 8, ""num_model_layers"": 2, ""num_neighbors"": 64, ""subgraph_type"": ""bidirectional""}",79a48048,r9,0.3946810687971195,,163.03758203199982,1.3803689320000103,,,,,,,,,,,,-0.4787908470954038,0.3946810687971195,0.5809023684012441,,,
relgnn-es,rel-trial,site-success,REGRESSION,0,10,mae,rtx-pro-6000,True,"{""aggr"": ""sum"", ""channels"": 64, ""lr"": 0.0041393676084, ""num_heads"": 8, ""num_model_layers"": 2, ""num_neighbors"": 256, ""subgraph_type"": ""directional""}",c642344c,r10,0.37050105038625,0.3404932116601677,168.2852960839998,1.199280988999817,219.86580678200016,1.5666561769999134,,,,,,,,,,-0.3607134715077991,0.37050105038625,0.55722823274634,-0.2736086067961523,0.3404932116601677,0.543077716008042
relgnn-es,rel-trial,study-adverse,REGRESSION,0,10,mae,rtx-pro-6000,False,"{""aggr"": ""sum"", ""channels"": 128, ""lr"": 0.005, ""num_heads"": 8, ""num_model_layers"": 2, ""num_neighbors"": 128, ""simplified_MP"": false, ""subgraph_type"": ""directional""}",afe1474f,default,49.62274909680202,46.12026601444913,107.178181322,0.3611801650000075,55.26474122500008,0.331340530000034,,,,,,,,,,0.0282605737092604,49.62274909680202,385.5495160859766,0.1559593147567933,46.12026601444913,229.39095361628569
relgnn-es,rel-trial,study-adverse,REGRESSION,0,10,mae,rtx-pro-6000,False,"{""aggr"": ""sum"", ""channels"": 128, ""lr"": 0.0011394964521, ""num_heads"": 4, ""num_model_layers"": 2, ""num_neighbors"": 64, ""subgraph_type"": ""bidirectional""}",70b52bd0,r1,50.32475011115966,,55.79528925700001,0.3540050880000081,,,,,,,,,,,,0.0107190155022786,50.32475011115966,389.01386565989714,,,
relgnn-es,rel-trial,study-adverse,REGRESSION,0,10,mae,rtx-pro-6000,False,"{""aggr"": ""mean"", ""channels"": 128, ""lr"": 0.0018735112039, ""num_heads"": 4, ""num_model_layers"": 1, ""num_neighbors"": 256, ""subgraph_type"": ""bidirectional""}",79b72acf,r2,49.963260779836865,,45.19223477900002,0.3407305999999721,,,,,,,,,,,,0.0257559220664309,49.963260779836865,386.0460719286395,,,
relgnn-es,rel-trial,study-adverse,REGRESSION,0,10,mae,rtx-pro-6000,False,"{""aggr"": ""mean"", ""channels"": 256, ""lr"": 0.0030037592231, ""num_heads"": 4, ""num_model_layers"": 1, ""num_neighbors"": 64, ""subgraph_type"": ""directional""}",ce9904b8,r3,48.44759586846375,,43.88629805900001,0.3071860709999896,,,,,,,,,,,,0.0495632901255514,48.44759586846375,381.3000407181917,,,
relgnn-es,rel-trial,study-adverse,REGRESSION,0,10,mae,rtx-pro-6000,True,"{""aggr"": ""sum"", ""channels"": 64, ""lr"": 0.00648886485, ""num_heads"": 4, ""num_model_layers"": 2, ""num_neighbors"": 128, ""subgraph_type"": ""bidirectional""}",f0bb2bad,r4,48.04966976236266,46.27006411758294,58.034203906000016,0.3639147789999697,91.57604028100002,0.3538192990000652,,,,,,,,,,0.0499017646642939,48.04966976236266,381.2321393805624,0.1573734068202086,46.27006411758294,229.1987141237172
relgnn-es,rel-trial,study-adverse,REGRESSION,0,10,mae,rtx-pro-6000,False,"{""aggr"": ""mean"", ""channels"": 256, ""lr"": 0.0030197929882, ""num_heads"": 2, ""num_model_layers"": 4, ""num_neighbors"": 128, ""subgraph_type"": ""directional""}",6f19af8d,r5,49.579275691001214,,88.248478208,0.6654407500000161,,,,,,,,,,,,0.0310765422863055,49.579275691001214,384.9904757795759,,,
relgnn-es,rel-trial,study-adverse,REGRESSION,0,10,mae,rtx-pro-6000,False,"{""aggr"": ""mean"", ""channels"": 256, ""lr"": 0.0037019789833, ""num_heads"": 16, ""num_model_layers"": 1, ""num_neighbors"": 256, ""subgraph_type"": ""bidirectional""}",012001ed,r6,49.408037282873536,,48.339319589999945,0.3730565640000804,,,,,,,,,,,,0.0357265624275171,49.408037282873536,384.06554899475833,,,
relgnn-es,rel-trial,study-adverse,REGRESSION,0,10,mae,rtx-pro-6000,False,"{""aggr"": ""mean"", ""channels"": 64, ""lr"": 0.0010442146945, ""num_heads"": 2, ""num_model_layers"": 2, ""num_neighbors"": 256, ""subgraph_type"": ""bidirectional""}",d2fbdf27,r7,51.61959367324376,,58.75076688899992,0.3705606749999788,,,,,,,,,,,,8.870023284079931e-05,51.61959367324376,391.0983544546762,,,
relgnn-es,rel-trial,study-adverse,REGRESSION,0,10,mae,rtx-pro-6000,False,"{""aggr"": ""mean"", ""channels"": 256, ""lr"": 0.0041460591823, ""num_heads"": 4, ""num_model_layers"": 2, ""num_neighbors"": 256, ""subgraph_type"": ""directional""}",f87e8891,r8,49.5406177213718,,59.49994565399993,0.3581172600000855,,,,,,,,,,,,0.0335335484199535,49.5406177213718,384.502034517613,,,
relgnn-es,rel-trial,study-adverse,REGRESSION,0,10,mae,rtx-pro-6000,False,"{""aggr"": ""mean"", ""channels"": 256, ""lr"": 0.004093508747, ""num_heads"": 8, ""num_model_layers"": 2, ""num_neighbors"": 64, ""subgraph_type"": ""bidirectional""}",79a48048,r9,49.4337199362776,,60.51488430899997,0.3644187720000218,,,,,,,,,,,,0.0441571714525423,49.4337199362776,382.3829272968873,,,
relgnn-es,rel-trial,study-adverse,REGRESSION,0,10,mae,rtx-pro-6000,False,"{""aggr"": ""sum"", ""channels"": 64, ""lr"": 0.0041393676084, ""num_heads"": 8, ""num_model_layers"": 2, ""num_neighbors"": 256, ""subgraph_type"": ""directional""}",c642344c,r10,50.21957169196365,,74.03276563299994,0.3552742990000297,,,,,,,,,,,,0.0229147890839801,50.21957169196365,386.6085643144827,,,
relgnn-es,rel-trial,study-outcome,BINARY_CLASSIFICATION,0,10,roc_auc,rtx-pro-6000,False,"{""aggr"": ""sum"", ""channels"": 128, ""lr"": 0.005, ""num_heads"": 8, ""num_model_layers"": 2, ""num_neighbors"": 128, ""simplified_MP"": false, ""subgraph_type"": ""directional""}",afe1474f,default,0.6328477164390477,0.6733560955528919,65.507156261,0.2144256210000037,17.03831660200001,0.6315699610000252,,0.6983981312789228,0.603125,0.7315010570824524,0.6328477164390477,0.7175227602521523,0.6496969696969697,0.7326549491211841,0.6733560955528919,,,,,,
relgnn-es,rel-trial,study-outcome,BINARY_CLASSIFICATION,0,10,roc_auc,rtx-pro-6000,False,"{""aggr"": ""sum"", ""channels"": 128, ""lr"": 0.0011394964521, ""num_heads"": 4, ""num_model_layers"": 2, ""num_neighbors"": 64, ""subgraph_type"": ""bidirectional""}",70b52bd0,r1,0.6618149652205381,,17.84911417700002,0.1940568480000024,,,,0.7356870107651661,0.628125,0.703734439834025,0.6618149652205381,,,,,,,,,,
relgnn-es,rel-trial,study-outcome,BINARY_CLASSIFICATION,0,10,roc_auc,rtx-pro-6000,False,"{""aggr"": ""mean"", ""channels"": 128, ""lr"": 0.0018735112039, ""num_heads"": 4, ""num_model_layers"": 1, ""num_neighbors"": 256, ""subgraph_type"": ""bidirectional""}",79b72acf,r2,0.6510974405711248,,15.48672621,0.1886412409999991,,,,0.7113669659652307,0.634375,0.7220902612826603,0.6510974405711248,,,,,,,,,,
relgnn-es,rel-trial,study-outcome,BINARY_CLASSIFICATION,0,10,roc_auc,rtx-pro-6000,True,"{""aggr"": ""mean"", ""channels"": 256, ""lr"": 0.0030037592231, ""num_heads"": 4, ""num_model_layers"": 1, ""num_neighbors"": 64, ""subgraph_type"": ""directional""}",ce9904b8,r3,0.663606431408289,0.6574346494254961,13.792444845999997,0.1733961820000047,39.61048343300001,0.1859424219999823,,0.7172573415732318,0.6395833333333333,0.729264475743349,0.663606431408289,0.7202326727085647,0.6242424242424243,0.6736842105263158,0.6574346494254961,,,,,,
relgnn-es,rel-trial,study-outcome,BINARY_CLASSIFICATION,0,10,roc_auc,rtx-pro-6000,False,"{""aggr"": ""sum"", ""channels"": 64, ""lr"": 0.00648886485, ""num_heads"": 4, ""num_model_layers"": 2, ""num_neighbors"": 128, ""subgraph_type"": ""bidirectional""}",f0bb2bad,r4,0.6462546741184512,,19.202465535000016,0.1938955669999984,,,,0.7083776117208088,0.6114583333333333,0.6792777300085985,0.6462546741184512,,,,,,,,,,
relgnn-es,rel-trial,study-outcome,BINARY_CLASSIFICATION,0,10,roc_auc,rtx-pro-6000,False,"{""aggr"": ""mean"", ""channels"": 256, ""lr"": 0.0030197929882, ""num_heads"": 2, ""num_model_layers"": 4, ""num_neighbors"": 128, ""subgraph_type"": ""directional""}",6f19af8d,r5,0.5709952242459982,,27.05949957200002,0.2081723439999905,,,,0.644274048397957,0.584375,0.73767258382643,0.5709952242459982,,,,,,,,,,
relgnn-es,rel-trial,study-outcome,BINARY_CLASSIFICATION,0,10,roc_auc,rtx-pro-6000,False,"{""aggr"": ""mean"", ""channels"": 256, ""lr"": 0.0037019789833, ""num_heads"": 16, ""num_model_layers"": 1, ""num_neighbors"": 256, ""subgraph_type"": ""bidirectional""}",012001ed,r6,0.6540995983720441,,16.736163677999997,0.2017015590000141,,,,0.7281361747885258,0.60625,0.7252906976744186,0.6540995983720441,,,,,,,,,,
relgnn-es,rel-trial,study-outcome,BINARY_CLASSIFICATION,0,10,roc_auc,rtx-pro-6000,False,"{""aggr"": ""mean"", ""channels"": 64, ""lr"": 0.0010442146945, ""num_heads"": 2, ""num_model_layers"": 2, ""num_neighbors"": 256, ""subgraph_type"": ""bidirectional""}",d2fbdf27,r7,0.6536707186861985,,18.834419630999975,0.194893334000028,,,,0.7115291090935689,0.6302083333333334,0.7039199332777314,0.6536707186861985,,,,,,,,,,
relgnn-es,rel-trial,study-outcome,BINARY_CLASSIFICATION,0,10,roc_auc,rtx-pro-6000,False,"{""aggr"": ""mean"", ""channels"": 256, ""lr"": 0.0041460591823, ""num_heads"": 4, ""num_model_layers"": 2, ""num_neighbors"": 256, ""subgraph_type"": ""directional""}",f87e8891,r8,0.6522947296941105,,18.52683734599998,0.1909198399999923,,,,0.7135835686339076,0.615625,0.6977886977886978,0.6522947296941105,,,,,,,,,,
relgnn-es,rel-trial,study-outcome,BINARY_CLASSIFICATION,0,10,roc_auc,rtx-pro-6000,False,"{""aggr"": ""mean"", ""channels"": 256, ""lr"": 0.004093508747, ""num_heads"": 8, ""num_model_layers"": 2, ""num_neighbors"": 64, ""subgraph_type"": ""bidirectional""}",79a48048,r9,0.6397231939027606,,19.335647704999985,0.1955330970000091,,,,0.7086432462065719,0.6125,0.7350427350427351,0.6397231939027606,,,,,,,,,,
relgnn-es,rel-trial,study-outcome,BINARY_CLASSIFICATION,0,10,roc_auc,rtx-pro-6000,False,"{""aggr"": ""sum"", ""channels"": 64, ""lr"": 0.0041393676084, ""num_heads"": 8, ""num_model_layers"": 2, ""num_neighbors"": 256, ""subgraph_type"": ""directional""}",c642344c,r10,0.6404379933791698,,18.01582678699998,0.1884797110000136,,,,0.7108943640546325,0.6177083333333333,0.731528895391368,0.6404379933791698,,,,,,,,,,
tabpfn-rel-local,rel-amazon,user-churn,BINARY_CLASSIFICATION,0,3,roc_auc,rtx-pro-6000,False,"{""context_strategy"": ""hard_pool"", ""max_depth"": 2, ""pool_inflation"": 4.0, ""subsample_samples"": 100000, ""tfm"": ""tabpfn-v3"", ""with_text"": false}",7c92cf16,default,0.6964857690164689,0.6983086290697171,24.929695361,89.988835674,6.897219740000082,74.79534781899997,,0.7792657534983495,0.7018243401530533,0.794316475554987,0.6964857690164689,0.7540688151159562,0.6792304303962943,0.780903761791995,0.6983086290697171,,,,,,
tabpfn-rel-local,rel-amazon,user-churn,BINARY_CLASSIFICATION,0,3,roc_auc,rtx-pro-6000,False,"{""context_strategy"": ""hard_pool"", ""max_depth"": 3, ""pool_inflation"": 4.0, ""subsample_samples"": 100000, ""tfm"": ""tabpfn-v3"", ""with_text"": false}",289d0b43,r1,0.6979712446091798,,11.366841453000006,84.624263068,,,,0.7803159834952451,0.7023343549898485,0.7941203773247345,0.6979712446091798,,,,,,,,,,
tabpfn-rel-local,rel-amazon,user-churn,BINARY_CLASSIFICATION,0,3,roc_auc,rtx-pro-6000,True,"{""context_strategy"": ""hard_pool"", ""max_depth"": 4, ""pool_inflation"": 4.0, ""subsample_samples"": 100000, ""tfm"": ""tabpfn-v3"", ""with_text"": false}",3f6e138b,r2,0.701618283136299,0.7024030187395066,17.031339215000003,93.10673268300002,23.07501191399996,84.87317362199997,,0.7832056873745998,0.7029956660940184,0.7939967773384607,0.701618283136299,0.7573242272119267,0.6821973087798571,0.781799379524302,0.7024030187395066,,,,,,
tabpfn-rel-local,rel-amazon,user-ltv,REGRESSION,0,3,mae,rtx-pro-6000,False,"{""context_strategy"": ""hard_pool"", ""max_depth"": 2, ""pool_inflation"": 4.0, ""subsample_samples"": 100000, ""tfm"": ""tabpfn-v3"", ""with_text"": false}",7c92cf16,default,12.058534306221528,14.434078441981448,27.08743283700001,89.12913724699999,7.514793932000089,74.30168889700008,,,,,,,,,,0.2421302167935415,12.058534306221528,42.590788312442754,0.1757462121185262,14.434078441981448,50.335017480082904
tabpfn-rel-local,rel-amazon,user-ltv,REGRESSION,0,3,mae,rtx-pro-6000,True,"{""context_strategy"": ""hard_pool"", ""max_depth"": 3, ""pool_inflation"": 4.0, ""subsample_samples"": 100000, ""tfm"": ""tabpfn-v3"", ""with_text"": false}",289d0b43,r1,12.022013504566274,14.400940148306976,12.120128916,84.42634988,16.82389215500001,77.16574060199997,,,,,,,,,,0.2490141215496417,12.022013504566274,42.39691612105832,0.1784248778075426,14.400940148306976,50.253161376994576
tabpfn-rel-local,rel-amazon,user-ltv,REGRESSION,0,3,mae,rtx-pro-6000,False,"{""context_strategy"": ""hard_pool"", ""max_depth"": 4, ""pool_inflation"": 4.0, ""subsample_samples"": 100000, ""tfm"": ""tabpfn-v3"", ""with_text"": false}",3f6e138b,r2,12.026876541950156,,17.46886715300002,101.69404720900002,,,,,,,,,,,,0.2443833499149029,12.026876541950156,42.52743036625411,,,
tabpfn-rel-local,rel-amazon,item-churn,BINARY_CLASSIFICATION,0,3,roc_auc,rtx-pro-6000,False,"{""context_strategy"": ""hard_pool"", ""max_depth"": 2, ""pool_inflation"": 4.0, ""subsample_samples"": 100000, ""tfm"": ""tabpfn-v3"", ""with_text"": false}",7c92cf16,default,0.8197138495761831,0.8278627376812809,22.641074089,55.59579875,8.293806385999972,48.92962903199998,,0.7278163185891071,0.7291841363280789,0.6210019768604935,0.8197138495761831,0.7059285474160187,0.7535572577648314,0.6696447940351751,0.8278627376812809,,,,,,
tabpfn-rel-local,rel-amazon,item-churn,BINARY_CLASSIFICATION,0,3,roc_auc,rtx-pro-6000,True,"{""context_strategy"": ""hard_pool"", ""max_depth"": 3, ""pool_inflation"": 4.0, ""subsample_samples"": 100000, ""tfm"": ""tabpfn-v3"", ""with_text"": false}",289d0b43,r1,0.8199029386679979,0.8278570732636555,12.487108714000016,50.73918956199998,13.742905237000002,50.50821953999997,,0.728021877218988,0.7296906392629819,0.622323569884018,0.8199029386679979,0.7059435572566656,0.7536531568789633,0.6698157922219812,0.8278570732636555,,,,,,
tabpfn-rel-local,rel-amazon,item-churn,BINARY_CLASSIFICATION,0,3,roc_auc,rtx-pro-6000,False,"{""context_strategy"": ""hard_pool"", ""max_depth"": 4, ""pool_inflation"": 4.0, ""subsample_samples"": 100000, ""tfm"": ""tabpfn-v3"", ""with_text"": false}",3f6e138b,r2,0.8197565704867205,,11.945743280999976,50.73209728500001,,,,0.7278618746048939,0.7293248315877742,0.6212078253473207,0.8197565704867205,,,,,,,,,,
tabpfn-rel-local,rel-amazon,item-ltv,REGRESSION,0,3,mae,rtx-pro-6000,False,"{""context_strategy"": ""hard_pool"", ""max_depth"": 2, ""pool_inflation"": 4.0, ""subsample_samples"": 100000, ""tfm"": ""tabpfn-v3"", ""with_text"": false}",7c92cf16,default,43.9158546238848,47.802752861470054,26.085448568999993,58.10835874899999,9.025737561000028,55.93562588000003,,,,,,,,,,0.0877604973524054,43.9158546238848,431.7263141316981,0.0394626400710487,47.802752861470054,651.3665754312384
tabpfn-rel-local,rel-amazon,item-ltv,REGRESSION,0,3,mae,rtx-pro-6000,False,"{""context_strategy"": ""hard_pool"", ""max_depth"": 3, ""pool_inflation"": 4.0, ""subsample_samples"": 100000, ""tfm"": ""tabpfn-v3"", ""with_text"": false}",289d0b43,r1,43.92448620862037,,13.818809232000008,53.71942060500001,,,,,,,,,,,,0.0872476635889255,43.92448620862037,431.8476488918775,,,
tabpfn-rel-local,rel-amazon,item-ltv,REGRESSION,0,3,mae,rtx-pro-6000,True,"{""context_strategy"": ""hard_pool"", ""max_depth"": 4, ""pool_inflation"": 4.0, ""subsample_samples"": 100000, ""tfm"": ""tabpfn-v3"", ""with_text"": false}",3f6e138b,r2,43.90861891312777,47.768328364959885,13.20547415599998,53.732278329,13.384393644,57.17772533700003,,,,,,,,,,0.0878193150925394,43.90861891312777,431.7123958704263,0.0395303197844419,47.768328364959885,651.3436272974367
tabpfn-rel-local,rel-avito,ad-ctr,REGRESSION,0,3,mae,rtx-pro-6000,True,"{""context_strategy"": ""hard_pool"", ""max_depth"": 2, ""pool_inflation"": 4.0, ""subsample_samples"": 100000, ""tfm"": ""tabpfn-v3"", ""with_text"": false}",7c92cf16,default,0.029433875581565,0.0313790828760934,13.088478726000004,5.377395837999998,2.7284756589999972,2.1766223140000136,,,,,,,,,,0.2014202170665824,0.029433875581565,0.0886493948763707,0.2699080205747522,0.0313790828760934,0.093778928459762
tabpfn-rel-local,rel-avito,ad-ctr,REGRESSION,0,3,mae,rtx-pro-6000,False,"{""context_strategy"": ""hard_pool"", ""max_depth"": 3, ""pool_inflation"": 4.0, ""subsample_samples"": 100000, ""tfm"": ""tabpfn-v3"", ""with_text"": false}",289d0b43,r1,0.0295316642581958,,3.906207877,2.0348070490000083,,,,,,,,,,,,0.1864351222057707,0.0295316642581958,0.0894772680393289,,,
tabpfn-rel-local,rel-avito,ad-ctr,REGRESSION,0,3,mae,rtx-pro-6000,False,"{""context_strategy"": ""hard_pool"", ""max_depth"": 4, ""pool_inflation"": 4.0, ""subsample_samples"": 100000, ""tfm"": ""tabpfn-v3"", ""with_text"": false}",3f6e138b,r2,0.0300985482203238,,4.740783840999995,4.901508462999985,,,,,,,,,,,,0.1695665175415763,0.0300985482203238,0.0904001280079155,,,
tabpfn-rel-local,rel-avito,user-visits,BINARY_CLASSIFICATION,0,3,roc_auc,rtx-pro-6000,False,"{""context_strategy"": ""hard_pool"", ""max_depth"": 2, ""pool_inflation"": 4.0, ""subsample_samples"": 100000, ""tfm"": ""tabpfn-v3"", ""with_text"": false}",7c92cf16,default,0.6975587277547601,0.6693908919513116,19.396954124999993,38.83324493800001,10.574405942,42.139866332,,0.954933821285486,0.9034991160479002,0.949303425917813,0.6975587277547601,0.9202371665867422,0.8505909380276232,0.9192641340113672,0.6693908919513116,,,,,,
tabpfn-rel-local,rel-avito,user-visits,BINARY_CLASSIFICATION,0,3,roc_auc,rtx-pro-6000,True,"{""context_strategy"": ""hard_pool"", ""max_depth"": 3, ""pool_inflation"": 4.0, ""subsample_samples"": 100000, ""tfm"": ""tabpfn-v3"", ""with_text"": false}",289d0b43,r1,0.6987553809161172,0.6688109934912024,11.36216322300001,34.04249673300001,13.944602828,43.84668013999999,,0.955079382513536,0.9034991160479002,0.949303425917813,0.6987553809161172,0.920188105891301,0.8505909380276232,0.9192641340113672,0.6688109934912024,,,,,,
tabpfn-rel-local,rel-avito,user-visits,BINARY_CLASSIFICATION,0,3,roc_auc,rtx-pro-6000,False,"{""context_strategy"": ""hard_pool"", ""max_depth"": 4, ""pool_inflation"": 4.0, ""subsample_samples"": 100000, ""tfm"": ""tabpfn-v3"", ""with_text"": false}",3f6e138b,r2,0.6981657354451067,,10.850609832000004,34.20866302900001,,,,0.95496979914419,0.9034991160479002,0.949303425917813,0.6981657354451067,,,,,,,,,,
tabpfn-rel-local,rel-avito,user-clicks,BINARY_CLASSIFICATION,0,3,roc_auc,rtx-pro-6000,False,"{""context_strategy"": ""hard_pool"", ""max_depth"": 2, ""pool_inflation"": 4.0, ""subsample_samples"": 100000, ""tfm"": ""tabpfn-v3"", ""with_text"": false}",7c92cf16,default,0.6704884505832339,0.6331430672038214,17.934654332999997,26.286383713999996,6.19631851799997,36.46112184399999,,0.0938395288515018,0.9648302884388424,0.0,0.6704884505832339,0.0422427418456649,0.984582048504042,0.0,0.6331430672038214,,,,,,
tabpfn-rel-local,rel-avito,user-clicks,BINARY_CLASSIFICATION,0,3,roc_auc,rtx-pro-6000,False,"{""context_strategy"": ""hard_pool"", ""max_depth"": 3, ""pool_inflation"": 4.0, ""subsample_samples"": 100000, ""tfm"": ""tabpfn-v3"", ""with_text"": false}",289d0b43,r1,0.6719974833035712,,9.605418917999998,20.85261797000001,,,,0.0949338648236637,0.9648302884388424,0.0,0.6719974833035712,,,,,,,,,,
tabpfn-rel-local,rel-avito,user-clicks,BINARY_CLASSIFICATION,0,3,roc_auc,rtx-pro-6000,True,"{""context_strategy"": ""hard_pool"", ""max_depth"": 4, ""pool_inflation"": 4.0, ""subsample_samples"": 100000, ""tfm"": ""tabpfn-v3"", ""with_text"": false}",3f6e138b,r2,0.6724055926879198,0.6145215937115378,9.440073724,20.927026662999992,8.862321600000001,38.06065862899999,,0.0939425496386572,0.9648302884388424,0.0,0.6724055926879198,0.0389065059841551,0.984582048504042,0.0,0.6145215937115378,,,,,,
tabpfn-rel-local,rel-event,user-attendance,REGRESSION,0,3,mae,rtx-pro-6000,False,"{""context_strategy"": ""hard_pool"", ""max_depth"": 2, ""pool_inflation"": 4.0, ""subsample_samples"": 100000, ""tfm"": ""tabpfn-v3"", ""with_text"": false}",7c92cf16,default,0.2321647064031796,0.2375393694785611,20.686321773999993,15.197698156,2.849245970999988,10.510856864000004,,,,,,,,,,0.0392650411528693,0.2321647064031796,0.5128974648903889,0.0501924652487681,0.2375393694785611,0.6260680398251797
tabpfn-rel-local,rel-event,user-attendance,REGRESSION,0,3,mae,rtx-pro-6000,True,"{""context_strategy"": ""hard_pool"", ""max_depth"": 3, ""pool_inflation"": 4.0, ""subsample_samples"": 100000, ""tfm"": ""tabpfn-v3"", ""with_text"": false}",289d0b43,r1,0.2284236147602669,0.23938281773825,10.696344971999991,10.85106792100001,9.167940735000002,13.092908817999984,,,,,,,,,,0.0478908431567297,0.2284236147602669,0.5105897903584681,0.0456983495156331,0.23938281773825,0.6275474457770405
tabpfn-rel-local,rel-event,user-attendance,REGRESSION,0,3,mae,rtx-pro-6000,False,"{""context_strategy"": ""hard_pool"", ""max_depth"": 4, ""pool_inflation"": 4.0, ""subsample_samples"": 100000, ""tfm"": ""tabpfn-v3"", ""with_text"": false}",3f6e138b,r2,0.2292711940019777,,10.122782949999989,10.85791019200002,,,,,,,,,,,,0.0361033061067987,0.2292711940019777,0.5137407327839038,,,
tabpfn-rel-local,rel-event,user-repeat,BINARY_CLASSIFICATION,0,3,roc_auc,rtx-pro-6000,False,"{""context_strategy"": ""hard_pool"", ""max_depth"": 2, ""pool_inflation"": 4.0, ""subsample_samples"": 100000, ""tfm"": ""tabpfn-v3"", ""with_text"": false}",7c92cf16,default,0.7231491136600625,0.7540775401069518,13.038331981999988,6.347951929000004,0.8509583069999849,1.7467745900000011,,0.6760939588456021,0.6539923954372624,0.6591760299625468,0.7231491136600625,0.6954436560273901,0.7073170731707317,0.6814159292035398,0.7540775401069518,,,,,,
tabpfn-rel-local,rel-event,user-repeat,BINARY_CLASSIFICATION,0,3,roc_auc,rtx-pro-6000,True,"{""context_strategy"": ""hard_pool"", ""max_depth"": 3, ""pool_inflation"": 4.0, ""subsample_samples"": 100000, ""tfm"": ""tabpfn-v3"", ""with_text"": false}",289d0b43,r1,0.7298690765844051,0.7692513368983956,6.231904619000005,2.022828524999994,4.401151037999995,3.295307716999986,,0.6989634824330135,0.6501901140684411,0.6690647482014388,0.7298690765844051,0.7196447630221372,0.7073170731707317,0.6923076923076923,0.7692513368983956,,,,,,
tabpfn-rel-local,rel-event,user-repeat,BINARY_CLASSIFICATION,0,3,roc_auc,rtx-pro-6000,False,"{""context_strategy"": ""hard_pool"", ""max_depth"": 4, ""pool_inflation"": 4.0, ""subsample_samples"": 100000, ""tfm"": ""tabpfn-v3"", ""with_text"": false}",3f6e138b,r2,0.7274359865600741,,4.854342346999999,2.070626465999993,,,,0.6807650668398382,0.6692015209125475,0.6666666666666666,0.7274359865600741,,,,,,,,,,
tabpfn-rel-local,rel-event,user-ignore,BINARY_CLASSIFICATION,0,3,roc_auc,rtx-pro-6000,False,"{""context_strategy"": ""hard_pool"", ""max_depth"": 2, ""pool_inflation"": 4.0, ""subsample_samples"": 100000, ""tfm"": ""tabpfn-v3"", ""with_text"": false}",7c92cf16,default,0.8187279662331688,0.8815377707160373,16.768096244999995,10.207504353000004,2.5245905280000045,5.121925340000018,,0.569912198752435,0.914329423763386,0.5359116022099447,0.8187279662331688,0.5473230446357424,0.8907048008171604,0.427807486631016,0.8815377707160373,,,,,,
tabpfn-rel-local,rel-event,user-ignore,BINARY_CLASSIFICATION,0,3,roc_auc,rtx-pro-6000,True,"{""context_strategy"": ""hard_pool"", ""max_depth"": 3, ""pool_inflation"": 4.0, ""subsample_samples"": 100000, ""tfm"": ""tabpfn-v3"", ""with_text"": false}",289d0b43,r1,0.8471692460773876,0.7013758879946577,10.72964389100001,5.00211057300001,8.869856491999997,6.7508723480000015,,0.5934992438387992,0.9138194798572156,0.5743073047858942,0.8471692460773876,0.493564136984178,0.8912155260469867,0.4817518248175182,0.7013758879946577,,,,,,
tabpfn-rel-local,rel-event,user-ignore,BINARY_CLASSIFICATION,0,3,roc_auc,rtx-pro-6000,False,"{""context_strategy"": ""hard_pool"", ""max_depth"": 4, ""pool_inflation"": 4.0, ""subsample_samples"": 100000, ""tfm"": ""tabpfn-v3"", ""with_text"": false}",3f6e138b,r2,0.8468134960332534,,9.948888120999982,5.05719689,,,,0.583255814328108,0.9133095359510454,0.5707070707070707,0.8468134960332534,,,,,,,,,,
tabpfn-rel-local,rel-f1,driver-position,REGRESSION,0,3,mae,rtx-pro-6000,False,"{""context_strategy"": ""hard_pool"", ""max_depth"": 2, ""pool_inflation"": 4.0, ""subsample_samples"": 100000, ""tfm"": ""tabpfn-v3"", ""with_text"": false}",7c92cf16,default,3.821204860161046,3.777526478851051,14.768748826999996,6.116190740999997,0.5460144449999973,1.6259341710000117,,,,,,,,,,-0.0437941158375243,3.821204860161046,4.736501855471601,0.2243823320119053,3.777526478851051,4.588742656943472
tabpfn-rel-local,rel-f1,driver-position,REGRESSION,0,3,mae,rtx-pro-6000,True,"{""context_strategy"": ""hard_pool"", ""max_depth"": 3, ""pool_inflation"": 4.0, ""subsample_samples"": 100000, ""tfm"": ""tabpfn-v3"", ""with_text"": false}",289d0b43,r1,3.741671778603085,3.761698619817432,4.232473432000006,2.069895848999991,3.4353073579999887,3.2661935210000195,,,,,,,,,,-0.0051403796421216,3.741671778603085,4.647973569403312,0.2206274632019196,3.761698619817432,4.599836604630556
tabpfn-rel-local,rel-f1,driver-position,REGRESSION,0,3,mae,rtx-pro-6000,False,"{""context_strategy"": ""hard_pool"", ""max_depth"": 4, ""pool_inflation"": 4.0, ""subsample_samples"": 100000, ""tfm"": ""tabpfn-v3"", ""with_text"": false}",3f6e138b,r2,3.923665913121256,,5.596659200999994,5.504942372999992,,,,,,,,,,,,-0.1437499368638186,3.923665913121256,4.9581062718153595,,,
tabpfn-rel-local,rel-f1,driver-dnf,BINARY_CLASSIFICATION,0,3,roc_auc,rtx-pro-6000,False,"{""context_strategy"": ""hard_pool"", ""max_depth"": 2, ""pool_inflation"": 4.0, ""subsample_samples"": 100000, ""tfm"": ""tabpfn-v3"", ""with_text"": false}",7c92cf16,default,0.6081995464852608,0.7122529644268775,13.707680195000007,6.288965333999997,0.6047296920000065,1.552876643000019,,0.8406925863215602,0.7102473498233216,0.8251599147121536,0.6081995464852608,0.8185749168231359,0.707977207977208,0.820333041191937,0.7122529644268775,,,,,,
tabpfn-rel-local,rel-f1,driver-dnf,BINARY_CLASSIFICATION,0,3,roc_auc,rtx-pro-6000,True,"{""context_strategy"": ""hard_pool"", ""max_depth"": 3, ""pool_inflation"": 4.0, ""subsample_samples"": 100000, ""tfm"": ""tabpfn-v3"", ""with_text"": false}",289d0b43,r1,0.619437641723356,0.7144683550480652,4.319591618000004,2.0453297650000053,3.3772505450000097,3.187238558999979,,0.8604606922957871,0.7067137809187279,0.8203463203463204,0.619437641723356,0.8354034763977705,0.707977207977208,0.820333041191937,0.7144683550480652,,,,,,
tabpfn-rel-local,rel-f1,driver-dnf,BINARY_CLASSIFICATION,0,3,roc_auc,rtx-pro-6000,False,"{""context_strategy"": ""hard_pool"", ""max_depth"": 4, ""pool_inflation"": 4.0, ""subsample_samples"": 100000, ""tfm"": ""tabpfn-v3"", ""with_text"": false}",3f6e138b,r2,0.6143945578231292,,5.926177306,2.923232664000011,,,,0.8520368646703439,0.7031802120141343,0.8205128205128205,0.6143945578231292,,,,,,,,,,
tabpfn-rel-local,rel-f1,driver-top3,BINARY_CLASSIFICATION,0,3,roc_auc,rtx-pro-6000,False,"{""context_strategy"": ""hard_pool"", ""max_depth"": 2, ""pool_inflation"": 4.0, ""subsample_samples"": 100000, ""tfm"": ""tabpfn-v3"", ""with_text"": false}",7c92cf16,default,0.6765512175019261,0.8053407190635452,14.252517280999996,5.284263069000005,0.4215657749999906,0.6827704969999928,,0.3492720834053359,0.7534013605442177,0.1899441340782122,0.6765512175019261,0.3940158492452353,0.8181818181818182,0.3465346534653465,0.8053407190635452,,,,,,
tabpfn-rel-local,rel-f1,driver-top3,BINARY_CLASSIFICATION,0,3,roc_auc,rtx-pro-6000,True,"{""context_strategy"": ""hard_pool"", ""max_depth"": 3, ""pool_inflation"": 4.0, ""subsample_samples"": 100000, ""tfm"": ""tabpfn-v3"", ""with_text"": false}",289d0b43,r1,0.6900790166812995,0.7929164924749165,3.988692380999993,0.3735927869999926,2.3577202010000065,1.842434229999995,,0.3382562029476594,0.7585034013605442,0.1839080459770115,0.6900790166812995,0.3690814984474307,0.8126721763085399,0.3982300884955752,0.7929164924749165,,,,,,
tabpfn-rel-local,rel-f1,driver-top3,BINARY_CLASSIFICATION,0,3,roc_auc,rtx-pro-6000,False,"{""context_strategy"": ""hard_pool"", ""max_depth"": 4, ""pool_inflation"": 4.0, ""subsample_samples"": 100000, ""tfm"": ""tabpfn-v3"", ""with_text"": false}",3f6e138b,r2,0.6804214223002634,,5.241771288999999,0.7443452979999989,,,,0.3264813544843986,0.7585034013605442,0.1839080459770115,0.6804214223002634,,,,,,,,,,
tabpfn-rel-local,rel-hm,user-churn,BINARY_CLASSIFICATION,0,3,roc_auc,rtx-pro-6000,True,"{""context_strategy"": ""hard_pool"", ""max_depth"": 2, ""pool_inflation"": 4.0, ""subsample_samples"": 100000, ""tfm"": ""tabpfn-v3"", ""with_text"": false}",7c92cf16,default,0.7068843540985121,0.7056902013553468,27.268488461000004,41.3095867,16.56727349700003,31.62647779399998,,0.9012745364478982,0.8207194733267151,0.8989523437902626,0.7068843540985121,0.9083830432570474,0.8311900771035869,0.9055199069383466,0.7056902013553468,,,,,,
tabpfn-rel-local,rel-hm,user-churn,BINARY_CLASSIFICATION,0,3,roc_auc,rtx-pro-6000,False,"{""context_strategy"": ""hard_pool"", ""max_depth"": 3, ""pool_inflation"": 4.0, ""subsample_samples"": 100000, ""tfm"": ""tabpfn-v3"", ""with_text"": false}",289d0b43,r1,0.7059934674818872,,14.277084864999978,33.86131857699999,,,,0.9001890925565563,0.820667223992894,0.8990596348824728,0.7059934674818872,,,,,,,,,,
tabpfn-rel-local,rel-hm,user-churn,BINARY_CLASSIFICATION,0,3,roc_auc,rtx-pro-6000,False,"{""context_strategy"": ""hard_pool"", ""max_depth"": 4, ""pool_inflation"": 4.0, ""subsample_samples"": 100000, ""tfm"": ""tabpfn-v3"", ""with_text"": false}",3f6e138b,r2,0.7052521699062506,,20.134847049,39.92164803099999,,,,0.8995408444748796,0.8204190396572444,0.8989325727056194,0.7052521699062506,,,,,,,,,,
tabpfn-rel-local,rel-hm,item-sales,REGRESSION,0,3,mae,rtx-pro-6000,False,"{""context_strategy"": ""hard_pool"", ""max_depth"": 2, ""pool_inflation"": 4.0, ""subsample_samples"": 100000, ""tfm"": ""tabpfn-v3"", ""with_text"": false}",7c92cf16,default,0.069915288933045,0.0613042277532659,37.405440690000006,53.37173280100001,16.198697306000042,48.221151222,,,,,,,,,,0.1048777956157478,0.069915288933045,0.6265991455370321,0.1072779722411594,0.0613042277532659,0.5505653218376934
tabpfn-rel-local,rel-hm,item-sales,REGRESSION,0,3,mae,rtx-pro-6000,False,"{""context_strategy"": ""hard_pool"", ""max_depth"": 3, ""pool_inflation"": 4.0, ""subsample_samples"": 100000, ""tfm"": ""tabpfn-v3"", ""with_text"": false}",289d0b43,r1,0.0698664856441179,,20.317856171000017,47.810144377,,,,,,,,,,,,0.1053726017100905,0.0698664856441179,0.6264259357043597,,,
tabpfn-rel-local,rel-hm,item-sales,REGRESSION,0,3,mae,rtx-pro-6000,True,"{""context_strategy"": ""hard_pool"", ""max_depth"": 4, ""pool_inflation"": 4.0, ""subsample_samples"": 100000, ""tfm"": ""tabpfn-v3"", ""with_text"": false}",3f6e138b,r2,0.0698070451564274,0.0613622229990495,19.875365190999982,47.80194348699999,23.026937576000023,49.637299643999995,,,,,,,,,,0.1058143294532582,0.0698070451564274,0.6262712657934097,0.1068269063589071,0.0613622229990495,0.5507043964112865
tabpfn-rel-local,rel-stack,user-engagement,BINARY_CLASSIFICATION,0,3,roc_auc,rtx-pro-6000,True,"{""context_strategy"": ""hard_pool"", ""max_depth"": 2, ""pool_inflation"": 4.0, ""subsample_samples"": 100000, ""tfm"": ""tabpfn-v3"", ""with_text"": false}",7c92cf16,default,0.9058073587135468,0.905834237356288,1187.859972997001,457.255760394999,1324.8879030139997,481.1563388459999,,0.4080743774038765,0.9755316050101952,0.3199481865284974,0.9058073587135468,0.3999288890339988,0.9754813528937905,0.3040257648953301,0.905834237356288,,,,,,
tabpfn-rel-local,rel-stack,user-engagement,BINARY_CLASSIFICATION,0,3,roc_auc,rtx-pro-6000,False,"{""context_strategy"": ""hard_pool"", ""max_depth"": 3, ""pool_inflation"": 4.0, ""subsample_samples"": 100000, ""tfm"": ""tabpfn-v3"", ""with_text"": false}",289d0b43,r1,0.9040235341311028,,29.608908340998823,56.173703290998674,,,,0.4058892375935361,0.9754616953102244,0.3113145846958796,0.9040235341311028,,,,,,,,,,
tabpfn-rel-local,rel-stack,user-engagement,BINARY_CLASSIFICATION,0,3,roc_auc,rtx-pro-6000,False,"{""context_strategy"": ""hard_pool"", ""max_depth"": 4, ""pool_inflation"": 4.0, ""subsample_samples"": 100000, ""tfm"": ""tabpfn-v3"", ""with_text"": false}",3f6e138b,r2,0.904038112660584,,54.0222935139991,58.01556997899934,,,,0.4048856904212987,0.975298572676959,0.306282722513089,0.904038112660584,,,,,,,,,,
tabpfn-rel-local,rel-stack,post-votes,REGRESSION,0,3,mae,rtx-pro-6000,True,"{""context_strategy"": ""hard_pool"", ""max_depth"": 2, ""pool_inflation"": 4.0, ""subsample_samples"": 100000, ""tfm"": ""tabpfn-v3"", ""with_text"": false}",7c92cf16,default,0.0614136682477366,0.0679574267388494,985.456950894,285.1423761230001,1098.30066612,291.138619589,,,,,,,,,,0.0039607960709003,0.0614136682477366,0.3653130368631105,-0.0083909559066723,0.0679574267388494,0.3706240813479388
tabpfn-rel-local,rel-stack,post-votes,REGRESSION,0,3,mae,rtx-pro-6000,False,"{""context_strategy"": ""hard_pool"", ""max_depth"": 3, ""pool_inflation"": 4.0, ""subsample_samples"": 100000, ""tfm"": ""tabpfn-v3"", ""with_text"": false}",289d0b43,r1,0.0614760336583094,,24.424668871999984,69.03493606300003,,,,,,,,,,,,0.0038395704067335,0.0614760336583094,0.3653352668958058,,,
tabpfn-rel-local,rel-stack,post-votes,REGRESSION,0,3,mae,rtx-pro-6000,False,"{""context_strategy"": ""hard_pool"", ""max_depth"": 4, ""pool_inflation"": 4.0, ""subsample_samples"": 100000, ""tfm"": ""tabpfn-v3"", ""with_text"": false}",3f6e138b,r2,0.0615476931111761,,48.211792651,106.87129788699986,,,,,,,,,,,,0.0008504879572224,0.0615476931111761,0.3658829694801913,,,
tabpfn-rel-local,rel-stack,user-badge,BINARY_CLASSIFICATION,0,3,roc_auc,rtx-pro-6000,True,"{""context_strategy"": ""hard_pool"", ""max_depth"": 2, ""pool_inflation"": 4.0, ""subsample_samples"": 100000, ""tfm"": ""tabpfn-v3"", ""with_text"": false}",7c92cf16,default,0.8780777883991285,0.8634698165821446,1985.638733667,339.03910894699993,2088.501190731,345.5570662509999,,0.3270492520042083,0.971992497918334,0.1203503872032499,0.8780777883991285,0.2747704280410231,0.974624060150376,0.1417218543046357,0.8634698165821446,,,,,,
tabpfn-rel-local,rel-stack,user-badge,BINARY_CLASSIFICATION,0,3,roc_auc,rtx-pro-6000,False,"{""context_strategy"": ""hard_pool"", ""max_depth"": 3, ""pool_inflation"": 4.0, ""subsample_samples"": 100000, ""tfm"": ""tabpfn-v3"", ""with_text"": false}",289d0b43,r1,0.8635278353294088,,41.4737492119998,102.9578286410001,,,,0.3171614227472379,0.9720571710361442,0.136630448357687,0.8635278353294088,,,,,,,,,,
tabpfn-rel-local,rel-stack,user-badge,BINARY_CLASSIFICATION,0,3,roc_auc,rtx-pro-6000,False,"{""context_strategy"": ""hard_pool"", ""max_depth"": 4, ""pool_inflation"": 4.0, ""subsample_samples"": 100000, ""tfm"": ""tabpfn-v3"", ""with_text"": false}",3f6e138b,r2,0.871912188058801,,84.23611736200019,108.561590067,,,,0.3283313638201066,0.9720046241279234,0.1248420520596411,0.871912188058801,,,,,,,,,,
tabpfn-rel-local,rel-trial,study-outcome,BINARY_CLASSIFICATION,0,3,roc_auc,rtx-pro-6000,False,"{""context_strategy"": ""hard_pool"", ""max_depth"": 2, ""pool_inflation"": 4.0, ""subsample_samples"": 100000, ""tfm"": ""tabpfn-v3"", ""with_text"": false}",7c92cf16,default,0.6663628768891926,0.7224764810577167,13.879801168,7.277224292,0.860308649999979,2.334426022999992,,0.7334375931581721,0.6385416666666667,0.7340996168582375,0.6663628768891926,0.7725441298672491,0.6787878787878788,0.7588717015468608,0.7224764810577167,,,,,,
tabpfn-rel-local,rel-trial,study-outcome,BINARY_CLASSIFICATION,0,3,roc_auc,rtx-pro-6000,False,"{""context_strategy"": ""hard_pool"", ""max_depth"": 3, ""pool_inflation"": 4.0, ""subsample_samples"": 100000, ""tfm"": ""tabpfn-v3"", ""with_text"": false}",289d0b43,r1,0.6662333194840935,,5.808411745000001,3.3471019689999935,,,,0.7374125023131055,0.6322916666666667,0.7323730098559514,0.6662333194840935,,,,,,,,,,
tabpfn-rel-local,rel-trial,study-outcome,BINARY_CLASSIFICATION,0,3,roc_auc,rtx-pro-6000,True,"{""context_strategy"": ""hard_pool"", ""max_depth"": 4, ""pool_inflation"": 4.0, ""subsample_samples"": 100000, ""tfm"": ""tabpfn-v3"", ""with_text"": false}",3f6e138b,r2,0.6715004981258853,0.7306067100117444,4.602310715999991,3.209726982999996,4.180158922000004,4.579223994000017,,0.7459280177669533,0.6260416666666667,0.7318894697535474,0.6715004981258853,0.7832807146167993,0.6751515151515152,0.7598566308243727,0.7306067100117444,,,,,,
tabpfn-rel-local,rel-trial,study-adverse,REGRESSION,0,3,mae,rtx-pro-6000,False,"{""context_strategy"": ""hard_pool"", ""max_depth"": 2, ""pool_inflation"": 4.0, ""subsample_samples"": 100000, ""tfm"": ""tabpfn-v3"", ""with_text"": false}",7c92cf16,default,44.94787058986421,43.107336015158545,17.385277266000003,16.269039476000003,2.60262245200002,12.46641321299998,,,,,,,,,,0.0573772223978499,44.94787058986421,379.7293933550601,0.156489486330443,43.107336015158545,229.31889804544977
tabpfn-rel-local,rel-trial,study-adverse,REGRESSION,0,3,mae,rtx-pro-6000,False,"{""context_strategy"": ""hard_pool"", ""max_depth"": 3, ""pool_inflation"": 4.0, ""subsample_samples"": 100000, ""tfm"": ""tabpfn-v3"", ""with_text"": false}",289d0b43,r1,44.83251022119531,,8.521803699999992,16.47945118199999,,,,,,,,,,,,0.0588709445188241,44.83251022119531,379.4284059966039,,,
tabpfn-rel-local,rel-trial,study-adverse,REGRESSION,0,3,mae,rtx-pro-6000,True,"{""context_strategy"": ""hard_pool"", ""max_depth"": 4, ""pool_inflation"": 4.0, ""subsample_samples"": 100000, ""tfm"": ""tabpfn-v3"", ""with_text"": false}",3f6e138b,r2,44.67500845372917,42.59170779713782,9.126569750999977,16.733188426999988,8.290617101999999,19.24179946700002,,,,,,,,,,0.0569557127961941,44.67500845372917,379.8142850528843,0.1578578430579653,42.59170779713782,229.1328200926657
tabpfn-rel-local,rel-trial,site-success,REGRESSION,0,3,mae,rtx-pro-6000,False,"{""context_strategy"": ""hard_pool"", ""max_depth"": 2, ""pool_inflation"": 4.0, ""subsample_samples"": 100000, ""tfm"": ""tabpfn-v3"", ""with_text"": false}",7c92cf16,default,0.4285277999803311,0.3838320482563588,27.301154232,52.678418511,15.132067337000024,48.50182586699998,,,,,,,,,,-0.715248696802621,0.4285277999803311,0.6256238827157065,-0.5086766890774976,0.3838320482563588,0.5910743049517957
tabpfn-rel-local,rel-trial,site-success,REGRESSION,0,3,mae,rtx-pro-6000,False,"{""context_strategy"": ""hard_pool"", ""max_depth"": 3, ""pool_inflation"": 4.0, ""subsample_samples"": 100000, ""tfm"": ""tabpfn-v3"", ""with_text"": false}",289d0b43,r1,0.4221254168479271,,18.304067691,47.38419097299999,,,,,,,,,,,,-0.6852558895296339,0.4221254168479271,0.6201299361633262,,,
tabpfn-rel-local,rel-trial,site-success,REGRESSION,0,3,mae,rtx-pro-6000,True,"{""context_strategy"": ""hard_pool"", ""max_depth"": 4, ""pool_inflation"": 4.0, ""subsample_samples"": 100000, ""tfm"": ""tabpfn-v3"", ""with_text"": false}",3f6e138b,r2,0.4195736505526944,0.3857507226526936,18.273463463000013,47.43226225000001,18.183428058999993,49.805677511,,,,,,,,,,-0.6833099965352889,0.4195736505526944,0.6197718139813406,-0.5173048401812848,0.3857507226526936,0.5927620779696616
relgt,rel-amazon,user-churn,BINARY_CLASSIFICATION,0,9,roc_auc,rtx-pro-6000,True,"{""dropout"": 0.3, ""num_layers"": 4}",2561398c,default,0.7048434952734395,0.7019244749185175,11555.868158936,339.60214214699954,11682.510256129,300.334278833001,,0.7843280178865004,0.6236529751678901,0.6667415769184227,0.7048434952734395,0.7562099376757356,0.6658823195077938,0.7293728233422874,0.7019244749185175,,,,,,
relgt,rel-amazon,user-ltv,REGRESSION,0,9,mae,rtx-pro-6000,True,"{""dropout"": 0.3, ""num_layers"": 4}",2561398c,default,12.264074124016693,14.352129128873356,8118.149663936,344.59630584599836,8065.280509332,304.409458342001,,,,,,,,,,0.1716621219629318,12.264074124016693,44.526867491832554,0.1697568621282622,14.352129128873356,50.51756341715074
relgt,rel-amazon,item-churn,BINARY_CLASSIFICATION,0,9,roc_auc,rtx-pro-6000,True,"{""dropout"": 0.3, ""num_layers"": 4}",2561398c,default,0.8215747168620481,0.8238353991248606,7675.357139612,145.19525890800014,7641.92068188,142.26863799199964,,0.7267945055860966,0.7435012859546736,0.6962161153361639,0.8215747168620481,0.697068540529852,0.7472159288428574,0.6771489592981865,0.8238353991248606,,,,,,
relgt,rel-amazon,item-ltv,REGRESSION,0,9,mae,rtx-pro-6000,True,"{""dropout"": 0.3, ""num_layers"": 4}",2561398c,default,43.7210473126877,48.67338572775227,5126.655704755,136.44479577199945,5156.509787562,152.71414190399992,,,,,,,,,,0.0692705450291638,43.7210473126877,436.07964153584,0.0347761834549641,48.67338572775227,652.9536489660873
relgt,rel-avito,ad-ctr,REGRESSION,0,9,mae,rtx-pro-6000,False,"{""dropout"": 0.3, ""num_layers"": 4}",2561398c,default,0.0317862661602077,0.037293685050515,897.560998509,1.3024183620000258,730.5372596059997,1.133070070000031,,,,,,,,,,0.17230789162964,0.0317862661602077,0.0902507930916576,0.0819398439892109,0.037293685050515,0.1051603558481489
relgt,rel-avito,ad-ctr,REGRESSION,0,9,mae,rtx-pro-6000,False,"{""dropout"": 0.4, ""num_layers"": 4}",855e34e2,r1,0.0327360774536289,,730.2337888620001,1.322973832000116,,,,,,,,,,,,0.0973888542093304,0.0327360774536289,0.0942468764912148,,,
relgt,rel-avito,ad-ctr,REGRESSION,0,9,mae,rtx-pro-6000,False,"{""dropout"": 0.5, ""num_layers"": 4}",3fddeb60,r2,0.031572863416634,,721.604151556,1.3576330690002578,,,,,,,,,,,,0.1592980601631224,0.031572863416634,0.0909573176750955,,,
relgt,rel-avito,ad-ctr,REGRESSION,0,9,mae,rtx-pro-6000,False,"{""dropout"": 0.3, ""num_layers"": 1}",276448bd,r3,0.0316502400085974,,513.9656851739996,1.1069186139998235,,,,,,,,,,,,0.1407229556016606,0.0316502400085974,0.0919566676239017,,,
relgt,rel-avito,ad-ctr,REGRESSION,0,9,mae,rtx-pro-6000,True,"{""dropout"": 0.4, ""num_layers"": 1}",bd5f6266,r4,0.0315018563804544,0.0364990611345566,514.7826686600001,1.095633273999738,720.9220163200007,2.036354365999614,,,,,,,,,,0.1508752955563269,0.0315018563804544,0.0914118204691984,0.0944237750419794,0.0364990611345566,0.1044429147336768
relgt,rel-avito,ad-ctr,REGRESSION,0,9,mae,rtx-pro-6000,False,"{""dropout"": 0.5, ""num_layers"": 1}",efce81a6,r5,0.0325509402354714,,514.5356487689996,1.0917918249997456,,,,,,,,,,,,0.1314953254853487,0.0325509402354714,0.0924491026215571,,,
relgt,rel-avito,ad-ctr,REGRESSION,0,9,mae,rtx-pro-6000,False,"{""dropout"": 0.3, ""num_layers"": 8}",726f85a4,r6,0.0321594252278963,,1006.822927565,1.6012235010002769,,,,,,,,,,,,0.1102584142820907,0.0321594252278963,0.0935725714892726,,,
relgt,rel-avito,ad-ctr,REGRESSION,0,9,mae,rtx-pro-6000,False,"{""dropout"": 0.4, ""num_layers"": 8}",c727cd64,r7,0.0319595320607279,,1008.108112324,1.6047571130002325,,,,,,,,,,,,0.1413126172896653,0.0319595320607279,0.0919251104970012,,,
relgt,rel-avito,ad-ctr,REGRESSION,0,9,mae,rtx-pro-6000,False,"{""dropout"": 0.5, ""num_layers"": 8}",e90e29bb,r8,0.0327561853783068,,1007.497436484,1.374352134000219,,,,,,,,,,,,0.1182341430363034,0.0327561853783068,0.0931522306302788,,,
relgt,rel-avito,user-visits,BINARY_CLASSIFICATION,0,9,roc_auc,rtx-pro-6000,False,"{""dropout"": 0.3, ""num_layers"": 4}",2561398c,default,0.6984425865926811,0.6583219489044334,12648.176436883,21.07953807299964,12499.569938293018,26.058522306004303,,0.9533912797565056,0.9034991160479002,0.949303425917813,0.6984425865926811,0.9139066148369762,0.8505909380276232,0.9192641340113672,0.6583219489044334,,,,,,
relgt,rel-avito,user-visits,BINARY_CLASSIFICATION,0,9,roc_auc,rtx-pro-6000,False,"{""dropout"": 0.4, ""num_layers"": 4}",855e34e2,r1,0.6976033297074093,,12474.380825054,21.560782084001403,,,,0.9522779883490116,0.9034991160479002,0.949303425917813,0.6976033297074093,,,,,,,,,,
relgt,rel-avito,user-visits,BINARY_CLASSIFICATION,0,9,roc_auc,rtx-pro-6000,False,"{""dropout"": 0.5, ""num_layers"": 4}",3fddeb60,r2,0.6982658952234665,,12465.088712823,21.31118965499627,,,,0.953923393539704,0.9034991160479002,0.949303425917813,0.6982658952234665,,,,,,,,,,
relgt,rel-avito,user-visits,BINARY_CLASSIFICATION,0,9,roc_auc,rtx-pro-6000,False,"{""dropout"": 0.3, ""num_layers"": 1}",276448bd,r3,0.6962146073934493,,8821.502371693998,17.31922456600296,,,,0.9535752227560556,0.9028653390706828,0.948901523127676,0.6962146073934493,,,,,,,,,,
relgt,rel-avito,user-visits,BINARY_CLASSIFICATION,0,9,roc_auc,rtx-pro-6000,False,"{""dropout"": 0.4, ""num_layers"": 1}",bd5f6266,r4,0.6948009296808039,,8850.383483085003,17.66575965199445,,,,0.9524702825546302,0.90326561926682,0.9491477870519744,0.6948009296808039,,,,,,,,,,
relgt,rel-avito,user-visits,BINARY_CLASSIFICATION,0,9,roc_auc,rtx-pro-6000,False,"{""dropout"": 0.5, ""num_layers"": 1}",efce81a6,r5,0.6969500610504381,,8826.791867927,17.94559717700031,,,,0.9525558568920922,0.9034991160479002,0.949303425917813,0.6969500610504381,,,,,,,,,,
relgt,rel-avito,user-visits,BINARY_CLASSIFICATION,0,9,roc_auc,rtx-pro-6000,False,"{""dropout"": 0.3, ""num_layers"": 8}",726f85a4,r6,0.694588148376799,,17345.428104146995,26.506726802006597,,,,0.952853212838134,0.9034991160479002,0.949303425917813,0.694588148376799,,,,,,,,,,
relgt,rel-avito,user-visits,BINARY_CLASSIFICATION,0,9,roc_auc,rtx-pro-6000,True,"{""dropout"": 0.4, ""num_layers"": 8}",c727cd64,r7,0.6992048397061973,0.6621416518137903,17386.366410535004,26.45294527799706,17576.243795499002,34.546005384007,,0.9538965141075204,0.9034991160479002,0.949303425917813,0.6992048397061973,0.9158762471971188,0.8505909380276232,0.9192641340113672,0.6621416518137903,,,,,,
relgt,rel-avito,user-visits,BINARY_CLASSIFICATION,0,9,roc_auc,rtx-pro-6000,False,"{""dropout"": 0.5, ""num_layers"": 8}",e90e29bb,r8,0.6971381358078539,,17352.66155628,26.167025873000966,,,,0.9531106253695978,0.9034991160479002,0.949303425917813,0.6971381358078539,,,,,,,,,,
relgt,rel-avito,user-clicks,BINARY_CLASSIFICATION,0,9,roc_auc,rtx-pro-6000,False,"{""dropout"": 0.3, ""num_layers"": 4}",2561398c,default,0.6601750522615132,0.6447175734012326,8800.415729145,14.451694346000297,8600.044486810002,34.18615694799519,,0.0718114052118667,0.9648302884388424,0.0,0.6601750522615132,0.03696490807708,0.984582048504042,0.0,0.6447175734012326,,,,,,
relgt,rel-avito,user-clicks,BINARY_CLASSIFICATION,0,9,roc_auc,rtx-pro-6000,True,"{""dropout"": 0.4, ""num_layers"": 4}",855e34e2,r1,0.6633623970614022,0.6443529836337099,8511.393963084,14.715235949002818,8800.204031072994,36.22845985800086,,0.0747691735994351,0.9648302884388424,0.0,0.6633623970614022,0.0332600668808166,0.984582048504042,0.0,0.6443529836337099,,,,,,
relgt,rel-avito,user-clicks,BINARY_CLASSIFICATION,0,9,roc_auc,rtx-pro-6000,False,"{""dropout"": 0.5, ""num_layers"": 4}",3fddeb60,r2,0.6571439501757157,,8513.519677448,14.644497216999298,,,,0.0799826322998707,0.9648302884388424,0.0,0.6571439501757157,,,,,,,,,,
relgt,rel-avito,user-clicks,BINARY_CLASSIFICATION,0,9,roc_auc,rtx-pro-6000,False,"{""dropout"": 0.3, ""num_layers"": 1}",276448bd,r3,0.6526865011943143,,6029.192275448,12.335081335000725,,,,0.0678416258578561,0.9648302884388424,0.0,0.6526865011943143,,,,,,,,,,
relgt,rel-avito,user-clicks,BINARY_CLASSIFICATION,0,9,roc_auc,rtx-pro-6000,False,"{""dropout"": 0.4, ""num_layers"": 1}",bd5f6266,r4,0.6455110923132394,,6042.836378923996,12.343144144004327,,,,0.0665847117615014,0.9648302884388424,0.0,0.6455110923132394,,,,,,,,,,
relgt,rel-avito,user-clicks,BINARY_CLASSIFICATION,0,9,roc_auc,rtx-pro-6000,False,"{""dropout"": 0.5, ""num_layers"": 1}",efce81a6,r5,0.6517188668823898,,6043.435399538997,11.997127857001033,,,,0.0685525550549216,0.9648302884388424,0.0,0.6517188668823898,,,,,,,,,,
relgt,rel-avito,user-clicks,BINARY_CLASSIFICATION,0,9,roc_auc,rtx-pro-6000,False,"{""dropout"": 0.3, ""num_layers"": 8}",726f85a4,r6,0.6587144226014051,,11916.246522459003,18.52756925099675,,,,0.0756786628010636,0.9648302884388424,0.0,0.6587144226014051,,,,,,,,,,
relgt,rel-avito,user-clicks,BINARY_CLASSIFICATION,0,9,roc_auc,rtx-pro-6000,False,"{""dropout"": 0.4, ""num_layers"": 8}",c727cd64,r7,0.6591082146626465,,11915.870532427003,18.812368789003813,,,,0.0755629267817928,0.9648302884388424,0.0,0.6591082146626465,,,,,,,,,,
relgt,rel-avito,user-clicks,BINARY_CLASSIFICATION,0,9,roc_auc,rtx-pro-6000,False,"{""dropout"": 0.5, ""num_layers"": 8}",e90e29bb,r8,0.6568800319972469,,11897.021619445004,18.28372589200444,,,,0.0666151845931969,0.9648302884388424,0.0,0.6568800319972469,,,,,,,,,,
relgt,rel-event,user-attendance,REGRESSION,0,9,mae,rtx-pro-6000,True,"{""dropout"": 0.3, ""num_layers"": 4}",2561398c,default,0.2441808931103991,0.2614932039769726,3487.689019918,1.4586845660001018,3524.4881467279993,3.0538479599999846,,,,,,,,,,-0.0709918145868664,0.2441808931103991,0.5415291401026288,-0.1435406448677307,0.2614932039769726,0.6869569654702333
relgt,rel-event,user-attendance,REGRESSION,0,9,mae,rtx-pro-6000,False,"{""dropout"": 0.4, ""num_layers"": 4}",855e34e2,r1,0.2486365993223677,,2532.245749565,1.4519854679992932,,,,,,,,,,,,-0.1170933490157992,0.2486365993223677,0.5530615781545579,,,
relgt,rel-event,user-attendance,REGRESSION,0,9,mae,rtx-pro-6000,False,"{""dropout"": 0.5, ""num_layers"": 4}",3fddeb60,r2,0.2575216726160122,,2530.5605291949996,1.4541570879991923,,,,,,,,,,,,-0.2421977241343942,0.2575216726160122,0.5832088694589651,,,
relgt,rel-event,user-attendance,REGRESSION,0,9,mae,rtx-pro-6000,False,"{""dropout"": 0.3, ""num_layers"": 1}",276448bd,r3,0.2483712435452564,,1784.3623246660009,1.4431591339998704,,,,,,,,,,,,-0.0803270343767077,0.2483712435452564,0.5438841185465547,,,
relgt,rel-event,user-attendance,REGRESSION,0,9,mae,rtx-pro-6000,False,"{""dropout"": 0.4, ""num_layers"": 1}",bd5f6266,r4,0.2521323977453346,,1780.9133860059992,1.2178584079993016,,,,,,,,,,,,-0.1742880982178156,0.2521323977453346,0.5670431195329259,,,
relgt,rel-event,user-attendance,REGRESSION,0,9,mae,rtx-pro-6000,False,"{""dropout"": 0.5, ""num_layers"": 1}",efce81a6,r5,0.2539854893144571,,1786.8903343109996,1.2285640480004076,,,,,,,,,,,,-0.1956465899315624,0.2539854893144571,0.5721767021864568,,,
relgt,rel-event,user-attendance,REGRESSION,0,9,mae,rtx-pro-6000,False,"{""dropout"": 0.3, ""num_layers"": 8}",726f85a4,r6,0.244917724332841,,3513.290018220998,1.769389263001358,,,,,,,,,,,,-0.0603423532999112,0.244917724332841,0.5388300525117407,,,
relgt,rel-event,user-attendance,REGRESSION,0,9,mae,rtx-pro-6000,False,"{""dropout"": 0.4, ""num_layers"": 8}",c727cd64,r7,0.2560235620920358,,3517.5961414699996,1.767887863003125,,,,,,,,,,,,-0.1820883131588295,0.2560235620920358,0.5689232958997396,,,
relgt,rel-event,user-attendance,REGRESSION,0,9,mae,rtx-pro-6000,False,"{""dropout"": 0.5, ""num_layers"": 8}",e90e29bb,r8,0.2575216726160122,,3513.8323653359985,1.7693454020009085,,,,,,,,,,,,-0.2421977241343942,0.2575216726160122,0.5832088694589651,,,
relgt,rel-event,user-repeat,BINARY_CLASSIFICATION,0,9,roc_auc,rtx-pro-6000,False,"{""dropout"": 0.3, ""num_layers"": 4}",2561398c,default,0.6827134746842777,0.6664438502673797,1406.699444068,0.3349089789999198,497.7081804449999,0.0961006079996877,,0.6524260599261456,0.6463878326996197,0.6642599277978339,0.6827134746842777,0.5646489222220962,0.6178861788617886,0.5607476635514018,0.6664438502673797,,,,,,
relgt,rel-event,user-repeat,BINARY_CLASSIFICATION,0,9,roc_auc,rtx-pro-6000,False,"{""dropout"": 0.4, ""num_layers"": 4}",855e34e2,r1,0.7116209014019232,,495.79644763400006,0.1113472360000287,,,,0.6718808784868603,0.6577946768060836,0.6959459459459459,0.7116209014019232,,,,,,,,,,
relgt,rel-event,user-repeat,BINARY_CLASSIFICATION,0,9,roc_auc,rtx-pro-6000,False,"{""dropout"": 0.5, ""num_layers"": 4}",3fddeb60,r2,0.6954582319545823,,487.61501707,0.3384740020001118,,,,0.6466902433460555,0.6653992395437263,0.6716417910447762,0.6954582319545823,,,,,,,,,,
relgt,rel-event,user-repeat,BINARY_CLASSIFICATION,0,9,roc_auc,rtx-pro-6000,False,"{""dropout"": 0.3, ""num_layers"": 1}",276448bd,r3,0.6942996176572819,,341.8444548880002,0.0791620879999754,,,,0.6463893925513736,0.6387832699619772,0.6666666666666666,0.6942996176572819,,,,,,,,,,
relgt,rel-event,user-repeat,BINARY_CLASSIFICATION,0,9,roc_auc,rtx-pro-6000,False,"{""dropout"": 0.4, ""num_layers"": 1}",bd5f6266,r4,0.70269957131271,,342.174415812,0.07945246700001,,,,0.6684253371255211,0.623574144486692,0.6644067796610169,0.70269957131271,,,,,,,,,,
relgt,rel-event,user-repeat,BINARY_CLASSIFICATION,0,9,roc_auc,rtx-pro-6000,False,"{""dropout"": 0.5, ""num_layers"": 1}",efce81a6,r5,0.7183408643262658,,341.61216103499964,0.0789193380001052,,,,0.6900975938876185,0.6425855513307985,0.6845637583892618,0.7183408643262658,,,,,,,,,,
relgt,rel-event,user-repeat,BINARY_CLASSIFICATION,0,9,roc_auc,rtx-pro-6000,False,"{""dropout"": 0.3, ""num_layers"": 8}",726f85a4,r6,0.6955740933843124,,684.2384673660004,0.3785032599998885,,,,0.6631892224598632,0.6463878326996197,0.6713780918727915,0.6955740933843124,,,,,,,,,,
relgt,rel-event,user-repeat,BINARY_CLASSIFICATION,0,9,roc_auc,rtx-pro-6000,True,"{""dropout"": 0.4, ""num_layers"": 8}",c727cd64,r7,0.7368207623682077,0.7343582887700535,685.3776630129996,0.3815961889995378,1672.560743657,1.2669037050000045,,0.7241059061420333,0.623574144486692,0.4590163934426229,0.7368207623682077,0.6774173525375058,0.6707317073170732,0.6872586872586872,0.7343582887700535,,,,,,
relgt,rel-event,user-repeat,BINARY_CLASSIFICATION,0,9,roc_auc,rtx-pro-6000,False,"{""dropout"": 0.5, ""num_layers"": 8}",e90e29bb,r8,0.694647201946472,,683.5685495170001,0.1536040459996002,,,,0.6415341064926904,0.623574144486692,0.657439446366782,0.694647201946472,,,,,,,,,,
relgt,rel-event,user-ignore,BINARY_CLASSIFICATION,0,9,roc_auc,rtx-pro-6000,False,"{""dropout"": 0.3, ""num_layers"": 4}",2561398c,default,0.8392384274243161,0.7804266979839498,3437.461887034,1.4561645110002246,2561.444061159,1.438238704999094,,0.4984705177935758,0.8852626211116777,0.4827586206896552,0.8392384274243161,0.4612584777432287,0.8774259448416751,0.3908629441624365,0.7804266979839498,,,,,,
relgt,rel-event,user-ignore,BINARY_CLASSIFICATION,0,9,roc_auc,rtx-pro-6000,True,"{""dropout"": 0.4, ""num_layers"": 4}",855e34e2,r1,0.8630255337588069,0.7815066837069531,2515.0440850609994,1.6697475920000215,3516.140858425999,2.979721530999086,,0.5425601740559091,0.8878123406425293,0.4907407407407407,0.8630255337588069,0.4491576374965971,0.8595505617977528,0.4210526315789473,0.7815066837069531,,,,,,
relgt,rel-event,user-ignore,BINARY_CLASSIFICATION,0,9,roc_auc,rtx-pro-6000,False,"{""dropout"": 0.5, ""num_layers"": 4}",3fddeb60,r2,0.8493920151501372,,2516.5729928969995,1.438659954999821,,,,0.5207290090087313,0.8357980622131566,0.4651162790697674,0.8493920151501372,,,,,,,,,,
relgt,rel-event,user-ignore,BINARY_CLASSIFICATION,0,9,roc_auc,rtx-pro-6000,False,"{""dropout"": 0.3, ""num_layers"": 1}",276448bd,r3,0.8391448089916492,,1773.914016697001,1.209070851000433,,,,0.4990391035727705,0.8296787353391127,0.459546925566343,0.8391448089916492,,,,,,,,,,
relgt,rel-event,user-ignore,BINARY_CLASSIFICATION,0,9,roc_auc,rtx-pro-6000,False,"{""dropout"": 0.4, ""num_layers"": 1}",bd5f6266,r4,0.8351539889476753,,1770.9320964120016,1.188255539000238,,,,0.506917324262333,0.8786333503314635,0.4848484848484848,0.8351539889476753,,,,,,,,,,
relgt,rel-event,user-ignore,BINARY_CLASSIFICATION,0,9,roc_auc,rtx-pro-6000,False,"{""dropout"": 0.5, ""num_layers"": 1}",efce81a6,r5,0.8449972984395147,,1773.5055137129984,1.4134950659990864,,,,0.5169162352172204,0.8628250892401835,0.4816955684007707,0.8449972984395147,,,,,,,,,,
relgt,rel-event,user-ignore,BINARY_CLASSIFICATION,0,9,roc_auc,rtx-pro-6000,False,"{""dropout"": 0.3, ""num_layers"": 8}",726f85a4,r6,0.8270707059899748,,3503.5080048130003,1.981159536000632,,,,0.535152453103049,0.5124936257011729,0.2876304023845007,0.8270707059899748,,,,,,,,,,
relgt,rel-event,user-ignore,BINARY_CLASSIFICATION,0,9,roc_auc,rtx-pro-6000,False,"{""dropout"": 0.4, ""num_layers"": 8}",c727cd64,r7,0.8315724151950742,,3505.526534042998,1.9745480900019177,,,,0.4992637636113893,0.8832228454869965,0.4711316397228637,0.8315724151950742,,,,,,,,,,
relgt,rel-event,user-ignore,BINARY_CLASSIFICATION,0,9,roc_auc,rtx-pro-6000,False,"{""dropout"": 0.5, ""num_layers"": 8}",e90e29bb,r8,0.8478941202274662,,3500.3696217510005,1.7480133050012228,,,,0.489351960016823,0.8837327893931668,0.4770642201834862,0.8478941202274662,,,,,,,,,,
relgt,rel-f1,driver-position,REGRESSION,0,9,mae,rtx-pro-6000,False,"{""dropout"": 0.3, ""num_layers"": 4}",2561398c,default,3.7805987990690855,3.929248595906977,968.653347323,0.4203626210000948,942.3665599689994,0.5149545790009142,,,,,,,,,,-0.0253243474851416,3.7805987990690855,4.694409000011322,0.1428126409565946,3.929248595906977,4.824004838857999
relgt,rel-f1,driver-position,REGRESSION,0,9,mae,rtx-pro-6000,False,"{""dropout"": 0.4, ""num_layers"": 4}",855e34e2,r1,3.9159177020460905,,1020.0516445960002,0.192298576000212,,,,,,,,,,,,-0.0680527871989429,3.9159177020460905,4.79122590795906,,,
relgt,rel-f1,driver-position,REGRESSION,0,9,mae,rtx-pro-6000,False,"{""dropout"": 0.5, ""num_layers"": 4}",3fddeb60,r2,3.638719841696536,,943.929938878,0.1917020840000987,,,,,,,,,,,,0.083935795899119,3.638719841696536,4.437243339383264,,,
relgt,rel-f1,driver-position,REGRESSION,0,9,mae,rtx-pro-6000,False,"{""dropout"": 0.3, ""num_layers"": 1}",276448bd,r3,3.753915779034774,,653.895742744,0.3596481309996306,,,,,,,,,,,,0.0169348589917618,3.753915779034774,4.59665001167773,,,
relgt,rel-f1,driver-position,REGRESSION,0,9,mae,rtx-pro-6000,True,"{""dropout"": 0.4, ""num_layers"": 1}",bd5f6266,r4,3.5002372440052736,4.7655289474286535,655.9059941230003,0.3643174769995312,658.8936361150008,1.5326555079991522,,,,,,,,,,0.1268645848491875,3.5002372440052736,4.3320263699508725,-0.3010309058236278,4.7655289474286535,5.943108547556791
relgt,rel-f1,driver-position,REGRESSION,0,9,mae,rtx-pro-6000,False,"{""dropout"": 0.5, ""num_layers"": 1}",efce81a6,r5,3.6458051327314864,,656.2916385830003,0.3615627520002817,,,,,,,,,,,,0.0550700622309632,3.6458051327314864,4.506611224027263,,,
relgt,rel-f1,driver-position,REGRESSION,0,9,mae,rtx-pro-6000,False,"{""dropout"": 0.3, ""num_layers"": 8}",726f85a4,r6,3.7600811190022254,,1327.812105045,0.5027056779999839,,,,,,,,,,,,0.007505831467676,3.7600811190022254,4.618641691081976,,,
relgt,rel-f1,driver-position,REGRESSION,0,9,mae,rtx-pro-6000,False,"{""dropout"": 0.4, ""num_layers"": 8}",c727cd64,r7,3.763438187046854,,1326.599110129,0.5036036289993717,,,,,,,,,,,,0.0112436819403139,3.763438187046854,4.609936311429945,,,
relgt,rel-f1,driver-position,REGRESSION,0,9,mae,rtx-pro-6000,False,"{""dropout"": 0.5, ""num_layers"": 8}",e90e29bb,r8,3.563236009206625,,1329.149299715,0.5009472860001551,,,,,,,,,,,,0.1308305237545624,3.563236009206625,4.322176749062754,,,
relgt,rel-f1,driver-dnf,BINARY_CLASSIFICATION,0,9,roc_auc,rtx-pro-6000,False,"{""dropout"": 0.3, ""num_layers"": 4}",2561398c,default,0.6696780045351474,0.7032840482115845,1459.380663054,0.4480008630000611,1430.8897280689998,0.5014831619992037,,0.8756226246628455,0.7544169611307421,0.8467475192943771,0.6696780045351474,0.8517951257208268,0.7051282051282052,0.8270676691729323,0.7032840482115845,,,,,,
relgt,rel-f1,driver-dnf,BINARY_CLASSIFICATION,0,9,roc_auc,rtx-pro-6000,False,"{""dropout"": 0.4, ""num_layers"": 4}",855e34e2,r1,0.6814875283446712,,1503.1629412439995,0.2223283209996225,,,,0.8877683807800739,0.6925795053003534,0.7986111111111112,0.6814875283446712,,,,,,,,,,
relgt,rel-f1,driver-dnf,BINARY_CLASSIFICATION,0,9,roc_auc,rtx-pro-6000,False,"{""dropout"": 0.5, ""num_layers"": 4}",3fddeb60,r2,0.6702403628117914,,1433.0519105820003,0.220821514999443,,,,0.8754345380474334,0.7031802120141343,0.8032786885245902,0.6702403628117914,,,,,,,,,,
relgt,rel-f1,driver-dnf,BINARY_CLASSIFICATION,0,9,roc_auc,rtx-pro-6000,False,"{""dropout"": 0.3, ""num_layers"": 1}",276448bd,r3,0.67740589569161,,995.754531832,0.3823619389995656,,,,0.8766580834110733,0.773851590106007,0.8699186991869918,0.67740589569161,,,,,,,,,,
relgt,rel-f1,driver-dnf,BINARY_CLASSIFICATION,0,9,roc_auc,rtx-pro-6000,True,"{""dropout"": 0.4, ""num_layers"": 1}",bd5f6266,r4,0.6828117913832199,0.7116673986239204,993.31484259,0.1538467489999675,998.8307321249996,1.595226100000218,,0.8829279457613649,0.7791519434628975,0.8730964467005076,0.6828117913832199,0.8360345728392561,0.688034188034188,0.8046387154326494,0.7116673986239204,,,,,,
relgt,rel-f1,driver-dnf,BINARY_CLASSIFICATION,0,9,roc_auc,rtx-pro-6000,False,"{""dropout"": 0.5, ""num_layers"": 1}",efce81a6,r5,0.6666303854875284,,993.1668869970008,0.3784271610002179,,,,0.8775657249601443,0.5547703180212014,0.6420454545454546,0.6666303854875284,,,,,,,,,,
relgt,rel-f1,driver-dnf,BINARY_CLASSIFICATION,0,9,roc_auc,rtx-pro-6000,False,"{""dropout"": 0.3, ""num_layers"": 8}",726f85a4,r6,0.650140589569161,,2020.6522531969997,0.5472248280002532,,,,0.8649982508959433,0.7809187279151943,0.8726899383983573,0.650140589569161,,,,,,,,,,
relgt,rel-f1,driver-dnf,BINARY_CLASSIFICATION,0,9,roc_auc,rtx-pro-6000,False,"{""dropout"": 0.4, ""num_layers"": 8}",c727cd64,r7,0.6382585034013606,,2018.966790921,0.5444368379994557,,,,0.8650390028925288,0.7473498233215548,0.8477103301384451,0.6382585034013606,,,,,,,,,,
relgt,rel-f1,driver-dnf,BINARY_CLASSIFICATION,0,9,roc_auc,rtx-pro-6000,False,"{""dropout"": 0.5, ""num_layers"": 8}",e90e29bb,r8,0.6632562358276644,,2019.8492332959995,0.5434199690007517,,,,0.8635932090667982,0.5547703180212014,0.6430594900849859,0.6632562358276644,,,,,,,,,,
relgt,rel-f1,driver-top3,BINARY_CLASSIFICATION,0,9,roc_auc,rtx-pro-6000,False,"{""dropout"": 0.3, ""num_layers"": 4}",2561398c,default,0.7005787389582699,0.8112066262541807,231.075577742,0.2304457959999695,206.22621730400033,0.5129539710001154,,0.39507376879064,0.6700680272108843,0.4393063583815029,0.7005787389582699,0.3879371319108461,0.8085399449035813,0.1575757575757575,0.8112066262541807,,,,,,
relgt,rel-f1,driver-top3,BINARY_CLASSIFICATION,0,9,roc_auc,rtx-pro-6000,True,"{""dropout"": 0.4, ""num_layers"": 4}",855e34e2,r1,0.7386895056530075,0.8108408235785952,219.01934943099997,0.2316221209999867,211.97263348100023,1.677035616000012,,0.395014192570419,0.7993197278911565,0.0327868852459016,0.7386895056530075,0.406649352859433,0.8181818181818182,0.4961832061068702,0.8108408235785952,,,,,,
relgt,rel-f1,driver-top3,BINARY_CLASSIFICATION,0,9,roc_auc,rtx-pro-6000,False,"{""dropout"": 0.5, ""num_layers"": 4}",3fddeb60,r2,0.7150740893372275,,206.6717726850001,0.2283942550000119,,,,0.3656314538912903,0.7857142857142857,0.3,0.7150740893372275,,,,,,,,,,
relgt,rel-f1,driver-top3,BINARY_CLASSIFICATION,0,9,roc_auc,rtx-pro-6000,False,"{""dropout"": 0.3, ""num_layers"": 1}",276448bd,r3,0.6933937754206161,,146.02108955200003,0.1572554829999717,,,,0.3298340256749343,0.7687074829931972,0.3644859813084112,0.6933937754206161,,,,,,,,,,
relgt,rel-f1,driver-top3,BINARY_CLASSIFICATION,0,9,roc_auc,rtx-pro-6000,False,"{""dropout"": 0.4, ""num_layers"": 1}",bd5f6266,r4,0.7093225349841429,,147.80537085700007,0.3895561559997986,,,,0.3518999006836585,0.685374149659864,0.416403785488959,0.7093225349841429,,,,,,,,,,
relgt,rel-f1,driver-top3,BINARY_CLASSIFICATION,0,9,roc_auc,rtx-pro-6000,False,"{""dropout"": 0.5, ""num_layers"": 1}",efce81a6,r5,0.6856712834387487,,147.63840335100008,0.3942460099999607,,,,0.3607767821276922,0.6921768707482994,0.3905723905723905,0.6856712834387487,,,,,,,,,,
relgt,rel-f1,driver-top3,BINARY_CLASSIFICATION,0,9,roc_auc,rtx-pro-6000,False,"{""dropout"": 0.3, ""num_layers"": 8}",726f85a4,r6,0.7286018885166006,,283.5680888510001,0.5585151020000012,,,,0.4411960687005298,0.8027210884353742,0.3695652173913043,0.7286018885166006,,,,,,,,,,
relgt,rel-f1,driver-top3,BINARY_CLASSIFICATION,0,9,roc_auc,rtx-pro-6000,False,"{""dropout"": 0.4, ""num_layers"": 8}",c727cd64,r7,0.7213631721345254,,284.18670778499995,0.323964419000049,,,,0.3691432195459368,0.79421768707483,0.1538461538461538,0.7213631721345254,,,,,,,,,,
relgt,rel-f1,driver-top3,BINARY_CLASSIFICATION,0,9,roc_auc,rtx-pro-6000,False,"{""dropout"": 0.5, ""num_layers"": 8}",e90e29bb,r8,0.7017344251133288,,284.434566935,0.5601452959999733,,,,0.3656651627105226,0.6649659863945578,0.4355300859598854,0.7017344251133288,,,,,,,,,,
relgt,rel-hm,user-churn,BINARY_CLASSIFICATION,0,9,roc_auc,rtx-pro-6000,True,"{""dropout"": 0.3, ""num_layers"": 4}",2561398c,default,0.6956102764521721,0.68953100788146,4298.920228421,57.63050902299983,4276.343303843999,59.66701159300101,,0.8959980752911694,0.7778358325931345,0.864990156855274,0.6956102764521721,0.9036276612345164,0.8147234327857861,0.8932068850913194,0.68953100788146,,,,,,
relgt,rel-hm,item-sales,REGRESSION,0,9,mae,rtx-pro-6000,True,"{""dropout"": 0.3, ""num_layers"": 4}",2561398c,default,0.0663050549517927,0.0531676326050059,4216.573880549,78.54254527699959,4200.948377803,82.0066983050001,,,,,,,,,,0.1736321852279032,0.0663050549517927,0.6020538391746433,0.2223521148807008,0.0531676326050059,0.5138569387971873
relgt,rel-stack,user-engagement,BINARY_CLASSIFICATION,0,9,roc_auc,rtx-pro-6000,True,"{""dropout"": 0.3, ""num_layers"": 4}",2561398c,default,0.9040600601733536,0.9067306118101645,7415.595860001,63.47884313099985,7377.057460125,70.78065838600014,,0.4047248365210564,0.975298572676959,0.3496932515337423,0.9040600601733536,0.3958715654425378,0.975186357602369,0.3561966440977333,0.9067306118101645,,,,,,
relgt,rel-stack,post-votes,REGRESSION,0,9,mae,rtx-pro-6000,True,"{""dropout"": 0.3, ""num_layers"": 4}",2561398c,default,0.0616902224719524,0.0679042637348175,8097.056765431,116.88513939699988,8068.250939732001,122.82676037099918,,,,,,,,,,-0.0284039974212646,0.0616902224719524,0.3712007403373718,-0.0338497161865234,0.0679042637348175,0.3752734959125519
relgt,rel-stack,user-badge,BINARY_CLASSIFICATION,0,9,roc_auc,rtx-pro-6000,True,"{""dropout"": 0.3, ""num_layers"": 4}",2561398c,default,0.8881724888758935,0.5742859341821742,8812.746218295,181.17567755100023,8798.860104897,191.6784332060015,,0.3393165653314726,0.9724532938827316,0.2235387945767346,0.8881724888758935,0.0371098457698031,0.973625469924812,0.0,0.5742859341821742,,,,,,
relgt,rel-trial,study-outcome,BINARY_CLASSIFICATION,0,9,roc_auc,rtx-pro-6000,False,"{""dropout"": 0.3, ""num_layers"": 4}",2561398c,default,0.6781079257859444,0.6601225285435812,1626.168170166,0.5954475369999273,1425.730795366002,0.554873689001397,,0.7514970532762258,0.6229166666666667,0.6457925636007827,0.6781079257859444,0.7364080158619357,0.6266666666666667,0.720508166969147,0.6601225285435812,,,,,,
relgt,rel-trial,study-outcome,BINARY_CLASSIFICATION,0,9,roc_auc,rtx-pro-6000,False,"{""dropout"": 0.4, ""num_layers"": 4}",855e34e2,r1,0.683191937061906,,1423.207025024,0.5981192670001292,,,,0.7368474060091051,0.6291666666666667,0.7257318952234206,0.683191937061906,,,,,,,,,,
relgt,rel-trial,study-outcome,BINARY_CLASSIFICATION,0,9,roc_auc,rtx-pro-6000,True,"{""dropout"": 0.5, ""num_layers"": 4}",3fddeb60,r2,0.689580457382315,0.6684949087695085,1425.281528563,0.604622618000576,1551.7455062709996,1.4942996300014784,,0.7457591992352562,0.65625,0.6875,0.689580457382315,0.7377179877829464,0.6242424242424243,0.693069306930693,0.6684949087695085,,,,,,
relgt,rel-trial,study-outcome,BINARY_CLASSIFICATION,0,9,roc_auc,rtx-pro-6000,False,"{""dropout"": 0.3, ""num_layers"": 1}",276448bd,r3,0.6776745786033711,,956.2249737350004,0.4920163599999796,,,,0.7343823796249271,0.646875,0.6965085049239033,0.6776745786033711,,,,,,,,,,
relgt,rel-trial,study-outcome,BINARY_CLASSIFICATION,0,9,roc_auc,rtx-pro-6000,False,"{""dropout"": 0.4, ""num_layers"": 1}",bd5f6266,r4,0.684214993812517,,958.0543134340004,0.4891126590000567,,,,0.7480947825290709,0.6458333333333334,0.735202492211838,0.684214993812517,,,,,,,,,,
relgt,rel-trial,study-outcome,BINARY_CLASSIFICATION,0,9,roc_auc,rtx-pro-6000,False,"{""dropout"": 0.5, ""num_layers"": 1}",efce81a6,r5,0.6859617850329924,,954.8809509920002,0.4777210410002226,,,,0.741948714985884,0.6291666666666667,0.7390029325513197,0.6859617850329924,,,,,,,,,,
relgt,rel-trial,study-outcome,BINARY_CLASSIFICATION,0,9,roc_auc,rtx-pro-6000,False,"{""dropout"": 0.3, ""num_layers"": 8}",726f85a4,r6,0.6767632092709492,,2048.355153169,0.7633153429997037,,,,0.7422416744414083,0.6270833333333333,0.6551059730250481,0.6767632092709492,,,,,,,,,,
relgt,rel-trial,study-outcome,BINARY_CLASSIFICATION,0,9,roc_auc,rtx-pro-6000,False,"{""dropout"": 0.4, ""num_layers"": 8}",c727cd64,r7,0.6783000281452294,,2050.2852463590007,0.7539713679998385,,,,0.7266542080997227,0.6510416666666666,0.7129391602399314,0.6783000281452294,,,,,,,,,,
relgt,rel-trial,study-outcome,BINARY_CLASSIFICATION,0,9,roc_auc,rtx-pro-6000,False,"{""dropout"": 0.5, ""num_layers"": 8}",e90e29bb,r8,0.663414329049004,,2047.4713486380008,0.7595814989999781,,,,0.734077798737208,0.6291666666666667,0.7138263665594855,0.663414329049004,,,,,,,,,,
relgt,rel-trial,study-adverse,REGRESSION,0,9,mae,rtx-pro-6000,False,"{""dropout"": 0.3, ""num_layers"": 4}",2561398c,default,46.234955836269016,45.293079480172594,5346.759865539,2.3137820129995816,5140.422915693998,1.895093719002034,,,,,,,,,,0.0648632667037828,46.234955836269016,378.21853579003414,0.1810665679708788,45.293079480172594,225.95340830569913
relgt,rel-trial,study-adverse,REGRESSION,0,9,mae,rtx-pro-6000,False,"{""dropout"": 0.4, ""num_layers"": 4}",855e34e2,r1,46.68339655218901,,5118.488613419,2.09087276900027,,,,,,,,,,,,0.0614986131038934,46.68339655218901,378.8983463867219,,,
relgt,rel-trial,study-adverse,REGRESSION,0,9,mae,rtx-pro-6000,True,"{""dropout"": 0.5, ""num_layers"": 4}",3fddeb60,r2,45.93353962045146,44.1258866487919,5120.093500608,2.068833130000712,5261.137801211997,3.1740160629997263,,,,,,,,,,0.0665470484488937,45.93353962045146,377.87787737615406,0.1880151212981274,44.1258866487919,224.9927722694152
relgt,rel-trial,study-adverse,REGRESSION,0,9,mae,rtx-pro-6000,False,"{""dropout"": 0.3, ""num_layers"": 1}",276448bd,r3,46.31838198495175,,3434.670318867,1.873157303998596,,,,,,,,,,,,0.0659692125242522,46.31838198495175,377.99481826279265,,,
relgt,rel-trial,study-adverse,REGRESSION,0,9,mae,rtx-pro-6000,False,"{""dropout"": 0.4, ""num_layers"": 1}",bd5f6266,r4,46.57073287925765,,3423.8280843659995,1.631265654003073,,,,,,,,,,,,0.0586480660403261,46.57073287925765,379.47333151407986,,,
relgt,rel-trial,study-adverse,REGRESSION,0,9,mae,rtx-pro-6000,False,"{""dropout"": 0.5, ""num_layers"": 1}",efce81a6,r5,46.54302929937337,,3421.5980477099984,1.8952570030014613,,,,,,,,,,,,0.0662673821208862,46.54302929937337,377.9344800168613,,,
relgt,rel-trial,study-adverse,REGRESSION,0,9,mae,rtx-pro-6000,False,"{""dropout"": 0.3, ""num_layers"": 8}",726f85a4,r6,46.18687447881066,,7399.497056835,2.666357116002473,,,,,,,,,,,,0.0648081370777134,46.18687447881066,378.2296842875781,,,
relgt,rel-trial,study-adverse,REGRESSION,0,9,mae,rtx-pro-6000,False,"{""dropout"": 0.4, ""num_layers"": 8}",c727cd64,r7,46.238190633568806,,7391.254194859001,2.652634115998808,,,,,,,,,,,,0.0639026018269788,46.238190633568806,378.4127576524861,,,
relgt,rel-trial,study-adverse,REGRESSION,0,9,mae,rtx-pro-6000,False,"{""dropout"": 0.5, ""num_layers"": 8}",e90e29bb,r8,46.40900332324266,,7391.914633742003,2.6578210369989392,,,,,,,,,,,,0.0618213119204494,46.40900332324266,378.83319967411785,,,
relgt,rel-trial,site-success,REGRESSION,0,9,mae,rtx-pro-6000,True,"{""dropout"": 0.3, ""num_layers"": 4}",2561398c,default,0.3393558099231071,0.3701097637891369,22128.952443976,14.680862950001028,22234.800988274,18.87695241300389,,,,,,,,,,-0.3368454526306259,0.3393558099231071,0.5523194939263992,-0.4694800914565096,0.3701097637891369,0.5833454885836099
relgt,rel-trial,site-success,REGRESSION,0,9,mae,rtx-pro-6000,False,"{""dropout"": 0.4, ""num_layers"": 4}",855e34e2,r1,0.3678590033860445,,21975.707739417,14.603527017003216,,,,,,,,,,,,-0.4423173904172157,0.3678590033860445,0.57369384461053,,,
relgt,rel-trial,site-success,REGRESSION,0,9,mae,rtx-pro-6000,False,"{""dropout"": 0.5, ""num_layers"": 4}",3fddeb60,r2,0.3528159887958367,,22021.868488517997,14.9639156810008,,,,,,,,,,,,-0.4271885542225933,0.3528159887958367,0.5706771021386562,,,
constant-per-entity,rel-amazon,user-churn,BINARY_CLASSIFICATION,0,0,roc_auc,cpu,True,{},bf21a9e8,default,0.6279544175104324,0.6342053523097839,0.3836871590000044,0.0547341770000002,0.4018305510000175,0.0512459359999866,,0.7226574952563856,0.5985207129470561,0.7281169530495962,0.6279544175104324,0.6956944292540619,0.5994657345439561,0.7115499160695269,0.6342053523097839,,,,,,
constant-per-entity,rel-amazon,user-ltv,REGRESSION,0,0,mae,cpu,True,{},bf21a9e8,default,15.978037687412147,17.423469201585746,0.602855642999998,0.0411775520000219,0.6260127580000017,0.0423097860000041,,,,,,,,,,0.0945505642968339,15.978037687412147,46.553301263607345,0.1680460860569974,17.423469201585746,50.56958418052297
constant-per-entity,rel-amazon,item-churn,BINARY_CLASSIFICATION,0,0,roc_auc,cpu,True,{},bf21a9e8,default,0.7232282001151508,0.7288746210052446,0.1230026669999801,0.0109553810000022,0.1120834209999941,0.013389544000006,,0.6329168472501344,0.6882980938606217,0.5977915432265015,0.7232282001151508,0.5989045073397712,0.7115474520804114,0.5847560591469945,0.7288746210052446,,,,,,
constant-per-entity,rel-amazon,item-ltv,REGRESSION,0,0,mae,cpu,True,{},bf21a9e8,default,67.79331064571382,65.35141896665806,0.2645784169999956,0.0125395720000085,0.2431899489999978,0.0126883190000057,,,,,,,,,,-0.1047941949331607,67.79331064571382,475.1106599124107,0.0998687414649983,65.35141896665806,630.552512172017
constant-per-entity,rel-avito,ad-ctr,REGRESSION,0,0,mae,cpu,True,{},bf21a9e8,default,0.0383096218827383,0.041200773751751,0.0248902449999945,0.0004223120000119,0.0013256240000032,0.0003777660000139,,,,,,,,,,-0.1168374777839387,0.0383096218827383,0.1048362817618342,-0.0560700690156601,0.041200773751751,0.1127879866915361
constant-per-entity,rel-avito,user-visits,BINARY_CLASSIFICATION,0,0,roc_auc,cpu,True,{},bf21a9e8,default,0.6146166686136684,0.6027028222247506,0.0257303650000153,0.0017546429999981,0.0067234509999991,0.0016841169999963,,0.925259372462517,0.8662397011241202,0.9398144844809132,0.6146166686136684,0.8803648878836554,0.8194801959644606,0.9093540965122126,0.6027028222247506,,,,,,
constant-per-entity,rel-avito,user-clicks,BINARY_CLASSIFICATION,0,0,roc_auc,cpu,True,{},bf21a9e8,default,0.5830467132220479,0.5041429030605008,0.0244873099999836,0.0011124720000168,0.0053036230000031,0.0022526479999953,,0.0619941163530955,0.953594863805882,0.1367159971811134,0.5830467132220479,0.0216394582585433,0.9784773731144262,0.0641361256544502,0.5041429030605008,,,,,,
constant-per-entity,rel-event,user-attendance,REGRESSION,0,0,mae,cpu,True,{},bf21a9e8,default,0.2659357470678225,0.2691521961184882,0.0316729680000094,0.0004372439999826,0.0022059030000036,0.0004525699999931,,,,,,,,,,-0.1467514972050272,0.2659357470678225,0.5603552089740714,-0.0426769298449649,0.2691521961184882,0.6559618938084001
constant-per-entity,rel-event,user-repeat,BINARY_CLASSIFICATION,0,0,roc_auc,cpu,True,{},bf21a9e8,default,0.7327076816127911,0.7518048128342246,0.0508602879999955,0.0002885910000145,0.0008442359999776,0.0003072370000154,,0.664107162329389,0.6653992395437263,0.6789667896678967,0.7327076816127911,0.7072124609517457,0.6910569105691057,0.6473029045643154,0.7518048128342246,,,,,,
constant-per-entity,rel-event,user-ignore,BINARY_CLASSIFICATION,0,0,roc_auc,cpu,True,{},bf21a9e8,default,0.8177583467519755,0.8399295361127423,0.0253046880000056,0.0004289130000074,0.0017014119999885,0.0004424119999839,,0.4263008596255478,0.9010708822029576,0.5059288537549407,0.8177583467519755,0.5147325034127248,0.8840653728294178,0.5227722772277228,0.8399295361127423,,,,,,
constant-per-entity,rel-f1,driver-position,REGRESSION,0,0,mae,cpu,True,{},bf21a9e8,default,3.6463927855711424,4.103508771929825,0.0360049330000151,0.0002878440000131,0.0011366470000098,0.0002504969999961,,,,,,,,,,0.0582299319250483,3.6463927855711424,4.499069802916639,0.1081800650126634,4.103508771929825,4.920491023047876
constant-per-entity,rel-f1,driver-dnf,BINARY_CLASSIFICATION,0,0,roc_auc,cpu,True,{},bf21a9e8,default,0.5911746031746032,0.6992582833162543,0.0218457499999829,0.0002429779999886,0.000875542000017,0.0002429659999734,,0.8195181472385793,0.7756183745583038,0.8718466195761857,0.5911746031746032,0.839917633220289,0.6737891737891738,0.819081908190819,0.6992582833162543,,,,,,
constant-per-entity,rel-f1,driver-top3,BINARY_CLASSIFICATION,0,0,roc_auc,cpu,True,{},bf21a9e8,default,0.5605436204332479,0.5565295777591973,0.0235747709999998,0.0002777320000006,0.0005666590000146,0.0002524490000155,,0.3025360994420646,0.79421768707483,0.1768707482993197,0.5605436204332479,0.2915256077287137,0.8044077134986226,0.3771929824561403,0.5565295777591973,,,,,,
constant-per-entity,rel-hm,user-churn,BINARY_CLASSIFICATION,0,0,roc_auc,cpu,True,{},bf21a9e8,default,0.6418940226256571,0.6479723267463038,0.2569526550000205,0.0207463750000158,0.2190297260000022,0.0277169320000041,,0.8681979277663265,0.7835701969799885,0.8885832598328675,0.6418940226256571,0.8808155267295241,0.794528997653369,0.8950725963187378,0.6479723267463038,,,,,,
constant-per-entity,rel-hm,item-sales,REGRESSION,0,0,mae,cpu,True,{},bf21a9e8,default,0.0860557092059742,0.0780331868845528,0.3129960440000161,0.0038324889999898,0.2531076390000066,0.0041393050000237,,,,,,,,,,0.0532716692594323,0.0860557092059742,0.6444085884385978,0.0417963229968886,0.0780331868845528,0.570400167353262
constant-per-entity,rel-stack,user-engagement,BINARY_CLASSIFICATION,0,0,roc_auc,cpu,True,{},bf21a9e8,default,0.8318489540383407,0.826716580242398,0.0694592650000061,0.002959885999985,0.0556172969999977,0.0031713989999957,,0.2379820443223976,0.9681328284299446,0.3351212186226132,0.8318489540383407,0.2406000384927004,0.9697970205475568,0.3278973689932594,0.826716580242398,,,,,,
constant-per-entity,rel-stack,post-votes,REGRESSION,0,0,mae,cpu,True,{},bf21a9e8,default,0.063879500179239,0.0693740949516168,0.1608585599999799,0.0072107979999884,0.1410241230000224,0.0076826340000195,,,,,,,,,,0.2845605114640736,0.063879500179239,0.3096088800834322,0.2722103643411138,0.0693740949516168,0.314863338938959
constant-per-entity,rel-stack,user-badge,BINARY_CLASSIFICATION,0,0,roc_auc,cpu,True,{},bf21a9e8,default,0.8101805942871226,0.7889561356577733,0.1305687710000143,0.0095035159999952,0.122105198000014,0.0085337659999993,,0.2066496125632362,0.9699310422881348,0.2369020501138952,0.8101805942871226,0.1798983610136063,0.9725759711779448,0.2266401590457256,0.7889561356577733,,,,,,
constant-per-entity,rel-trial,study-outcome,BINARY_CLASSIFICATION,0,0,roc_auc,cpu,True,{},bf21a9e8,default,0.5,0.5,0.0190630870000063,0.0005500800000106,0.0018416890000025,0.0005273750000185,,0.584375,0.584375,0.73767258382643,0.5,0.5854545454545454,0.5854545454545454,0.7385321100917431,0.5,,,,,,
constant-per-entity,rel-trial,study-adverse,REGRESSION,0,0,mae,cpu,True,{},bf21a9e8,default,56.78587319243604,57.53324725629438,0.0309639489999824,0.000934983999997,0.0049326380000138,0.001086387999976,,,,,,,,,,-0.0198345621296311,56.78587319243604,394.9754600169141,-0.0501770075627718,57.53324725629438,255.87381770606345
constant-per-entity,rel-trial,site-success,REGRESSION,0,0,mae,cpu,True,{},bf21a9e8,default,0.4498474235856166,0.4411477475199991,0.0405140089999918,0.0022611610000069,0.0184964139999976,0.0022544969999955,,,,,,,,,,-0.8092803521923608,0.4498474235856166,0.6425437502086625,-0.7510814245142436,0.4411477475199991,0.6367913577726738
tabpfn-rel-client,rel-amazon,user-churn,BINARY_CLASSIFICATION,0,3,roc_auc,cpu,False,"{""context_strategy"": ""hard_pool"", ""max_depth"": 2, ""pool_inflation"": 4.0, ""subsample_samples"": 100000, ""tfm"": ""tabpfn-v3-api"", ""with_text"": true}",705b778a,default,0.6987575002171248,0.7018539358960074,756.694623998,647.300232341,277.7236497839999,229.850758046,,0.7826688925852548,0.7007555052319225,0.7922256598633001,0.6987575002171248,0.7593050489931694,0.6798357417906419,0.7806363553168828,0.7018539358960074,,,,,,
tabpfn-rel-client,rel-amazon,user-churn,BINARY_CLASSIFICATION,0,3,roc_auc,cpu,False,"{""context_strategy"": ""hard_pool"", ""max_depth"": 3, ""pool_inflation"": 4.0, ""subsample_samples"": 100000, ""tfm"": ""tabpfn-v3-api"", ""with_text"": true}",425f346a,r1,0.7005778248226765,,605.5088166369999,368.95838507900044,,,,0.7843180256344195,0.7009531664844604,0.7916352822556649,0.7005778248226765,,,,,,,,,,
tabpfn-rel-client,rel-amazon,user-churn,BINARY_CLASSIFICATION,0,3,roc_auc,cpu,True,"{""context_strategy"": ""hard_pool"", ""max_depth"": 4, ""pool_inflation"": 4.0, ""subsample_samples"": 100000, ""tfm"": ""tabpfn-v3-api"", ""with_text"": true}",5f7f6332,r2,0.7053841575001802,0.7086491891485106,357.7455710029999,414.82079152200004,390.0715096189997,255.62326241999972,,0.7883282233873067,0.7021147313759175,0.7912213459759087,0.7053841575001802,0.7651273981035128,0.6836551714338491,0.7820830307170977,0.7086491891485106,,,,,,
tabpfn-rel-client,rel-amazon,user-ltv,REGRESSION,0,3,mae,cpu,False,"{""context_strategy"": ""hard_pool"", ""max_depth"": 2, ""pool_inflation"": 4.0, ""subsample_samples"": 100000, ""tfm"": ""tabpfn-v3-api"", ""with_text"": true}",705b778a,default,12.049986980581071,14.376211005713262,894.1468252660001,492.996442375,90.10162525899977,236.59938989500006,,,,,,,,,,0.25186603192325696,12.049986980581071,42.31633723166286,0.18415037588604843,14.376211005713262,50.077749897202985
tabpfn-rel-client,rel-amazon,user-ltv,REGRESSION,0,3,mae,cpu,False,"{""context_strategy"": ""hard_pool"", ""max_depth"": 3, ""pool_inflation"": 4.0, ""subsample_samples"": 100000, ""tfm"": ""tabpfn-v3-api"", ""with_text"": true}",425f346a,r1,12.042520933407303,,567.9298776779999,918.207698014,,,,,,,,,,,,0.2494816037537998,12.042520933407303,42.38371821032456,,,
tabpfn-rel-client,rel-amazon,user-ltv,REGRESSION,0,3,mae,cpu,True,"{""context_strategy"": ""hard_pool"", ""max_depth"": 4, ""pool_inflation"": 4.0, ""subsample_samples"": 100000, ""tfm"": ""tabpfn-v3-api"", ""with_text"": true}",5f7f6332,r2,12.006086086445382,14.35821180025244,440.7919540070002,401.790999971,372.1840599040006,313.9136973499999,,,,,,,,,,0.2505090185499389,12.006086086445382,42.35469788751662,0.178669275371645,14.35821180025244,50.24568630660258
tabpfn-rel-client,rel-amazon,item-churn,BINARY_CLASSIFICATION,0,3,roc_auc,cpu,True,"{""context_strategy"": ""hard_pool"", ""max_depth"": 2, ""pool_inflation"": 4.0, ""subsample_samples"": 100000, ""tfm"": ""tabpfn-v3-api"", ""with_text"": true}",705b778a,default,0.8218971606438998,0.8279955929355153,180.43533288899997,163.32955547499995,345.30938398299986,172.88666004599963,,0.7302488138837723,0.7368942365593818,0.6483591699197448,0.8218971606438998,0.7066312892202928,0.7530957432780715,0.6715725356379756,0.8279955929355153,,,,,,
tabpfn-rel-client,rel-amazon,item-churn,BINARY_CLASSIFICATION,0,3,roc_auc,cpu,False,"{""context_strategy"": ""hard_pool"", ""max_depth"": 3, ""pool_inflation"": 4.0, ""subsample_samples"": 100000, ""tfm"": ""tabpfn-v3-api"", ""with_text"": true}",425f346a,r1,0.821895487813144,,730.972983456,3706.753627569,,,,0.7301039895944917,0.7353972389962238,0.6418380017216031,0.821895487813144,,,,,,,,,,
tabpfn-rel-client,rel-amazon,item-churn,BINARY_CLASSIFICATION,0,3,roc_auc,cpu,False,"{""context_strategy"": ""hard_pool"", ""max_depth"": 4, ""pool_inflation"": 4.0, ""subsample_samples"": 100000, ""tfm"": ""tabpfn-v3-api"", ""with_text"": true}",5f7f6332,r2,0.8216878184958745,,357.73368322900023,222.37927306599977,,,,0.7298895982584757,0.735599840170185,0.6436432867859554,0.8216878184958745,,,,,,,,,,
tabpfn-rel-client,rel-amazon,item-ltv,REGRESSION,0,3,mae,cpu,False,"{""context_strategy"": ""hard_pool"", ""max_depth"": 2, ""pool_inflation"": 4.0, ""subsample_samples"": 100000, ""tfm"": ""tabpfn-v3-api"", ""with_text"": true}",705b778a,default,43.319825513362865,46.76221314271464,416.345245494,218.23041963499998,302.14731722600027,193.66840058800062,,,,,,,,,,0.09107809361327779,43.319825513362865,430.94055655283,0.04295703341258428,46.76221314271464,650.1806741796346
tabpfn-rel-client,rel-amazon,item-ltv,REGRESSION,0,3,mae,cpu,False,"{""context_strategy"": ""hard_pool"", ""max_depth"": 3, ""pool_inflation"": 4.0, ""subsample_samples"": 100000, ""tfm"": ""tabpfn-v3-api"", ""with_text"": true}",425f346a,r1,43.249486274711,,669.3378998710001,3722.0991290150005,,,,,,,,,,,,0.09074934091457454,43.249486274711,431.01848407425325,,,
tabpfn-rel-client,rel-amazon,item-ltv,REGRESSION,0,3,mae,cpu,True,"{""context_strategy"": ""hard_pool"", ""max_depth"": 4, ""pool_inflation"": 4.0, ""subsample_samples"": 100000, ""tfm"": ""tabpfn-v3-api"", ""with_text"": true}",5f7f6332,r2,43.198250923776705,46.76818119562782,299.8353303800004,181.41950776500016,286.43095877199994,195.22146689300007,,,,,,,,,,0.09057989892814089,43.198250923776705,431.05864309159796,0.04301787571666005,46.76818119562782,650.1600068112933
tabpfn-rel-client,rel-avito,ad-ctr,REGRESSION,0,3,mae,cpu,True,"{""context_strategy"": ""hard_pool"", ""max_depth"": 2, ""pool_inflation"": 4.0, ""subsample_samples"": 100000, ""tfm"": ""tabpfn-v3-api"", ""with_text"": true}",705b778a,default,0.029315606498702563,0.031079915919200386,346.178899363,469.49729911099996,17.117261317000157,9.293023801000345,,,,,,,,,,0.20599818767420064,0.029315606498702563,0.08839493212169015,0.27208038465440065,0.031079915919200386,0.09363930650170632
tabpfn-rel-client,rel-avito,ad-ctr,REGRESSION,0,3,mae,cpu,False,"{""context_strategy"": ""hard_pool"", ""max_depth"": 3, ""pool_inflation"": 4.0, ""subsample_samples"": 100000, ""tfm"": ""tabpfn-v3-api"", ""with_text"": true}",425f346a,r1,0.029429087872441653,,354.86897803600004,3608.0295920569997,,,,,,,,,,,,0.18842795809307433,0.029429087872441653,0.08936761308440581,,,
tabpfn-rel-client,rel-avito,ad-ctr,REGRESSION,0,3,mae,cpu,False,"{""context_strategy"": ""hard_pool"", ""max_depth"": 4, ""pool_inflation"": 4.0, ""subsample_samples"": 100000, ""tfm"": ""tabpfn-v3-api"", ""with_text"": true}",5f7f6332,r2,0.030472530851769132,,14.352485288000025,12.620245887999772,,,,,,,,,,,,0.15933525010996608,0.030472530851769132,0.09095530582341554,,,
tabpfn-rel-client,rel-avito,user-visits,BINARY_CLASSIFICATION,0,3,roc_auc,cpu,False,"{""context_strategy"": ""hard_pool"", ""max_depth"": 2, ""pool_inflation"": 4.0, ""subsample_samples"": 100000, ""tfm"": ""tabpfn-v3-api"", ""with_text"": true}",705b778a,default,0.7013317020036218,0.6682161540419418,329.97864737399993,484.13217101399994,14.361474778999764,58.044697764000375,,0.9558313569678654,0.9034991160479002,0.949303425917813,0.7013317020036218,0.9200917090013405,0.8505909380276232,0.9192641340113671,0.6682161540419418,,,,,,
tabpfn-rel-client,rel-avito,user-visits,BINARY_CLASSIFICATION,0,3,roc_auc,cpu,False,"{""context_strategy"": ""hard_pool"", ""max_depth"": 3, ""pool_inflation"": 4.0, ""subsample_samples"": 100000, ""tfm"": ""tabpfn-v3-api"", ""with_text"": true}",425f346a,r1,0.701390348147656,,346.4921869970001,3643.5605044430004,,,,0.9558604898466929,0.9034991160479002,0.949303425917813,0.701390348147656,,,,,,,,,,
tabpfn-rel-client,rel-avito,user-visits,BINARY_CLASSIFICATION,0,3,roc_auc,cpu,True,"{""context_strategy"": ""hard_pool"", ""max_depth"": 4, ""pool_inflation"": 4.0, ""subsample_samples"": 100000, ""tfm"": ""tabpfn-v3-api"", ""with_text"": true}",5f7f6332,r2,0.701655528769995,0.6680259540745401,8.05630558699977,46.035745679000684,14.362493352000456,58.53455986300014,,0.9558801913907915,0.9034991160479002,0.949303425917813,0.701655528769995,0.9200027362144076,0.8505909380276232,0.9192641340113671,0.6680259540745401,,,,,,
tabpfn-rel-client,rel-avito,user-clicks,BINARY_CLASSIFICATION,0,3,roc_auc,cpu,True,"{""context_strategy"": ""hard_pool"", ""max_depth"": 2, ""pool_inflation"": 4.0, ""subsample_samples"": 100000, ""tfm"": ""tabpfn-v3-api"", ""with_text"": true}",705b778a,default,0.6647887111191091,0.6751906664790743,316.45338528,418.46039174500004,104.16750390800007,675.5078097879996,,0.09843938302565906,0.9648302884388424,0.0,0.6647887111191091,0.047296492957938155,0.984582048504042,0.0,0.6751906664790743,,,,,,
tabpfn-rel-client,rel-avito,user-clicks,BINARY_CLASSIFICATION,0,3,roc_auc,cpu,False,"{""context_strategy"": ""hard_pool"", ""max_depth"": 3, ""pool_inflation"": 4.0, ""subsample_samples"": 100000, ""tfm"": ""tabpfn-v3-api"", ""with_text"": true}",425f346a,r1,0.663381016149021,,365.7803548039999,389.24899255599985,,,,0.0970000822339299,0.9648302884388424,0.0,0.663381016149021,,,,,,,,,,
tabpfn-rel-client,rel-avito,user-clicks,BINARY_CLASSIFICATION,0,3,roc_auc,cpu,False,"{""context_strategy"": ""hard_pool"", ""max_depth"": 4, ""pool_inflation"": 4.0, ""subsample_samples"": 100000, ""tfm"": ""tabpfn-v3-api"", ""with_text"": true}",5f7f6332,r2,0.6597834931772701,,310.63207579000004,141.6462117709998,,,,0.09771327620615111,0.9648302884388424,0.0,0.6597834931772701,,,,,,,,,,
tabpfn-rel-client,rel-event,user-attendance,REGRESSION,0,3,mae,cpu,False,"{""context_strategy"": ""hard_pool"", ""max_depth"": 2, ""pool_inflation"": 4.0, ""subsample_samples"": 100000, ""tfm"": ""tabpfn-v3-api"", ""with_text"": true}",705b778a,default,0.23356361752324906,0.2344732278213214,296.090684784,30.560913742000025,11.500646565000352,58.17547635499977,,,,,,,,,,0.0352566041206811,0.23356361752324906,0.5139663222163638,0.062224474809645436,0.2344732278213214,0.6220899364041464
tabpfn-rel-client,rel-event,user-attendance,REGRESSION,0,3,mae,cpu,True,"{""context_strategy"": ""hard_pool"", ""max_depth"": 3, ""pool_inflation"": 4.0, ""subsample_samples"": 100000, ""tfm"": ""tabpfn-v3-api"", ""with_text"": true}",425f346a,r1,0.23320950444212848,0.24394361489760763,454.24330247200004,361.1546676769999,64.48405649799952,24.698759144000178,,,,,,,,,,0.013831857262303182,0.23320950444212848,0.5196419932529298,0.014309547256130095,0.24394361489760763,0.6377845637238844
tabpfn-rel-client,rel-event,user-attendance,REGRESSION,0,3,mae,cpu,False,"{""context_strategy"": ""hard_pool"", ""max_depth"": 4, ""pool_inflation"": 4.0, ""subsample_samples"": 100000, ""tfm"": ""tabpfn-v3-api"", ""with_text"": true}",5f7f6332,r2,0.23883179909434366,,403.5374622249999,3638.6035982000003,,,,,,,,,,,,-0.007460251442477306,0.23883179909434366,0.5252217661065602,,,
tabpfn-rel-client,rel-event,user-repeat,BINARY_CLASSIFICATION,0,3,roc_auc,cpu,False,"{""context_strategy"": ""hard_pool"", ""max_depth"": 2, ""pool_inflation"": 4.0, ""subsample_samples"": 100000, ""tfm"": ""tabpfn-v3-api"", ""with_text"": true}",705b778a,default,0.7296083883675125,0.7568850267379679,15.884965902000005,326.569904638,37.0949812810004,73.2315158829997,,0.6703932005510328,0.6920152091254753,0.7197231833910035,0.7296083883675125,0.7231625177003969,0.7195121951219512,0.7136929460580913,0.7568850267379679,,,,,,
tabpfn-rel-client,rel-event,user-repeat,BINARY_CLASSIFICATION,0,3,roc_auc,cpu,False,"{""context_strategy"": ""hard_pool"", ""max_depth"": 3, ""pool_inflation"": 4.0, ""subsample_samples"": 100000, ""tfm"": ""tabpfn-v3-api"", ""with_text"": true}",425f346a,r1,0.7331711273317113,,469.427120213,339.40809558800004,,,,0.688163623953302,0.6692015209125475,0.7128712871287128,0.7331711273317113,,,,,,,,,,
tabpfn-rel-client,rel-event,user-repeat,BINARY_CLASSIFICATION,0,3,roc_auc,cpu,True,"{""context_strategy"": ""hard_pool"", ""max_depth"": 4, ""pool_inflation"": 4.0, ""subsample_samples"": 100000, ""tfm"": ""tabpfn-v3-api"", ""with_text"": true}",5f7f6332,r2,0.7430772795736299,0.7592914438502675,391.13684884500003,3628.540300684,57.89696933199957,23.52407825699993,,0.6855817298491141,0.6920152091254753,0.7308970099667774,0.7430772795736299,0.7029593978429136,0.7154471544715447,0.72,0.7592914438502675,,,,,,
tabpfn-rel-client,rel-event,user-ignore,BINARY_CLASSIFICATION,0,3,roc_auc,cpu,True,"{""context_strategy"": ""hard_pool"", ""max_depth"": 2, ""pool_inflation"": 4.0, ""subsample_samples"": 100000, ""tfm"": ""tabpfn-v3-api"", ""with_text"": true}",705b778a,default,0.8726816063853121,0.8786593439489713,308.47568426699996,374.773653241,154.6048892409999,64.17662012200026,,0.572589856266079,0.9107598164201938,0.5430809399477807,0.8726816063853121,0.5621316775248089,0.8953013278855976,0.46475195822454307,0.8786593439489713,,,,,,
tabpfn-rel-client,rel-event,user-ignore,BINARY_CLASSIFICATION,0,3,roc_auc,cpu,False,"{""context_strategy"": ""hard_pool"", ""max_depth"": 3, ""pool_inflation"": 4.0, ""subsample_samples"": 100000, ""tfm"": ""tabpfn-v3-api"", ""with_text"": true}",425f346a,r1,0.8617335993880031,,416.687379351,408.741425403,,,,0.5941509060360941,0.9138194798572157,0.5721518987341773,0.8617335993880031,,,,,,,,,,
tabpfn-rel-client,rel-event,user-ignore,BINARY_CLASSIFICATION,0,3,roc_auc,cpu,False,"{""context_strategy"": ""hard_pool"", ""max_depth"": 4, ""pool_inflation"": 4.0, ""subsample_samples"": 100000, ""tfm"": ""tabpfn-v3-api"", ""with_text"": true}",5f7f6332,r2,0.8398509594551942,,347.1853505790002,131.76310724499967,,,,0.5851497887028215,0.9133095359510454,0.5707070707070707,0.8398509594551942,,,,,,,,,,
tabpfn-rel-client,rel-f1,driver-position,REGRESSION,0,3,mae,cpu,False,"{""context_strategy"": ""hard_pool"", ""max_depth"": 2, ""pool_inflation"": 4.0, ""subsample_samples"": 100000, ""tfm"": ""tabpfn-v3-api"", ""with_text"": true}",705b778a,default,3.7383135354749824,3.769999161603158,31.103183275999996,350.899538207,36.92023649299972,81.94299363600021,,,,,,,,,,0.02335619988214699,3.7383135354749824,4.581612851927008,0.22246850251588945,3.769999161603158,4.594400509170265
tabpfn-rel-client,rel-f1,driver-position,REGRESSION,0,3,mae,cpu,True,"{""context_strategy"": ""hard_pool"", ""max_depth"": 3, ""pool_inflation"": 4.0, ""subsample_samples"": 100000, ""tfm"": ""tabpfn-v3-api"", ""with_text"": true}",425f346a,r1,3.6499330265170027,3.7691813721573144,448.114564771,351.4558819680001,67.21905073300059,19.886305553000057,,,,,,,,,,0.06126197038294867,3.6499330265170027,4.491821563426393,0.22697392726505683,3.7691813721573144,4.581069988615195
tabpfn-rel-client,rel-f1,driver-position,REGRESSION,0,3,mae,cpu,False,"{""context_strategy"": ""hard_pool"", ""max_depth"": 4, ""pool_inflation"": 4.0, ""subsample_samples"": 100000, ""tfm"": ""tabpfn-v3-api"", ""with_text"": true}",5f7f6332,r2,3.807843281287867,,398.192837909,3608.562264696,,,,,,,,,,,,-0.04319792656465227,3.807843281287867,4.735148976154698,,,
tabpfn-rel-client,rel-f1,driver-dnf,BINARY_CLASSIFICATION,0,3,roc_auc,cpu,False,"{""context_strategy"": ""hard_pool"", ""max_depth"": 2, ""pool_inflation"": 4.0, ""subsample_samples"": 100000, ""tfm"": ""tabpfn-v3-api"", ""with_text"": true}",705b778a,default,0.6253061224489795,0.7199726735958619,18.074512055000014,318.055735356,17.987054870000065,60.858820982,,0.8568069322573663,0.7720848056537103,0.8693009118541033,0.6253061224489795,0.8399749050603582,0.7065527065527065,0.8192982456140351,0.7199726735958619,,,,,,
tabpfn-rel-client,rel-f1,driver-dnf,BINARY_CLASSIFICATION,0,3,roc_auc,cpu,True,"{""context_strategy"": ""hard_pool"", ""max_depth"": 3, ""pool_inflation"": 4.0, ""subsample_samples"": 100000, ""tfm"": ""tabpfn-v3-api"", ""with_text"": true}",425f346a,r1,0.6301315192743764,0.7321719611574685,447.390849407,342.755074755,67.07079828399947,56.31629082899963,,0.862029218739877,0.7438162544169611,0.8497409326424871,0.6301315192743764,0.8464790276739385,0.7065527065527065,0.8192982456140351,0.7321719611574685,,,,,,
tabpfn-rel-client,rel-f1,driver-dnf,BINARY_CLASSIFICATION,0,3,roc_auc,cpu,False,"{""context_strategy"": ""hard_pool"", ""max_depth"": 4, ""pool_inflation"": 4.0, ""subsample_samples"": 100000, ""tfm"": ""tabpfn-v3-api"", ""with_text"": true}",5f7f6332,r2,0.6141133786848073,,395.6019258179999,3609.4891569,,,,0.8390878046000457,0.6678445229681979,0.7915742793791575,0.6141133786848073,,,,,,,,,,
tabpfn-rel-client,rel-f1,driver-top3,BINARY_CLASSIFICATION,0,3,roc_auc,cpu,True,"{""context_strategy"": ""hard_pool"", ""max_depth"": 2, ""pool_inflation"": 4.0, ""subsample_samples"": 100000, ""tfm"": ""tabpfn-v3-api"", ""with_text"": true}",705b778a,default,0.6944867499238501,0.771425585284281,31.22050905799999,341.623390182,46.910893903000215,54.28243921500052,,0.3453169904246194,0.7346938775510204,0.23529411764705882,0.6944867499238501,0.3639110527509124,0.800275482093664,0.35555555555555557,0.771425585284281,,,,,,
tabpfn-rel-client,rel-f1,driver-top3,BINARY_CLASSIFICATION,0,3,roc_auc,cpu,False,"{""context_strategy"": ""hard_pool"", ""max_depth"": 3, ""pool_inflation"": 4.0, ""subsample_samples"": 100000, ""tfm"": ""tabpfn-v3-api"", ""with_text"": true}",425f346a,r1,0.6848112379280071,,457.223000046,347.577474358,,,,0.3443348590762322,0.7585034013605442,0.1839080459770115,0.6848112379280071,,,,,,,,,,
tabpfn-rel-client,rel-f1,driver-top3,BINARY_CLASSIFICATION,0,3,roc_auc,cpu,False,"{""context_strategy"": ""hard_pool"", ""max_depth"": 4, ""pool_inflation"": 4.0, ""subsample_samples"": 100000, ""tfm"": ""tabpfn-v3-api"", ""with_text"": true}",5f7f6332,r2,0.671498450126319,,391.2004250109999,3604.8900958139993,,,,0.3341111775172705,0.7585034013605442,0.1839080459770115,0.671498450126319,,,,,,,,,,
tabpfn-rel-client,rel-hm,user-churn,BINARY_CLASSIFICATION,0,3,roc_auc,cpu,True,"{""context_strategy"": ""hard_pool"", ""max_depth"": 2, ""pool_inflation"": 4.0, ""subsample_samples"": 100000, ""tfm"": ""tabpfn-v3-api"", ""with_text"": true}",705b778a,default,0.7075813414345148,0.7052152396487823,630.748184464,387.00242623400004,203.3883980319997,82.52429315900008,,0.9014933620893786,0.8208370343278123,0.8991930149490673,0.7075813414345148,0.9084832571433491,0.8312839423399262,0.9055929888800516,0.7052152396487823,,,,,,
tabpfn-rel-client,rel-hm,user-churn,BINARY_CLASSIFICATION,0,3,roc_auc,cpu,False,"{""context_strategy"": ""hard_pool"", ""max_depth"": 3, ""pool_inflation"": 4.0, ""subsample_samples"": 100000, ""tfm"": ""tabpfn-v3-api"", ""with_text"": true}",425f346a,r1,0.7059063760246431,,552.1554529790001,3652.8593137960006,,,,0.9003505329015924,0.8205235383248863,0.8989423515394007,0.7059063760246431,,,,,,,,,,
tabpfn-rel-client,rel-hm,user-churn,BINARY_CLASSIFICATION,0,3,roc_auc,cpu,False,"{""context_strategy"": ""hard_pool"", ""max_depth"": 4, ""pool_inflation"": 4.0, ""subsample_samples"": 100000, ""tfm"": ""tabpfn-v3-api"", ""with_text"": true}",5f7f6332,r2,0.7051252560319905,,235.78194128500036,81.23507005400006,,,,0.8992610882326871,0.8204974136579759,0.8989618257749544,0.7051252560319905,,,,,,,,,,
tabpfn-rel-client,rel-hm,item-sales,REGRESSION,0,3,mae,cpu,False,"{""context_strategy"": ""hard_pool"", ""max_depth"": 2, ""pool_inflation"": 4.0, ""subsample_samples"": 100000, ""tfm"": ""tabpfn-v3-api"", ""with_text"": true}",705b778a,default,0.06886966984705353,0.06048621617198081,596.656764003,450.5346106190001,174.01282796399937,120.48939072399935,,,,,,,,,,0.1106417324629011,0.06886966984705353,0.6245784656642925,0.11077633637347784,0.06048621617198081,0.5494854959901405
tabpfn-rel-client,rel-hm,item-sales,REGRESSION,0,3,mae,cpu,False,"{""context_strategy"": ""hard_pool"", ""max_depth"": 3, ""pool_inflation"": 4.0, ""subsample_samples"": 100000, ""tfm"": ""tabpfn-v3-api"", ""with_text"": true}",425f346a,r1,0.06884130931853831,,485.30498645600005,3723.8002544340006,,,,,,,,,,,,0.11083352675332081,0.06884130931853831,0.6245111153921618,,,
tabpfn-rel-client,rel-hm,item-sales,REGRESSION,0,3,mae,cpu,True,"{""context_strategy"": ""hard_pool"", ""max_depth"": 4, ""pool_inflation"": 4.0, ""subsample_samples"": 100000, ""tfm"": ""tabpfn-v3-api"", ""with_text"": true}",5f7f6332,r2,0.06883084193401044,0.06050739108093068,211.6456257760001,120.39152663799996,175.0250612589998,144.2740571989998,,,,,,,,,,0.11096891958438215,0.06883084193401044,0.6244635666206492,0.11065009127136982,0.06050739108093068,0.5495245004574143
tabpfn-rel-client,rel-stack,user-engagement,BINARY_CLASSIFICATION,0,3,roc_auc,cpu,True,"{""context_strategy"": ""hard_pool"", ""max_depth"": 2, ""pool_inflation"": 4.0, ""subsample_samples"": 100000, ""tfm"": ""tabpfn-v3-api"", ""with_text"": true}",705b778a,default,0.9068279952846876,0.9059940164322988,354.492443062,77.50831984299998,126.147807091,75.6426989659999,,0.40823940734637915,0.9754034372269152,0.32491205628397823,0.9068279952846876,0.400331841964758,0.9756969263759828,0.29306930693069305,0.9059940164322988,,,,,,
tabpfn-rel-client,rel-stack,user-engagement,BINARY_CLASSIFICATION,0,3,roc_auc,cpu,False,"{""context_strategy"": ""hard_pool"", ""max_depth"": 3, ""pool_inflation"": 4.0, ""subsample_samples"": 100000, ""tfm"": ""tabpfn-v3-api"", ""with_text"": true}",425f346a,r1,0.9058450157626987,,178.29450929300003,92.71416345599994,,,,0.4075760257894227,0.9754733469268861,0.3172234836198508,0.9058450157626987,,,,,,,,,,
tabpfn-rel-client,rel-stack,user-engagement,BINARY_CLASSIFICATION,0,3,roc_auc,cpu,False,"{""context_strategy"": ""hard_pool"", ""max_depth"": 4, ""pool_inflation"": 4.0, ""subsample_samples"": 100000, ""tfm"": ""tabpfn-v3-api"", ""with_text"": true}",5f7f6332,r2,0.9058542456758444,,262.859825873,99.9633427629999,,,,0.4074458404450058,0.9754966501602097,0.3222687721559781,0.9058542456758444,,,,,,,,,,
tabpfn-rel-client,rel-stack,post-votes,REGRESSION,0,3,mae,cpu,False,"{""context_strategy"": ""hard_pool"", ""max_depth"": 2, ""pool_inflation"": 4.0, ""subsample_samples"": 100000, ""tfm"": ""tabpfn-v3-api"", ""with_text"": true}",705b778a,default,0.061582377844395096,0.06787321469191178,744.281790485,509.86631356500004,359.8628923189999,177.84905078500014,,,,,,,,,,0.0017009550354225578,0.061582377844395096,0.36572721818319287,-0.008190921425712983,0.06787321469191178,0.3705873191812702
tabpfn-rel-client,rel-stack,post-votes,REGRESSION,0,3,mae,cpu,False,"{""context_strategy"": ""hard_pool"", ""max_depth"": 3, ""pool_inflation"": 4.0, ""subsample_samples"": 100000, ""tfm"": ""tabpfn-v3-api"", ""with_text"": true}",425f346a,r1,0.0615768416411201,,638.601186567,789.1911897109999,,,,,,,,,,,,0.0018800345144348585,0.0615768416411201,0.36569441379584455,,,
tabpfn-rel-client,rel-stack,post-votes,REGRESSION,0,3,mae,cpu,True,"{""context_strategy"": ""hard_pool"", ""max_depth"": 4, ""pool_inflation"": 4.0, ""subsample_samples"": 100000, ""tfm"": ""tabpfn-v3-api"", ""with_text"": true}",5f7f6332,r2,0.061575283367947854,0.06788175450819699,431.9671541739999,270.5121753870003,404.4034198590002,181.37816851900016,,,,,,,,,,0.0014956835463807439,0.061575283367947854,0.36576481689285056,-0.00828225403897731,0.06788175450819699,0.3706041046635982
tabpfn-rel-client,rel-stack,user-badge,BINARY_CLASSIFICATION,0,3,roc_auc,cpu,False,"{""context_strategy"": ""hard_pool"", ""max_depth"": 2, ""pool_inflation"": 4.0, ""subsample_samples"": 100000, ""tfm"": ""tabpfn-v3-api"", ""with_text"": true}",705b778a,default,0.8902525862833585,0.8751902797233335,263.68888872,246.04070972200003,238.28778071299985,145.83000932999994,,0.3297156567018269,0.9719844137786078,0.1289430689958527,0.8902525862833585,0.278301724991413,0.9745574874686717,0.16005171299288945,0.8751902797233335,,,,,,
tabpfn-rel-client,rel-stack,user-badge,BINARY_CLASSIFICATION,0,3,roc_auc,cpu,True,"{""context_strategy"": ""hard_pool"", ""max_depth"": 3, ""pool_inflation"": 4.0, ""subsample_samples"": 100000, ""tfm"": ""tabpfn-v3-api"", ""with_text"": true}",425f346a,r1,0.894692811906295,0.8803863055267221,367.59082019100015,170.27798668800006,392.1347200309999,162.78511827400007,,0.3390597993768778,0.9720652551758705,0.1305824632029186,0.894692811906295,0.2827397485066916,0.9746514724310777,0.15085924176833268,0.8803863055267221,,,,,,
tabpfn-rel-client,rel-stack,user-badge,BINARY_CLASSIFICATION,0,3,roc_auc,cpu,False,"{""context_strategy"": ""hard_pool"", ""max_depth"": 4, ""pool_inflation"": 4.0, ""subsample_samples"": 100000, ""tfm"": ""tabpfn-v3-api"", ""with_text"": true}",5f7f6332,r2,0.893933022197575,,314.65918156299995,188.3196152559999,,,,0.3404877406585609,0.9720127082676497,0.1244309559939302,0.893933022197575,,,,,,,,,,
tabpfn-rel-client,rel-trial,study-outcome,BINARY_CLASSIFICATION,0,3,roc_auc,cpu,False,"{""context_strategy"": ""hard_pool"", ""max_depth"": 2, ""pool_inflation"": 4.0, ""subsample_samples"": 100000, ""tfm"": ""tabpfn-v3-api"", ""with_text"": true}",705b778a,default,0.6991587703662008,0.7577518675916846,371.654566443,446.76741247500007,39.9876700599998,10.16919851000057,,0.7790138998252629,0.64375,0.7348837209302326,0.6991587703662008,0.8109687259527554,0.6993939393939393,0.762906309751434,0.7577518675916846,,,,,,
tabpfn-rel-client,rel-trial,study-outcome,BINARY_CLASSIFICATION,0,3,roc_auc,cpu,False,"{""context_strategy"": ""hard_pool"", ""max_depth"": 3, ""pool_inflation"": 4.0, ""subsample_samples"": 100000, ""tfm"": ""tabpfn-v3-api"", ""with_text"": true}",425f346a,r1,0.7016918410107265,,421.480651815,3605.6108630299996,,,,0.7810328313890909,0.6333333333333333,0.7283950617283951,0.7016918410107265,,,,,,,,,,
tabpfn-rel-client,rel-trial,study-outcome,BINARY_CLASSIFICATION,0,3,roc_auc,cpu,True,"{""context_strategy"": ""hard_pool"", ""max_depth"": 4, ""pool_inflation"": 4.0, ""subsample_samples"": 100000, ""tfm"": ""tabpfn-v3-api"", ""with_text"": true}",5f7f6332,r2,0.7054579407520585,0.7647016090952018,675.5739003090002,10.879037266000523,48.349573219000376,8.711524733999795,,0.7877020957148253,0.6447916666666667,0.7338017174082748,0.7054579407520585,0.8243307637590023,0.6909090909090909,0.7564469914040115,0.7647016090952018,,,,,,
tabpfn-rel-client,rel-trial,study-adverse,REGRESSION,0,3,mae,cpu,False,"{""context_strategy"": ""hard_pool"", ""max_depth"": 2, ""pool_inflation"": 4.0, ""subsample_samples"": 100000, ""tfm"": ""tabpfn-v3-api"", ""with_text"": true}",705b778a,default,42.646066153936864,39.965652226716315,167.665090218,200.045171825,106.95678105800016,33.6526444430001,,,,,,,,,,0.06410648659447948,42.646066153936864,378.371545702353,0.17198430795125896,39.965652226716315,227.20290493463804
tabpfn-rel-client,rel-trial,study-adverse,REGRESSION,0,3,mae,cpu,True,"{""context_strategy"": ""hard_pool"", ""max_depth"": 3, ""pool_inflation"": 4.0, ""subsample_samples"": 100000, ""tfm"": ""tabpfn-v3-api"", ""with_text"": true}",425f346a,r1,42.59772941443626,39.75367384990756,160.35996028600005,29.04977155000006,108.129724453,56.874251566999874,,,,,,,,,,0.06448007830862024,42.59772941443626,378.2960186355086,0.17298571164217202,39.75367384990756,227.06547356544337
tabpfn-rel-client,rel-trial,study-adverse,REGRESSION,0,3,mae,cpu,False,"{""context_strategy"": ""hard_pool"", ""max_depth"": 4, ""pool_inflation"": 4.0, ""subsample_samples"": 100000, ""tfm"": ""tabpfn-v3-api"", ""with_text"": true}",5f7f6332,r2,42.75831531607406,,147.533852829,41.05171191900001,,,,,,,,,,,,0.06298207383167242,42.75831531607406,378.5987713854016,,,
tabpfn-rel-client,rel-trial,site-success,REGRESSION,0,3,mae,cpu,False,"{""context_strategy"": ""hard_pool"", ""max_depth"": 2, ""pool_inflation"": 4.0, ""subsample_samples"": 100000, ""tfm"": ""tabpfn-v3-api"", ""with_text"": true}",705b778a,default,0.4358891743549977,0.41278308612114034,509.987903716,466.91619544899993,155.228621364,107.62350710400005,,,,,,,,,,-0.7504912954389826,0.4358891743549977,0.6320184376279093,-0.6339118274665474,0.41278308612114034,0.6151178054506361
tabpfn-rel-client,rel-trial,site-success,REGRESSION,0,3,mae,cpu,False,"{""context_strategy"": ""hard_pool"", ""max_depth"": 3, ""pool_inflation"": 4.0, ""subsample_samples"": 100000, ""tfm"": ""tabpfn-v3-api"", ""with_text"": true}",425f346a,r1,0.43859528363590994,,525.7009365220001,3687.16038457,,,,,,,,,,,,-0.7634688823668221,0.43859528363590994,0.6343569035297657,,,
tabpfn-rel-client,rel-trial,site-success,REGRESSION,0,3,mae,cpu,True,"{""context_strategy"": ""hard_pool"", ""max_depth"": 4, ""pool_inflation"": 4.0, ""subsample_samples"": 100000, ""tfm"": ""tabpfn-v3-api"", ""with_text"": true}",5f7f6332,r2,0.43319425749990825,0.4126243814386134,168.70337988000028,128.29393872800028,181.20494840500032,108.03688031599995,,,,,,,,,,-0.7402192140302863,0.43319425749990825,0.6301613312635677,-0.63242798720538,0.4126243814386134,0.6148384317813319
rt-plurel,rel-amazon,item-churn,BINARY_CLASSIFICATION,0,0,roc_auc,rtx-pro-6000,True,{},bf21a9e8,default,0.5,0.8326564517340881,20461.910145038997,0.0006511999999929685,11818.923157432997,1774.843507175996,,0.41219208842415683,0.5878079115758432,0.0,0.5,0.7138920870924367,0.7578307620383357,0.668264967650826,0.8326564517340881,,,,,,
rt-plurel,rel-amazon,item-ltv,REGRESSION,0,0,mae,rtx-pro-6000,True,{},bf21a9e8,default,72.09635778366012,43.02801193578878,18790.148258960002,0.0004995300005248282,10256.355817472002,1884.106198734,,,,,,,,,,-0.02544008071116899,72.09635778366012,457.7298415816089,0.1499130053627752,43.02801193578878,612.7735691273427
rt-plurel,rel-amazon,user-churn,BINARY_CLASSIFICATION,0,0,roc_auc,rtx-pro-6000,True,{},bf21a9e8,default,0.5,0.7134602518707344,31960.126832537,0.000615760000073351,23113.628324605997,3673.4612357990045,,0.6420281508667812,0.3579718491332188,0.0,0.5,0.767534712483279,0.6907995509896699,0.7806132119222657,0.7134602518707344,,,,,,
rt-plurel,rel-amazon,user-ltv,REGRESSION,0,0,mae,rtx-pro-6000,True,{},bf21a9e8,default,14.1407152409027,13.943010817577695,14998.411700257999,0.0005623500001092907,6946.56288039,3669.7624887059974,,,,,,,,,,-0.08354221548121465,14.1407152409027,50.92620345868564,0.2651026126031585,13.943010817577695,47.52838963133538
rt-plurel,rel-avito,ad-ctr,REGRESSION,0,0,mae,rtx-pro-6000,True,{},bf21a9e8,default,0.048414460851862066,0.03484798996041257,7340.504208285,0.00012272999993001577,352.78840401900015,62.91825156399955,,,,,,,,,,-0.2381863998319289,0.048414460851862066,0.11038489135136283,0.13568096365772653,0.03484798996041257,0.10203602147096574
rt-plurel,rel-avito,user-clicks,BINARY_CLASSIFICATION,0,0,roc_auc,rtx-pro-6000,True,{},bf21a9e8,default,0.5,0.5833763852094858,10240.912153117999,0.0002543799982959172,3436.7435610739994,204.0948844300001,,0.03516971156115753,0.9648302884388424,0.0,0.5,0.02742820374599602,0.9828735727977331,0.026066350710900472,0.5833763852094858,,,,,,
rt-plurel,rel-avito,user-visits,BINARY_CLASSIFICATION,0,0,roc_auc,rtx-pro-6000,True,{},bf21a9e8,default,0.5,0.6708865160107784,8641.120671333,0.000312379999741097,1381.6825682419985,240.23775493700123,,0.9034991160479002,0.0965008839520998,0.0,0.5,0.9186589690651015,0.8506462952199064,0.9192336476575363,0.6708865160107784,,,,,,
rt-plurel,rel-event,user-attendance,REGRESSION,0,0,mae,rtx-pro-6000,True,{},bf21a9e8,default,0.2575216726160122,0.2409492669717946,10346.006569408999,6.897999992361292e-05,3237.155334739,45.1918173590002,,,,,,,,,,-0.24219772413439422,0.2575216726160122,0.5832088694589651,0.07523587412807764,0.2409492669717946,0.6177591913080247
rt-plurel,rel-event,user-ignore,BINARY_CLASSIFICATION,0,0,roc_auc,rtx-pro-6000,True,{},bf21a9e8,default,0.5,0.8475769403474837,7398.8297135660005,4.867000006925082e-05,285.78400925799997,60.37838090600053,,0.10912799592044875,0.8908720040795512,0.0,0.5,0.5509260142887097,0.898876404494382,0.4896907216494845,0.8475769403474837,,,,,,
rt-plurel,rel-event,user-repeat,BINARY_CLASSIFICATION,0,0,roc_auc,rtx-pro-6000,True,{},bf21a9e8,default,0.5,0.7913770053475936,6377.159783209,0.00011530000028869836,117.88494009900023,54.79009606099953,,0.4790874524714829,0.5209125475285171,0.0,0.5,0.7695338556640983,0.7398373983739838,0.7398373983739838,0.7913770053475936,,,,,,
rt-plurel,rel-f1,driver-dnf,BINARY_CLASSIFICATION,0,0,roc_auc,rtx-pro-6000,True,{},bf21a9e8,default,0.5,0.7314595227638706,6706.817492143,0.0005481600001076004,218.41680301900033,20.737274400999922,,0.7791519434628975,0.22084805653710246,0.0,0.5,0.8443236868975705,0.7193732193732194,0.8233183856502242,0.7314595227638706,,,,,,
rt-plurel,rel-f1,driver-position,REGRESSION,0,0,mae,rtx-pro-6000,True,{},bf21a9e8,default,11.083199732798931,3.8176990515954525,6491.056690349999,6.385999949998222e-05,173.26977494200037,43.337507940999785,,,,,,,,,,-5.715177727399352,11.083199732798931,12.013762588740999,0.21341597179489802,3.8176990515954525,4.6210686211652705
rt-plurel,rel-f1,driver-top3,BINARY_CLASSIFICATION,0,0,roc_auc,rtx-pro-6000,True,{},bf21a9e8,default,0.5,0.7588576505016723,6642.2619527550005,7.422999988193624e-05,89.47038867300034,22.223770639999202,,0.20238095238095238,0.7976190476190477,0.0,0.5,0.30266161201177916,0.7699724517906336,0.3070539419087137,0.7588576505016723,,,,,,
rt-plurel,rel-hm,item-sales,REGRESSION,0,0,mae,rtx-pro-6000,True,{},bf21a9e8,default,0.08569022180582607,0.04025803612594561,31344.152016897,0.0006053710021660663,22430.122092085,1103.8293379789975,,,,,,,,,,-0.016740378289115343,0.08569022180582607,0.6678111543867765,0.5865070016936487,0.04025803612594561,0.37470096168972544
rt-plurel,rel-hm,user-churn,BINARY_CLASSIFICATION,0,0,roc_auc,rtx-pro-6000,True,{},bf21a9e8,default,0.5,0.7043558019426033,28299.854743965,0.0001411600023857318,17780.826876129002,479.53887844899873,,0.8128036992528346,0.18719630074716548,0.0,0.5,0.9088582462819985,0.8301843781428092,0.904706006290728,0.7043558019426033,,,,,,
rt-plurel,rel-stack,post-votes,REGRESSION,0,0,mae,rtx-pro-6000,True,{},bf21a9e8,default,0.06169022379269729,0.06346346647579107,15822.134094685,0.000535150000359863,7003.8345293,1704.0422429190003,,,,,,,,,,-0.028403952768761398,0.06169022379269729,0.37120073154604993,0.2830890506070928,0.06346346647579107,0.3125012580191488
rt-plurel,rel-stack,user-badge,BINARY_CLASSIFICATION,0,0,roc_auc,rtx-pro-6000,True,{},bf21a9e8,default,0.5,0.8916122223827189,19697.483590132997,0.000614690001384588,11407.483361080998,388.8721613630005,,0.029511152070752392,0.9704888479292476,0.0,0.5,0.2952337413200873,0.9747102130325814,0.17308923313276148,0.8916122223827189,,,,,,
rt-plurel,rel-stack,user-engagement,BINARY_CLASSIFICATION,0,0,roc_auc,rtx-pro-6000,True,{},bf21a9e8,default,0.5,0.8967753215991768,13506.376386738,0.00017843000023276545,73.16434291399855,495.1749415909999,,0.028033789688319256,0.9719662103116807,0.0,0.5,0.33887548924436944,0.9743013717281052,0.17964505613908005,0.8967753215991768,,,,,,
rt-plurel,rel-trial,site-success,REGRESSION,0,0,mae,rtx-pro-6000,True,{},bf21a9e8,default,0.4749371681853262,0.410357158865836,7892.104751912,0.00047045999963302165,530.404103290999,263.39414385800046,,,,,,,,,,-0.9884911295891567,0.4749371681853262,0.6736147669976768,-0.553115122245724,0.410357158865836,0.5997162467736853
rt-plurel,rel-trial,study-adverse,REGRESSION,0,0,mae,rtx-pro-6000,True,{},bf21a9e8,default,57.08286985539488,32.65279084821988,19666.173605572,0.00042723000296973623,5494.373126277002,65.77134932199988,,,,,,,,,,-0.021301054201287917,57.08286985539488,395.25933954176776,0.5807398270176709,32.65279084821988,161.67259183993906
rt-plurel,rel-trial,study-outcome,BINARY_CLASSIFICATION,0,0,roc_auc,rtx-pro-6000,True,{},bf21a9e8,default,0.5,0.7234874626178973,7034.920698588,0.0016347989994756063,187.31770937300007,35.20238448799955,,0.584375,0.415625,0.0,0.5,0.7814530931726813,0.6654545454545454,0.710691823899371,0.7234874626178973,,,,,,
kurversc,rel-amazon,user-churn,BINARY_CLASSIFICATION,0,,roc_auc,cpu,True,,,,,0.7103474725269594,,,,,,,,,,0.7670516010032995,0.6874291316765421,0.7762390981940689,0.7103474725269594,,,,,,,system,1641.370571172
kurversc,rel-amazon,user-ltv,REGRESSION,0,,mae,cpu,True,,,,,14.020545396703737,,,,,,,,,,,,,,,,,0.25892945961270686,14.020545396703737,47.72759189981889,system,2366.598640433
kurversc,rel-amazon,item-churn,BINARY_CLASSIFICATION,0,,roc_auc,cpu,True,,,,,0.8272563078304169,,,,,,,,,,0.7035085575161785,0.7535692451540978,0.65164750438459,0.8272563078304169,,,,,,,system,2709.616665096
kurversc,rel-amazon,item-ltv,REGRESSION,0,,mae,cpu,True,,,,,42.27307965112372,,,,,,,,,,,,,,,,,0.18065026684580388,42.27307965112372,601.5933082944966,system,1346.7994756189998
kurversc,rel-avito,ad-ctr,REGRESSION,0,,mae,cpu,True,,,,,0.033440256656712096,,,,,,,,,,,,,,,,,0.17812082060821355,0.033440256656712096,0.09949940110024383,system,541.725939547
kurversc,rel-avito,user-visits,BINARY_CLASSIFICATION,0,,roc_auc,cpu,True,,,,,0.6747209700197735,,,,,,,,,,0.9217723367362374,0.8506186166237648,0.9192609768868277,0.6747209700197735,,,,,,,system,804.496737673
kurversc,rel-avito,user-clicks,BINARY_CLASSIFICATION,0,,roc_auc,cpu,True,,,,,0.6584055821311408,,,,,,,,,,0.04973620794009461,0.9842278523210267,0.015604681404421327,0.6584055821311408,,,,,,,system,1314.808309541
kurversc,rel-event,user-attendance,REGRESSION,0,,mae,cpu,True,,,,,0.25866836280179156,,,,,,,,,,,,,,,,,0.0900943410294216,0.25866836280179156,0.6127762320241796,system,696.261222489
kurversc,rel-event,user-repeat,BINARY_CLASSIFICATION,0,,roc_auc,cpu,True,,,,,0.7796791443850267,,,,,,,,,,0.7222541114482645,0.7073170731707317,0.7,0.7796791443850267,,,,,,,system,624.299428747
kurversc,rel-event,user-ignore,BINARY_CLASSIFICATION,0,,roc_auc,cpu,True,,,,,0.8326275430900486,,,,,,,,,,0.5453529001849923,0.8947906026557712,0.44324324324324327,0.8326275430900486,,,,,,,system,1517.9907981459999
kurversc,rel-f1,driver-position,REGRESSION,0,,mae,cpu,True,,,,,3.863205039685559,,,,,,,,,,,,,,,,,0.20337786787575962,3.863205039685559,4.65046135569738,system,3534.8594542049996
kurversc,rel-f1,driver-dnf,BINARY_CLASSIFICATION,0,,roc_auc,cpu,True,,,,,0.7464841653247452,,,,,,,,,,0.8550388246817757,0.7364672364672364,0.8406546080964685,0.7464841653247452,,,,,,,system,2334.882206447
kurversc,rel-f1,driver-top3,BINARY_CLASSIFICATION,0,,roc_auc,cpu,True,,,,,0.6649574101170569,,,,,,,,,,0.2679842699464326,0.8209366391184573,0.0,0.6649574101170569,,,,,,,system,1751.089461122
kurversc,rel-hm,user-churn,BINARY_CLASSIFICATION,0,,roc_auc,cpu,True,,,,,0.6969156246407915,,,,,,,,,,0.9064408403988731,0.8290445859872612,0.9042328638497653,0.6969156246407915,,,,,,,system,932.411496236
kurversc,rel-hm,item-sales,REGRESSION,0,,mae,cpu,True,,,,,0.032167650743673504,,,,,,,,,,,,,,,,,0.7161565714299853,0.032167650743673504,0.3104489174325694,system,1692.406136007
kurversc,rel-stack,user-engagement,BINARY_CLASSIFICATION,0,,roc_auc,cpu,True,,,,,0.9030269609869758,,,,,,,,,,0.3996674022702706,0.9758444240216935,0.29104229104229107,0.9030269609869758,,,,,,,system,3288.421429161
kurversc,rel-stack,post-votes,REGRESSION,0,,mae,cpu,True,,,,,0.0632428620476629,,,,,,,,,,,,,,,,,0.30113389184858497,0.0632428620476629,0.3085433234066361,system,3508.427208536
kurversc,rel-stack,user-badge,BINARY_CLASSIFICATION,0,,roc_auc,cpu,True,,,,,0.8776261751436912,,,,,,,,,,0.2955251738001032,0.9748355263157895,0.17339850784666838,0.8776261751436912,,,,,,,system,3193.0834827830004
kurversc,rel-trial,study-outcome,BINARY_CLASSIFICATION,0,,roc_auc,cpu,True,,,,,0.7121305679658083,,,,,,,,,,0.7750480490853097,0.6521212121212121,0.7398005439709883,0.7121305679658083,,,,,,,system,3242.6608768630003
kurversc,rel-trial,study-adverse,REGRESSION,0,,mae,cpu,True,,,,,41.270228944983955,,,,,,,,,,,,,,,,,0.42151922397327124,41.270228944983955,189.90616415006718,system,2600.33114489
kurversc,rel-trial,site-success,REGRESSION,0,,mae,cpu,True,,,,,0.40384203911881095,,,,,,,,,,,,,,,,,0.04750395870140922,0.40384203911881095,0.4696513552405469,system,1000.7158224640001
